SAMPLE	#FILE	SEQUENCE	START	END	STRAND	GENE	COVERAGE	COVERAGE_MAP	GAPS	%COVERAGE	%IDENTITY	DATABASE	ACCESSION	PRODUCT	RESISTANCE	GENE_CLEAN
SRR21621033	/home/user/ww_amr_batch/contigs/SRR21621033.contigs.fa	k141_119315	692	2167	+	msr(E)_1	1-1476/1476	===============	0/0	100.00	100.00	resfinder	FR751518	msr(E)	Azithromycin;Erythromycin;Pristinamycin_IA;Quinupristin;Virginiamycin_S	msr(E)
SRR21621033	/home/user/ww_amr_batch/contigs/SRR21621033.contigs.fa	k141_119315	2223	3107	+	mph(E)_1	1-885/885	===============	0/0	100.00	100.00	resfinder	DQ839391	mph(E)	Erythromycin	mph(E)
SRR21621033	/home/user/ww_amr_batch/contigs/SRR21621033.contigs.fa	k141_208497	1	606	-	aadA11_1	1-606/846	===========....	0/0	71.63	93.56	resfinder	AY144590	aadA11	Spectinomycin;Streptomycin	aadA11
SRR21621033	/home/user/ww_amr_batch/contigs/SRR21621033.contigs.fa	k141_208497	719	1549	-	blaOXA-4_1	1-831/831	===============	0/0	100.00	100.00	resfinder	AY162283	blaOXA-4		blaOXA-4
SRR21621033	/home/user/ww_amr_batch/contigs/SRR21621033.contigs.fa	k141_231613	735	1601	-	sul1_5	1-867/867	===============	0/0	100.00	99.89	resfinder	EU780013	sul1	Sulfamethoxazole	sul1
SRR21621033	/home/user/ww_amr_batch/contigs/SRR21621033.contigs.fa	k141_265531	230	1030	-	blaOXA-256_1	1-801/801	===============	0/0	100.00	100.00	resfinder	HE616889	blaOXA-256		blaOXA-256
SRR21621033	/home/user/ww_amr_batch/contigs/SRR21621033.contigs.fa	k141_267023	1	805	+	aph(6)-Id_1	33-837/837	===============	0/0	96.18	99.88	resfinder	M28829	aph(6)-Id	Streptomycin	aph(6)-Id
SRR21621033	/home/user/ww_amr_batch/contigs/SRR21621033.contigs.fa	k141_455828	767	1339	+	aph(3'')-Ib_2	2-574/804	===========....	0/0	71.27	100.00	resfinder	AF024602	aph(3'')-Ib	Streptomycin	aph(3'')-Ib
SRR21621033	/home/user/ww_amr_batch/contigs/SRR21621033.contigs.fa	k141_567706	1	794	+	tet(C)_3	378-1171/1191	....===========	0/0	66.67	99.75	resfinder	AF055345	tet(C)	Doxycycline;Tetracycline	tet(C)
SRR21621033	/home/user/ww_amr_batch/contigs/SRR21621033.contigs.fa	k141_570358	393	1203	+	ant(3'')-Ia_1	164-972/972	..======/======	1/2	83.23	99.63	resfinder	X02340	ant(3'')-Ia	Streptomycin	ant(3'')-Ia
SRR21621033	/home/user/ww_amr_batch/contigs/SRR21621033.contigs.fa	k141_576054	1	654	-	aadA2_1	7-660/819	=============..	0/0	79.85	99.85	resfinder	NC_010870	aadA2	Spectinomycin;Streptomycin	aadA2
SRR21621033	/home/user/ww_amr_batch/contigs/SRR21621033.contigs.fa	k141_589504	1	657	-	qnrS2_1	1-657/657	===============	0/0	100.00	100.00	resfinder	DQ485530	qnrS2	Ciprofloxacin	qnrS2
SRR21621033	/home/user/ww_amr_batch/contigs/SRR21621033.contigs.fa	k141_75635	15937	16677	+	blaIMP-5_1	1-741/741	===============	0/0	100.00	98.38	resfinder	AF290912	blaIMP-5	Amoxicillin;Amoxicillin+Clavulanic_acid;Ampicillin;Ampicillin+Clavulanic_acid;Cefepime;Cefixime;Cefotaxime;Cefoxitin;Ceftazidime;Ertapenem;Imipenem;Meropenem;Piperacillin;Piperacillin+Tazobactam	blaIMP-5
SRR21621034	/home/user/ww_amr_batch/contigs/SRR21621034.contigs.fa	k141_122050	1971	3446	+	msr(E)_1	1-1476/1476	===============	0/0	100.00	100.00	resfinder	FR751518	msr(E)	Azithromycin;Erythromycin;Pristinamycin_IA;Quinupristin;Virginiamycin_S	msr(E)
SRR21621034	/home/user/ww_amr_batch/contigs/SRR21621034.contigs.fa	k141_122050	3502	4199	+	mph(E)_1	1-698/885	============...	0/0	78.87	99.86	resfinder	DQ839391	mph(E)	Erythromycin	mph(E)
SRR21621034	/home/user/ww_amr_batch/contigs/SRR21621034.contigs.fa	k141_122436	87	657	+	aadA1_5	51-621/792	============...	0/0	72.10	99.65	resfinder	JX185132	aadA1	Spectinomycin;Streptomycin	aadA1
SRR21621034	/home/user/ww_amr_batch/contigs/SRR21621034.contigs.fa	k141_201608	1	573	-	mph(N)_1	1-573/909	==========.....	0/0	63.04	95.11	resfinder	KF648874	mph(N)	Erythromycin	mph(N)
SRR21621034	/home/user/ww_amr_batch/contigs/SRR21621034.contigs.fa	k141_394843	838	1704	-	sul1_5	1-867/867	===============	0/0	100.00	99.89	resfinder	EU780013	sul1	Sulfamethoxazole	sul1
SRR21621035	/home/user/ww_amr_batch/contigs/SRR21621035.contigs.fa	k141_103029	92	688	-	blaIMP-16_1	145-741/741	..=============	0/0	80.57	97.49	resfinder	AJ584652	blaIMP-16	Amoxicillin;Amoxicillin+Clavulanic_acid;Ampicillin;Ampicillin+Clavulanic_acid;Cefepime;Cefixime;Cefotaxime;Cefoxitin;Ceftazidime;Ertapenem;Imipenem;Meropenem;Piperacillin;Piperacillin+Tazobactam	blaIMP-16
SRR21621035	/home/user/ww_amr_batch/contigs/SRR21621035.contigs.fa	k141_119571	538	1368	-	blaOXA-4_1	1-831/831	===============	0/0	100.00	100.00	resfinder	AY162283	blaOXA-4		blaOXA-4
SRR21621035	/home/user/ww_amr_batch/contigs/SRR21621035.contigs.fa	k141_119571	1494	2298	-	ant(3'')-Ia_1	168-972/972	..=============	0/0	82.82	99.63	resfinder	X02340	ant(3'')-Ia	Streptomycin	ant(3'')-Ia
SRR21621035	/home/user/ww_amr_batch/contigs/SRR21621035.contigs.fa	k141_121494	1	677	-	aadA13_1	1-677/798	=============..	0/0	84.84	98.08	resfinder	AY713504	aadA13	Spectinomycin;Streptomycin	aadA13
SRR21621035	/home/user/ww_amr_batch/contigs/SRR21621035.contigs.fa	k141_142715	1857	3280	-	tet(Q)_1	503-1926/1926	...============	0/0	73.94	98.74	resfinder	L33696	tet(Q)	Doxycycline;Minocycline;Tetracycline	tet(Q)
SRR21621035	/home/user/ww_amr_batch/contigs/SRR21621035.contigs.fa	k141_165572	13	735	-	blaOXA-464_1	10-732/762	===============	0/0	94.88	82.57	resfinder	KU721146	blaOXA-464		blaOXA-464
SRR21621035	/home/user/ww_amr_batch/contigs/SRR21621035.contigs.fa	k141_178461	1	594	-	blaOXA-20_1	2-595/801	============...	0/0	74.16	100.00	resfinder	AY307114	blaOXA-20	Amoxicillin;Amoxicillin+Clavulanic_acid;Ampicillin;Ampicillin+Clavulanic_acid	blaOXA-20
SRR21621035	/home/user/ww_amr_batch/contigs/SRR21621035.contigs.fa	k141_18504	981	1865	-	mph(E)_1	1-885/885	===============	0/0	100.00	100.00	resfinder	DQ839391	mph(E)	Erythromycin	mph(E)
SRR21621035	/home/user/ww_amr_batch/contigs/SRR21621035.contigs.fa	k141_18504	1921	3396	-	msr(E)_1	1-1476/1476	===============	0/0	100.00	100.00	resfinder	FR751518	msr(E)	Azithromycin;Erythromycin;Pristinamycin_IA;Quinupristin;Virginiamycin_S	msr(E)
SRR21621035	/home/user/ww_amr_batch/contigs/SRR21621035.contigs.fa	k141_18512	189	1069	-	mph(A)_1	26-906/906	===============	0/0	97.24	99.89	resfinder	D16251	mph(A)	Azithromycin;Erythromycin;Spiramycin;Telithromycin	mph(A)
SRR21621035	/home/user/ww_amr_batch/contigs/SRR21621035.contigs.fa	k141_207334	1	481	+	erm(B)_1	258-738/738	.....==========	0/0	65.18	100.00	resfinder	JN899585	erm(B)	Clindamycin;Erythromycin;Lincomycin;Pristinamycin_IA;Quinupristin;Virginiamycin_S	erm(B)
SRR21621035	/home/user/ww_amr_batch/contigs/SRR21621035.contigs.fa	k141_21261	1	727	+	erm(F)_3	75-801/801	.==============	0/0	90.76	100.00	resfinder	M17808	erm(F)	Clindamycin;Erythromycin;Lincomycin;Pristinamycin_IA;Quinupristin;Virginiamycin_S	erm(F)
SRR21621035	/home/user/ww_amr_batch/contigs/SRR21621035.contigs.fa	k141_215594	1	697	+	sul2_2	120-816/816	..=============	0/0	85.42	100.00	resfinder	AY034138	sul2	Sulfamethoxazole	sul2
SRR21621035	/home/user/ww_amr_batch/contigs/SRR21621035.contigs.fa	k141_298788	1	631	-	blaOXA-10_1	1-631/801	============...	0/0	78.78	99.37	resfinder	J03427	blaOXA-10	Amoxicillin;Ampicillin;Aztreonam;Piperacillin;Piperacillin+Tazobactam	blaOXA-10
SRR21621035	/home/user/ww_amr_batch/contigs/SRR21621035.contigs.fa	k141_313027	1	505	-	blaOXA-46_1	1-505/801	==========.....	0/0	63.05	100.00	resfinder	AF317511	blaOXA-46	Amoxicillin;Ampicillin	blaOXA-46
SRR21621035	/home/user/ww_amr_batch/contigs/SRR21621035.contigs.fa	k141_336694	1	761	-	tet(X)_2	226-986/1167	..===========..	0/0	65.21	99.87	resfinder	M37699	tet(X)	Doxycycline;Minocycline;Tetracycline;Tigecycline	tet(X)
SRR21621035	/home/user/ww_amr_batch/contigs/SRR21621035.contigs.fa	k141_354667	1606	2408	+	aph(3'')-Ib_2	2-804/804	===============	0/0	99.88	100.00	resfinder	AF024602	aph(3'')-Ib	Streptomycin	aph(3'')-Ib
SRR21621035	/home/user/ww_amr_batch/contigs/SRR21621035.contigs.fa	k141_41444	1	852	+	cfxA6_1	145-996/996	..=============	0/0	85.54	96.60	resfinder	GQ342996	cfxA6		cfxA6
SRR21621035	/home/user/ww_amr_batch/contigs/SRR21621035.contigs.fa	k141_51527	740	1540	-	blaOXA-205_1	1-801/801	===============	0/0	100.00	99.00	resfinder	JF800667	blaOXA-205	Amoxicillin;Ampicillin;Piperacillin	blaOXA-205
SRR21621035	/home/user/ww_amr_batch/contigs/SRR21621035.contigs.fa	k141_57949	446	1312	-	sul1_5	1-867/867	===============	0/0	100.00	99.89	resfinder	EU780013	sul1	Sulfamethoxazole	sul1
SRR21621036	/home/user/ww_amr_batch/contigs/SRR21621036.contigs.fa	k141_102298	1019	1791	+	blaOXA-20_2	27-800/801	========/======	1/1	96.50	85.27	resfinder	AF024602	blaOXA-20	Amoxicillin;Amoxicillin+Clavulanic_acid;Ampicillin;Ampicillin+Clavulanic_acid	blaOXA-20
SRR21621036	/home/user/ww_amr_batch/contigs/SRR21621036.contigs.fa	k141_117484	398	1054	-	qnrS2_1	1-657/657	===============	0/0	100.00	100.00	resfinder	DQ485530	qnrS2	Ciprofloxacin	qnrS2
SRR21621036	/home/user/ww_amr_batch/contigs/SRR21621036.contigs.fa	k141_120779	346	1182	-	aph(6)-Id_1	1-837/837	===============	0/0	100.00	100.00	resfinder	M28829	aph(6)-Id	Streptomycin	aph(6)-Id
SRR21621036	/home/user/ww_amr_batch/contigs/SRR21621036.contigs.fa	k141_120779	1182	1752	-	aph(3'')-Ib_2	234-804/804	....===========	0/0	71.02	100.00	resfinder	AF024602	aph(3'')-Ib	Streptomycin	aph(3'')-Ib
SRR21621036	/home/user/ww_amr_batch/contigs/SRR21621036.contigs.fa	k141_155280	1	714	+	erm(B)_10	25-738/738	===============	0/0	96.75	100.00	resfinder	U86375	erm(B)	Clindamycin;Erythromycin;Lincomycin;Pristinamycin_IA;Quinupristin;Virginiamycin_S	erm(B)
SRR21621036	/home/user/ww_amr_batch/contigs/SRR21621036.contigs.fa	k141_176728	1014	1880	-	sul1_5	1-867/867	===============	0/0	100.00	99.89	resfinder	EU780013	sul1	Sulfamethoxazole	sul1
SRR21621036	/home/user/ww_amr_batch/contigs/SRR21621036.contigs.fa	k141_190200	1	591	+	mph(A)_1	167-757/906	..===========..	0/0	65.23	100.00	resfinder	D16251	mph(A)	Azithromycin;Erythromycin;Spiramycin;Telithromycin	mph(A)
SRR21621036	/home/user/ww_amr_batch/contigs/SRR21621036.contigs.fa	k141_206013	4	1929	-	tet(Q)_1	1-1926/1926	===============	0/0	100.00	97.04	resfinder	L33696	tet(Q)	Doxycycline;Minocycline;Tetracycline	tet(Q)
SRR21621036	/home/user/ww_amr_batch/contigs/SRR21621036.contigs.fa	k141_206477	1	635	-	cfxA3_1	38-672/966	===========....	0/0	65.73	97.17	resfinder	AF472622	cfxA3	Ampicillin	cfxA3
SRR21621036	/home/user/ww_amr_batch/contigs/SRR21621036.contigs.fa	k141_222006	92	671	-	aadA5_1	210-789/789	...============	0/0	73.51	100.00	resfinder	AF137361	aadA5	Spectinomycin;Streptomycin	aadA5
SRR21621036	/home/user/ww_amr_batch/contigs/SRR21621036.contigs.fa	k141_266263	227	1057	+	blaOXA-4_1	1-831/831	===============	0/0	100.00	100.00	resfinder	AY162283	blaOXA-4		blaOXA-4
SRR21621036	/home/user/ww_amr_batch/contigs/SRR21621036.contigs.fa	k141_267	633	1433	+	blaOXA-10_1	1-801/801	===============	0/0	100.00	99.38	resfinder	J03427	blaOXA-10	Amoxicillin;Ampicillin;Aztreonam;Piperacillin;Piperacillin+Tazobactam	blaOXA-10
SRR21621036	/home/user/ww_amr_batch/contigs/SRR21621036.contigs.fa	k141_270281	44	565	-	blaOXA-464_1	241-762/762	....===========	0/0	68.50	83.72	resfinder	KU721146	blaOXA-464		blaOXA-464
SRR21621036	/home/user/ww_amr_batch/contigs/SRR21621036.contigs.fa	k141_288960	173	691	-	blaIMP-28_1	223-741/741	....===========	0/0	70.04	98.07	resfinder	JQ407409	blaIMP-28	Amoxicillin;Amoxicillin+Clavulanic_acid;Ampicillin;Ampicillin+Clavulanic_acid;Cefepime;Cefixime;Cefotaxime;Cefoxitin;Ceftazidime;Ertapenem;Imipenem;Meropenem;Piperacillin;Piperacillin+Tazobactam	blaIMP-28
SRR21621036	/home/user/ww_amr_batch/contigs/SRR21621036.contigs.fa	k141_289132	267	1007	-	blaIMP-16_1	1-741/741	===============	0/0	100.00	100.00	resfinder	AJ584652	blaIMP-16	Amoxicillin;Amoxicillin+Clavulanic_acid;Ampicillin;Ampicillin+Clavulanic_acid;Cefepime;Cefixime;Cefotaxime;Cefoxitin;Ceftazidime;Ertapenem;Imipenem;Meropenem;Piperacillin;Piperacillin+Tazobactam	blaIMP-16
SRR21621036	/home/user/ww_amr_batch/contigs/SRR21621036.contigs.fa	k141_299040	482	1333	-	blaBEL-1_1	1-852/852	===============	0/0	100.00	99.18	resfinder	DQ089809	blaBEL-1	Amoxicillin;Amoxicillin+Clavulanic_acid;Ampicillin;Ampicillin+Clavulanic_acid;Cefotaxime;Cefoxitin;Ceftazidime;Piperacillin;Piperacillin+Tazobactam;Ticarcillin;Ticarcillin+Clavulanic_acid	blaBEL-1
SRR21621036	/home/user/ww_amr_batch/contigs/SRR21621036.contigs.fa	k141_307140	1	618	-	aadA10_2	1-618/834	============...	0/0	74.10	100.00	resfinder	AM087405	aadA10	Spectinomycin;Streptomycin	aadA10
SRR21621036	/home/user/ww_amr_batch/contigs/SRR21621036.contigs.fa	k141_309132	4130	4296	+	dfrB6_1	64-230/237	....===========	0/0	70.46	80.84	resfinder	DQ274503	dfrB6	Trimethoprim	dfrB6
SRR21621036	/home/user/ww_amr_batch/contigs/SRR21621036.contigs.fa	k141_312816	253	1052	+	blaOXA-20_2	2-801/801	===============	0/0	99.88	99.62	resfinder	AF024602	blaOXA-20	Amoxicillin;Amoxicillin+Clavulanic_acid;Ampicillin;Ampicillin+Clavulanic_acid	blaOXA-20
SRR21621036	/home/user/ww_amr_batch/contigs/SRR21621036.contigs.fa	k141_315791	1	536	-	mph(G)_1	1-536/885	==========.....	0/0	60.56	94.22	resfinder	AB571865	mph(G)	Erythromycin	mph(G)
SRR21621036	/home/user/ww_amr_batch/contigs/SRR21621036.contigs.fa	k141_385550	17	818	+	ant(3'')-Ia_1	171-972/972	..=============	0/0	82.51	97.38	resfinder	X02340	ant(3'')-Ia	Streptomycin	ant(3'')-Ia
SRR21621036	/home/user/ww_amr_batch/contigs/SRR21621036.contigs.fa	k141_408149	1	615	-	blaOXA-119_1	1-615/801	============...	0/0	76.78	99.02	resfinder	DQ767903	blaOXA-119		blaOXA-119
SRR21621036	/home/user/ww_amr_batch/contigs/SRR21621036.contigs.fa	k141_410089	1055	1939	-	mph(E)_1	1-885/885	===============	0/0	100.00	100.00	resfinder	DQ839391	mph(E)	Erythromycin	mph(E)
SRR21621036	/home/user/ww_amr_batch/contigs/SRR21621036.contigs.fa	k141_410089	1995	3470	-	msr(E)_1	1-1476/1476	===============	0/0	100.00	100.00	resfinder	FR751518	msr(E)	Azithromycin;Erythromycin;Pristinamycin_IA;Quinupristin;Virginiamycin_S	msr(E)
SRR21621036	/home/user/ww_amr_batch/contigs/SRR21621036.contigs.fa	k141_413716	1	1168	-	mef(C)_1	1-1168/1224	===============	0/0	95.42	91.52	resfinder	AB571865	mef(C)	Erythromycin	mef(C)
SRR21621036	/home/user/ww_amr_batch/contigs/SRR21621036.contigs.fa	k141_44158	1	761	+	erm(F)_3	41-801/801	===============	0/0	95.01	99.74	resfinder	M17808	erm(F)	Clindamycin;Erythromycin;Lincomycin;Pristinamycin_IA;Quinupristin;Virginiamycin_S	erm(F)
SRR21621036	/home/user/ww_amr_batch/contigs/SRR21621036.contigs.fa	k141_53622	413	1228	+	sul2_2	1-816/816	===============	0/0	100.00	100.00	resfinder	AY034138	sul2	Sulfamethoxazole	sul2
SRR21621036	/home/user/ww_amr_batch/contigs/SRR21621036.contigs.fa	k141_81767	288	1475	-	tet(39)_2	1-1188/1188	===============	0/0	100.00	99.92	resfinder	CP044518	tet(39)	Doxycycline;Tetracycline;Tigecycline	tet(39)
SRR21621037	/home/user/ww_amr_batch/contigs/SRR21621037.contigs.fa	k141_142466	67	867	-	blaOXA-119_1	1-801/801	===============	0/0	100.00	99.38	resfinder	DQ767903	blaOXA-119		blaOXA-119
SRR21621037	/home/user/ww_amr_batch/contigs/SRR21621037.contigs.fa	k141_144154	89	708	-	mph(G)_1	266-885/885	....===========	0/0	70.06	88.39	resfinder	AB571865	mph(G)	Erythromycin	mph(G)
SRR21621037	/home/user/ww_amr_batch/contigs/SRR21621037.contigs.fa	k141_155468	56	683	-	aph(3'')-Ib_2	177-804/804	...============	0/0	78.11	100.00	resfinder	AF024602	aph(3'')-Ib	Streptomycin	aph(3'')-Ib
SRR21621037	/home/user/ww_amr_batch/contigs/SRR21621037.contigs.fa	k141_167275	623	1330	+	blaOXA-464_1	10-717/762	===============	0/0	92.91	82.20	resfinder	KU721146	blaOXA-464		blaOXA-464
SRR21621037	/home/user/ww_amr_batch/contigs/SRR21621037.contigs.fa	k141_176332	1029	1895	-	sul1_5	1-867/867	===============	0/0	100.00	99.89	resfinder	EU780013	sul1	Sulfamethoxazole	sul1
SRR21621037	/home/user/ww_amr_batch/contigs/SRR21621037.contigs.fa	k141_176332	2373	3183	-	ant(3'')-Ia_1	164-972/972	..======/======	1/2	83.23	99.63	resfinder	X02340	ant(3'')-Ia	Streptomycin	ant(3'')-Ia
SRR21621037	/home/user/ww_amr_batch/contigs/SRR21621037.contigs.fa	k141_179590	1045	1929	-	mph(E)_1	1-885/885	===============	0/0	100.00	100.00	resfinder	DQ839391	mph(E)	Erythromycin	mph(E)
SRR21621037	/home/user/ww_amr_batch/contigs/SRR21621037.contigs.fa	k141_179590	1985	3460	-	msr(E)_1	1-1476/1476	===============	0/0	100.00	100.00	resfinder	FR751518	msr(E)	Azithromycin;Erythromycin;Pristinamycin_IA;Quinupristin;Virginiamycin_S	msr(E)
SRR21621037	/home/user/ww_amr_batch/contigs/SRR21621037.contigs.fa	k141_181596	3622	4243	+	blaOXA-20_2	1-622/801	============...	0/0	77.65	100.00	resfinder	AF024602	blaOXA-20	Amoxicillin;Amoxicillin+Clavulanic_acid;Ampicillin;Ampicillin+Clavulanic_acid	blaOXA-20
SRR21621037	/home/user/ww_amr_batch/contigs/SRR21621037.contigs.fa	k141_201418	542	1505	-	cfxA5_1	3-966/966	===============	0/0	99.79	99.48	resfinder	AY769934	cfxA5		cfxA5
SRR21621037	/home/user/ww_amr_batch/contigs/SRR21621037.contigs.fa	k141_285269	1	735	+	mph(A)_1	110-844/906	.=============.	0/0	81.13	100.00	resfinder	D16251	mph(A)	Azithromycin;Erythromycin;Spiramycin;Telithromycin	mph(A)
SRR21621037	/home/user/ww_amr_batch/contigs/SRR21621037.contigs.fa	k141_289996	214	740	+	blaOXA-256_1	1-527/801	==========.....	0/0	65.79	99.24	resfinder	HE616889	blaOXA-256		blaOXA-256
SRR21621037	/home/user/ww_amr_batch/contigs/SRR21621037.contigs.fa	k141_315362	1	651	+	blaIMP-33_1	91-741/741	.==============	0/0	87.85	99.54	resfinder	JN848782	blaIMP-33	Amoxicillin;Amoxicillin+Clavulanic_acid;Ampicillin;Ampicillin+Clavulanic_acid;Cefepime;Cefixime;Cefotaxime;Cefoxitin;Ceftazidime;Ertapenem;Imipenem;Meropenem;Piperacillin;Piperacillin+Tazobactam	blaIMP-33
SRR21621037	/home/user/ww_amr_batch/contigs/SRR21621037.contigs.fa	k141_31891	1	555	+	aph(6)-Id_1	283-837/837	.....==========	0/0	66.31	99.82	resfinder	M28829	aph(6)-Id	Streptomycin	aph(6)-Id
SRR21621037	/home/user/ww_amr_batch/contigs/SRR21621037.contigs.fa	k141_332473	1	763	-	erm(F)_3	1-763/801	===============	0/0	95.26	98.56	resfinder	M17808	erm(F)	Clindamycin;Erythromycin;Lincomycin;Pristinamycin_IA;Quinupristin;Virginiamycin_S	erm(F)
SRR21621037	/home/user/ww_amr_batch/contigs/SRR21621037.contigs.fa	k141_344435	110	940	-	blaOXA-4_1	1-831/831	===============	0/0	100.00	100.00	resfinder	AY162283	blaOXA-4		blaOXA-4
SRR21621037	/home/user/ww_amr_batch/contigs/SRR21621037.contigs.fa	k141_385708	1	826	+	mef(B)_1	107-932/1230	.===========...	0/0	67.15	97.82	resfinder	FJ196385	mef(B)	Azithromycin;Erythromycin	mef(B)
SRR21621037	/home/user/ww_amr_batch/contigs/SRR21621037.contigs.fa	k141_401561	82	822	-	blaIMP-16_1	1-741/741	===============	0/0	100.00	100.00	resfinder	AJ584652	blaIMP-16	Amoxicillin;Amoxicillin+Clavulanic_acid;Ampicillin;Ampicillin+Clavulanic_acid;Cefepime;Cefixime;Cefotaxime;Cefoxitin;Ceftazidime;Ertapenem;Imipenem;Meropenem;Piperacillin;Piperacillin+Tazobactam	blaIMP-16
SRR21621037	/home/user/ww_amr_batch/contigs/SRR21621037.contigs.fa	k141_62210	1159	3084	+	tet(Q)_1	1-1926/1926	===============	0/0	100.00	98.96	resfinder	L33696	tet(Q)	Doxycycline;Minocycline;Tetracycline	tet(Q)
SRR21621037	/home/user/ww_amr_batch/contigs/SRR21621037.contigs.fa	k141_66627	163	978	+	sul2_2	1-816/816	===============	0/0	100.00	100.00	resfinder	AY034138	sul2	Sulfamethoxazole	sul2
SRR21621037	/home/user/ww_amr_batch/contigs/SRR21621037.contigs.fa	k141_76344	317	1089	+	blaOXA-20_2	27-800/801	========/======	1/1	96.50	85.27	resfinder	AF024602	blaOXA-20	Amoxicillin;Amoxicillin+Clavulanic_acid;Ampicillin;Ampicillin+Clavulanic_acid	blaOXA-20
SRR21621038	/home/user/ww_amr_batch/contigs/SRR21621038.contigs.fa	k141_113375	261	1061	-	blaOXA-205_1	1-801/801	===============	0/0	100.00	97.25	resfinder	JF800667	blaOXA-205	Amoxicillin;Ampicillin;Piperacillin	blaOXA-205
SRR21621038	/home/user/ww_amr_batch/contigs/SRR21621038.contigs.fa	k141_136729	103	903	+	erm(F)_3	1-801/801	===============	0/0	100.00	99.75	resfinder	M17808	erm(F)	Clindamycin;Erythromycin;Lincomycin;Pristinamycin_IA;Quinupristin;Virginiamycin_S	erm(F)
SRR21621038	/home/user/ww_amr_batch/contigs/SRR21621038.contigs.fa	k141_151164	151	664	+	qnrS2_1	1-514/657	============...	0/0	78.23	100.00	resfinder	DQ485530	qnrS2	Ciprofloxacin	qnrS2
SRR21621038	/home/user/ww_amr_batch/contigs/SRR21621038.contigs.fa	k141_156221	1396	2280	-	mph(E)_1	1-885/885	===============	0/0	100.00	100.00	resfinder	DQ839391	mph(E)	Erythromycin	mph(E)
SRR21621038	/home/user/ww_amr_batch/contigs/SRR21621038.contigs.fa	k141_156221	2336	3811	-	msr(E)_1	1-1476/1476	===============	0/0	100.00	100.00	resfinder	FR751518	msr(E)	Azithromycin;Erythromycin;Pristinamycin_IA;Quinupristin;Virginiamycin_S	msr(E)
SRR21621038	/home/user/ww_amr_batch/contigs/SRR21621038.contigs.fa	k141_23723	326	1041	-	aadA11_1	131-846/846	..=============	0/0	84.63	99.72	resfinder	AY144590	aadA11	Spectinomycin;Streptomycin	aadA11
SRR21621038	/home/user/ww_amr_batch/contigs/SRR21621038.contigs.fa	k141_28608	35	835	-	blaOXA-256_1	1-801/801	===============	0/0	100.00	99.25	resfinder	HE616889	blaOXA-256		blaOXA-256
SRR21621038	/home/user/ww_amr_batch/contigs/SRR21621038.contigs.fa	k141_286454	7	497	-	blaOXA-20_1	2-492/801	==========.....	0/0	61.30	91.24	resfinder	AY307114	blaOXA-20	Amoxicillin;Amoxicillin+Clavulanic_acid;Ampicillin;Ampicillin+Clavulanic_acid	blaOXA-20
SRR21621038	/home/user/ww_amr_batch/contigs/SRR21621038.contigs.fa	k141_295269	1	817	+	tet(X)_2	303-1119/1167	...============	0/0	70.01	99.88	resfinder	M37699	tet(X)	Doxycycline;Minocycline;Tetracycline;Tigecycline	tet(X)
SRR21621038	/home/user/ww_amr_batch/contigs/SRR21621038.contigs.fa	k141_317584	159	920	+	aadA5_1	1-762/789	===============	0/0	96.58	100.00	resfinder	AF137361	aadA5	Spectinomycin;Streptomycin	aadA5
SRR21621038	/home/user/ww_amr_batch/contigs/SRR21621038.contigs.fa	k141_356183	120	922	+	ant(3'')-Ia_1	170-972/972	..=============	0/0	82.61	98.26	resfinder	X02340	ant(3'')-Ia	Streptomycin	ant(3'')-Ia
SRR21621038	/home/user/ww_amr_batch/contigs/SRR21621038.contigs.fa	k141_356183	1360	2226	+	sul1_5	1-867/867	===============	0/0	100.00	99.89	resfinder	EU780013	sul1	Sulfamethoxazole	sul1
SRR21621038	/home/user/ww_amr_batch/contigs/SRR21621038.contigs.fa	k141_364002	1	603	-	mph(G)_1	122-724/885	..===========..	0/0	68.14	97.68	resfinder	AB571865	mph(G)	Erythromycin	mph(G)
SRR21621038	/home/user/ww_amr_batch/contigs/SRR21621038.contigs.fa	k141_370522	663	829	+	dfrB6_1	64-230/237	....===========	0/0	70.46	81.44	resfinder	DQ274503	dfrB6	Trimethoprim	dfrB6
SRR21621038	/home/user/ww_amr_batch/contigs/SRR21621038.contigs.fa	k141_382670	1	548	+	blaGES-20_1	317-864/864	.....==========	0/0	63.43	99.82	resfinder	JN596280	blaGES-20	Amoxicillin;Amoxicillin+Clavulanic_acid;Ampicillin;Ampicillin+Clavulanic_acid;Cefoxitin;Ceftazidime;Piperacillin;Ticarcillin	blaGES-20
SRR21621038	/home/user/ww_amr_batch/contigs/SRR21621038.contigs.fa	k141_405703	1496	2268	+	blaOXA-20_2	27-800/801	========/======	1/1	96.50	85.27	resfinder	AF024602	blaOXA-20	Amoxicillin;Amoxicillin+Clavulanic_acid;Ampicillin;Ampicillin+Clavulanic_acid	blaOXA-20
SRR21621038	/home/user/ww_amr_batch/contigs/SRR21621038.contigs.fa	k141_431534	132	947	+	sul2_2	1-816/816	===============	0/0	100.00	100.00	resfinder	AY034138	sul2	Sulfamethoxazole	sul2
SRR21621038	/home/user/ww_amr_batch/contigs/SRR21621038.contigs.fa	k141_43244	380	2305	+	tet(Q)_1	1-1926/1926	===============	0/0	100.00	99.58	resfinder	L33696	tet(Q)	Doxycycline;Minocycline;Tetracycline	tet(Q)
SRR21621038	/home/user/ww_amr_batch/contigs/SRR21621038.contigs.fa	k141_437239	1	950	-	tet(39)_2	1-950/1188	============...	0/0	79.97	99.79	resfinder	CP044518	tet(39)	Doxycycline;Tetracycline;Tigecycline	tet(39)
SRR21621038	/home/user/ww_amr_batch/contigs/SRR21621038.contigs.fa	k141_52202	253	1083	-	blaOXA-4_1	1-831/831	===============	0/0	100.00	100.00	resfinder	AY162283	blaOXA-4		blaOXA-4
SRR21621038	/home/user/ww_amr_batch/contigs/SRR21621038.contigs.fa	k141_84484	1	747	+	aph(3'')-Ib_2	58-804/804	.==============	0/0	92.91	100.00	resfinder	AF024602	aph(3'')-Ib	Streptomycin	aph(3'')-Ib
SRR21621038	/home/user/ww_amr_batch/contigs/SRR21621038.contigs.fa	k141_84484	747	1583	+	aph(6)-Id_1	1-837/837	===============	0/0	100.00	100.00	resfinder	M28829	aph(6)-Id	Streptomycin	aph(6)-Id
SRR21621039	/home/user/ww_amr_batch/contigs/SRR21621039.contigs.fa	k141_114158	502	1332	+	blaOXA-4_1	1-831/831	===============	0/0	100.00	100.00	resfinder	AY162283	blaOXA-4		blaOXA-4
SRR21621039	/home/user/ww_amr_batch/contigs/SRR21621039.contigs.fa	k141_114158	1858	2724	+	sul1_5	1-867/867	===============	0/0	100.00	99.89	resfinder	EU780013	sul1	Sulfamethoxazole	sul1
SRR21621039	/home/user/ww_amr_batch/contigs/SRR21621039.contigs.fa	k141_130954	1	561	+	aadA5_1	229-789/789	....===========	0/0	71.10	100.00	resfinder	AF137361	aadA5	Spectinomycin;Streptomycin	aadA5
SRR21621039	/home/user/ww_amr_batch/contigs/SRR21621039.contigs.fa	k141_171088	4	575	-	blaOXA-5_1	1-572/804	===========....	0/0	71.14	88.99	resfinder	AF347074	blaOXA-5		blaOXA-5
SRR21621039	/home/user/ww_amr_batch/contigs/SRR21621039.contigs.fa	k141_212543	153	953	-	blaOXA-205_1	1-801/801	===============	0/0	100.00	99.13	resfinder	JF800667	blaOXA-205	Amoxicillin;Ampicillin;Piperacillin	blaOXA-205
SRR21621039	/home/user/ww_amr_batch/contigs/SRR21621039.contigs.fa	k141_212793	292	1042	-	tet(39)_1	372-1122/1122	....===========	0/0	66.93	100.00	resfinder	KT346360	tet(39)	Doxycycline;Tetracycline;Tigecycline	tet(39)
SRR21621039	/home/user/ww_amr_batch/contigs/SRR21621039.contigs.fa	k141_405383	125	571	-	erm(B)_1	292-738/738	.....==========	0/0	60.57	100.00	resfinder	JN899585	erm(B)	Clindamycin;Erythromycin;Lincomycin;Pristinamycin_IA;Quinupristin;Virginiamycin_S	erm(B)
SRR21621039	/home/user/ww_amr_batch/contigs/SRR21621039.contigs.fa	k141_469592	1	798	+	cfxA_1	58-855/966	==============.	0/0	82.61	99.75	resfinder	U38243	cfxA	Ampicillin;Cefoxitin	cfxA
SRR21621039	/home/user/ww_amr_batch/contigs/SRR21621039.contigs.fa	k141_488307	1	706	+	blaOXA-10_1	96-801/801	.==============	0/0	88.14	99.15	resfinder	J03427	blaOXA-10	Amoxicillin;Ampicillin;Aztreonam;Piperacillin;Piperacillin+Tazobactam	blaOXA-10
SRR21621039	/home/user/ww_amr_batch/contigs/SRR21621039.contigs.fa	k141_496928	1	675	+	aadA1_3	112-786/792	..=============	0/0	85.23	99.85	resfinder	JQ414041	aadA1	Spectinomycin;Streptomycin	aadA1
SRR21621039	/home/user/ww_amr_batch/contigs/SRR21621039.contigs.fa	k141_51379	247	987	-	blaIMP-33_1	1-741/741	===============	0/0	100.00	100.00	resfinder	JN848782	blaIMP-33	Amoxicillin;Amoxicillin+Clavulanic_acid;Ampicillin;Ampicillin+Clavulanic_acid;Cefepime;Cefixime;Cefotaxime;Cefoxitin;Ceftazidime;Ertapenem;Imipenem;Meropenem;Piperacillin;Piperacillin+Tazobactam	blaIMP-33
SRR21621039	/home/user/ww_amr_batch/contigs/SRR21621039.contigs.fa	k141_549114	40	565	-	erm(F)_3	276-801/801	.....==========	0/0	65.67	99.81	resfinder	M17808	erm(F)	Clindamycin;Erythromycin;Lincomycin;Pristinamycin_IA;Quinupristin;Virginiamycin_S	erm(F)
SRR21621039	/home/user/ww_amr_batch/contigs/SRR21621039.contigs.fa	k141_581396	599	2074	+	msr(E)_1	1-1476/1476	===============	0/0	100.00	100.00	resfinder	FR751518	msr(E)	Azithromycin;Erythromycin;Pristinamycin_IA;Quinupristin;Virginiamycin_S	msr(E)
SRR21621039	/home/user/ww_amr_batch/contigs/SRR21621039.contigs.fa	k141_581396	2130	3014	+	mph(E)_1	1-885/885	===============	0/0	100.00	100.00	resfinder	DQ839391	mph(E)	Erythromycin	mph(E)
SRR21621039	/home/user/ww_amr_batch/contigs/SRR21621039.contigs.fa	k141_6340	1	1472	-	tet(Q)_1	1-1472/1926	============...	0/0	76.43	99.86	resfinder	L33696	tet(Q)	Doxycycline;Minocycline;Tetracycline	tet(Q)
SRR21621039	/home/user/ww_amr_batch/contigs/SRR21621039.contigs.fa	k141_651377	1	780	-	aph(6)-Id_1	1-780/837	==============.	0/0	93.19	99.87	resfinder	M28829	aph(6)-Id	Streptomycin	aph(6)-Id
SRR21621040	/home/user/ww_amr_batch/contigs/SRR21621040.contigs.fa	k141_220601	6	811	-	mph(G)_1	28-833/885	===============	0/0	91.07	89.33	resfinder	AB571865	mph(G)	Erythromycin	mph(G)
SRR21621040	/home/user/ww_amr_batch/contigs/SRR21621040.contigs.fa	k141_283155	243	952	+	aph(6)-Id_1	1-710/837	=============..	0/0	84.83	100.00	resfinder	M28829	aph(6)-Id	Streptomycin	aph(6)-Id
SRR21621040	/home/user/ww_amr_batch/contigs/SRR21621040.contigs.fa	k141_304668	1	655	+	aadA11_2	43-697/792	==============.	0/0	82.70	98.17	resfinder	AJ567827	aadA11	Spectinomycin;Streptomycin	aadA11
SRR21621040	/home/user/ww_amr_batch/contigs/SRR21621040.contigs.fa	k141_310760	179	1402	+	mef(C)_1	1-1224/1224	===============	0/0	100.00	94.36	resfinder	AB571865	mef(C)	Erythromycin	mef(C)
SRR21621040	/home/user/ww_amr_batch/contigs/SRR21621040.contigs.fa	k141_401648	141	941	+	blaOXA-205_1	1-801/801	===============	0/0	100.00	100.00	resfinder	JF800667	blaOXA-205	Amoxicillin;Ampicillin;Piperacillin	blaOXA-205
SRR21621040	/home/user/ww_amr_batch/contigs/SRR21621040.contigs.fa	k141_436253	1	544	-	aph(3'')-Ib_2	2-545/804	===========....	0/0	67.66	100.00	resfinder	AF024602	aph(3'')-Ib	Streptomycin	aph(3'')-Ib
SRR21621040	/home/user/ww_amr_batch/contigs/SRR21621040.contigs.fa	k141_480763	1	487	+	erm(B)_1	252-738/738	.....==========	0/0	65.99	100.00	resfinder	JN899585	erm(B)	Clindamycin;Erythromycin;Lincomycin;Pristinamycin_IA;Quinupristin;Virginiamycin_S	erm(B)
SRR21621040	/home/user/ww_amr_batch/contigs/SRR21621040.contigs.fa	k141_512259	105	683	-	blaBEL-1_1	274-852/852	....===========	0/0	67.96	99.66	resfinder	DQ089809	blaBEL-1	Amoxicillin;Amoxicillin+Clavulanic_acid;Ampicillin;Ampicillin+Clavulanic_acid;Cefotaxime;Cefoxitin;Ceftazidime;Piperacillin;Piperacillin+Tazobactam;Ticarcillin;Ticarcillin+Clavulanic_acid	blaBEL-1
SRR21621040	/home/user/ww_amr_batch/contigs/SRR21621040.contigs.fa	k141_51420	219	1049	+	blaOXA-4_1	1-831/831	===============	0/0	100.00	100.00	resfinder	AY162283	blaOXA-4		blaOXA-4
SRR21621040	/home/user/ww_amr_batch/contigs/SRR21621040.contigs.fa	k141_525227	557	2032	+	msr(E)_1	1-1476/1476	===============	0/0	100.00	100.00	resfinder	FR751518	msr(E)	Azithromycin;Erythromycin;Pristinamycin_IA;Quinupristin;Virginiamycin_S	msr(E)
SRR21621040	/home/user/ww_amr_batch/contigs/SRR21621040.contigs.fa	k141_525227	2088	2972	+	mph(E)_1	1-885/885	===============	0/0	100.00	100.00	resfinder	DQ839391	mph(E)	Erythromycin	mph(E)
SRR21621040	/home/user/ww_amr_batch/contigs/SRR21621040.contigs.fa	k141_575462	27	866	+	aadA6_1	1-840/846	===============	0/0	99.29	99.41	resfinder	AF140629	aadA6	Spectinomycin;Streptomycin	aadA6
SRR21621040	/home/user/ww_amr_batch/contigs/SRR21621040.contigs.fa	k141_74551	1484	2224	-	blaIMP-5_1	1-741/741	===============	0/0	100.00	98.38	resfinder	AF290912	blaIMP-5	Amoxicillin;Amoxicillin+Clavulanic_acid;Ampicillin;Ampicillin+Clavulanic_acid;Cefepime;Cefixime;Cefotaxime;Cefoxitin;Ceftazidime;Ertapenem;Imipenem;Meropenem;Piperacillin;Piperacillin+Tazobactam	blaIMP-5
SRR21621040	/home/user/ww_amr_batch/contigs/SRR21621040.contigs.fa	k141_74939	595	1395	+	blaOXA-10_1	1-801/801	===============	0/0	100.00	99.50	resfinder	J03427	blaOXA-10	Amoxicillin;Ampicillin;Aztreonam;Piperacillin;Piperacillin+Tazobactam	blaOXA-10
SRR21621040	/home/user/ww_amr_batch/contigs/SRR21621040.contigs.fa	k141_74939	1392	2203	+	ant(3'')-Ia_1	161-972/972	..=============	0/0	83.54	99.51	resfinder	X02340	ant(3'')-Ia	Streptomycin	ant(3'')-Ia
SRR21621040	/home/user/ww_amr_batch/contigs/SRR21621040.contigs.fa	k141_74939	2681	3547	+	sul1_5	1-867/867	===============	0/0	100.00	99.89	resfinder	EU780013	sul1	Sulfamethoxazole	sul1
SRR21621040	/home/user/ww_amr_batch/contigs/SRR21621040.contigs.fa	k141_96690	268	1008	-	blaIMP-33_1	1-741/741	===============	0/0	100.00	99.73	resfinder	JN848782	blaIMP-33	Amoxicillin;Amoxicillin+Clavulanic_acid;Ampicillin;Ampicillin+Clavulanic_acid;Cefepime;Cefixime;Cefotaxime;Cefoxitin;Ceftazidime;Ertapenem;Imipenem;Meropenem;Piperacillin;Piperacillin+Tazobactam	blaIMP-33
SRR21621041	/home/user/ww_amr_batch/contigs/SRR21621041.contigs.fa	k141_161178	1	947	+	msr(E)_1	210-1156/1476	..==========...	0/0	64.16	100.00	resfinder	FR751518	msr(E)	Azithromycin;Erythromycin;Pristinamycin_IA;Quinupristin;Virginiamycin_S	msr(E)
SRR21621041	/home/user/ww_amr_batch/contigs/SRR21621041.contigs.fa	k141_171505	810	1582	-	blaOXA-20_2	27-800/801	========/======	1/1	96.50	85.14	resfinder	AF024602	blaOXA-20	Amoxicillin;Amoxicillin+Clavulanic_acid;Ampicillin;Ampicillin+Clavulanic_acid	blaOXA-20
SRR21621043	/home/user/ww_amr_batch/contigs/SRR21621043.contigs.fa	k141_145352	1118	1984	-	sul1_5	1-867/867	===============	0/0	100.00	99.89	resfinder	EU780013	sul1	Sulfamethoxazole	sul1
SRR21621043	/home/user/ww_amr_batch/contigs/SRR21621043.contigs.fa	k141_24939	1	516	-	sul2_11	1-516/816	==========.....	0/0	63.24	100.00	resfinder	AY232670	sul2	Sulfamethoxazole	sul2
SRR21621043	/home/user/ww_amr_batch/contigs/SRR21621043.contigs.fa	k141_261632	1	585	-	mph(E)_1	1-585/885	==========.....	0/0	66.10	100.00	resfinder	DQ839391	mph(E)	Erythromycin	mph(E)
SRR21621043	/home/user/ww_amr_batch/contigs/SRR21621043.contigs.fa	k141_261632	641	1540	-	msr(E)_1	577-1476/1476	.....==========	0/0	60.98	100.00	resfinder	FR751518	msr(E)	Azithromycin;Erythromycin;Pristinamycin_IA;Quinupristin;Virginiamycin_S	msr(E)
SRR21621043	/home/user/ww_amr_batch/contigs/SRR21621043.contigs.fa	k141_78898	280	1052	+	blaOXA-20_2	27-800/801	========/======	1/1	96.50	85.14	resfinder	AF024602	blaOXA-20	Amoxicillin;Amoxicillin+Clavulanic_acid;Ampicillin;Ampicillin+Clavulanic_acid	blaOXA-20
SRR21621045	/home/user/ww_amr_batch/contigs/SRR21621045.contigs.fa	k141_305265	665	1405	-	blaIMP-5_1	1-741/741	===============	0/0	100.00	98.11	resfinder	AF290912	blaIMP-5	Amoxicillin;Amoxicillin+Clavulanic_acid;Ampicillin;Ampicillin+Clavulanic_acid;Cefepime;Cefixime;Cefotaxime;Cefoxitin;Ceftazidime;Ertapenem;Imipenem;Meropenem;Piperacillin;Piperacillin+Tazobactam	blaIMP-5
SRR21621045	/home/user/ww_amr_batch/contigs/SRR21621045.contigs.fa	k141_356196	675	1204	-	sul1_14	311-840/840	.....==========	0/0	63.10	100.00	resfinder	AJ517791	sul1	Sulfamethoxazole	sul1
SRR21621047	/home/user/ww_amr_batch/contigs/SRR21621047.contigs.fa	k141_103616	743	1543	-	blaOXA-256_1	1-801/801	===============	0/0	100.00	99.25	resfinder	HE616889	blaOXA-256		blaOXA-256
SRR21621047	/home/user/ww_amr_batch/contigs/SRR21621047.contigs.fa	k141_134626	241	1498	+	tet(O)_2	1-1258/1920	==========.....	0/0	65.52	99.28	resfinder	M20925	tet(O)	Doxycycline;Minocycline;Tetracycline	tet(O)
SRR21621047	/home/user/ww_amr_batch/contigs/SRR21621047.contigs.fa	k141_148997	806	1672	+	sul1_5	1-867/867	===============	0/0	100.00	99.89	resfinder	EU780013	sul1	Sulfamethoxazole	sul1
SRR21621047	/home/user/ww_amr_batch/contigs/SRR21621047.contigs.fa	k141_29467	1	508	-	blaOXA-2_1	172-679/828	...==========..	0/0	61.35	100.00	resfinder	DQ112222	blaOXA-2	Amoxicillin;Amoxicillin+Clavulanic_acid;Ampicillin;Ampicillin+Clavulanic_acid;Ceftazidime;Piperacillin	blaOXA-2
SRR21621047	/home/user/ww_amr_batch/contigs/SRR21621047.contigs.fa	k141_326471	625	2100	+	msr(E)_1	1-1476/1476	===============	0/0	100.00	100.00	resfinder	FR751518	msr(E)	Azithromycin;Erythromycin;Pristinamycin_IA;Quinupristin;Virginiamycin_S	msr(E)
SRR21621047	/home/user/ww_amr_batch/contigs/SRR21621047.contigs.fa	k141_326471	2156	3040	+	mph(E)_1	1-885/885	===============	0/0	100.00	100.00	resfinder	DQ839391	mph(E)	Erythromycin	mph(E)
SRR21621047	/home/user/ww_amr_batch/contigs/SRR21621047.contigs.fa	k141_349484	703	1869	+	tet(X)_2	1-1167/1167	===============	0/0	100.00	99.91	resfinder	M37699	tet(X)	Doxycycline;Minocycline;Tetracycline;Tigecycline	tet(X)
SRR21621047	/home/user/ww_amr_batch/contigs/SRR21621047.contigs.fa	k141_349484	2082	2871	-	erm(F)_3	12-801/801	===============	0/0	98.63	99.87	resfinder	M17808	erm(F)	Clindamycin;Erythromycin;Lincomycin;Pristinamycin_IA;Quinupristin;Virginiamycin_S	erm(F)
SRR21621047	/home/user/ww_amr_batch/contigs/SRR21621047.contigs.fa	k141_395922	1221	3119	+	tet(Q)_1	1-1899/1926	===============	0/0	98.60	99.79	resfinder	L33696	tet(Q)	Doxycycline;Minocycline;Tetracycline	tet(Q)
SRR21621047	/home/user/ww_amr_batch/contigs/SRR21621047.contigs.fa	k141_423047	156	956	-	blaOXA-205_1	1-801/801	===============	0/0	100.00	99.13	resfinder	JF800667	blaOXA-205	Amoxicillin;Ampicillin;Piperacillin	blaOXA-205
SRR21621047	/home/user/ww_amr_batch/contigs/SRR21621047.contigs.fa	k141_49574	174	855	+	mph(G)_1	1-682/885	============...	0/0	77.06	95.31	resfinder	AB571865	mph(G)	Erythromycin	mph(G)
SRR21621047	/home/user/ww_amr_batch/contigs/SRR21621047.contigs.fa	k141_496498	1	560	+	aadA11_1	287-846/846	.....==========	0/0	66.19	100.00	resfinder	AY144590	aadA11	Spectinomycin;Streptomycin	aadA11
SRR21621047	/home/user/ww_amr_batch/contigs/SRR21621047.contigs.fa	k141_532446	89	688	+	aac(6')-Ib-cr_1	1-600/600	===============	0/0	100.00	99.50	resfinder	DQ303918	aac(6')-Ib-cr	Amikacin;Ciprofloxacin;Dibekacin;Fluoroquinolone;Netilmicin;Sisomicin;Tobramycin	aac(6')-Ib-cr
SRR21621047	/home/user/ww_amr_batch/contigs/SRR21621047.contigs.fa	k141_541935	1	752	+	tet(C)_3	440-1191/1191	.....==========	0/0	63.14	99.73	resfinder	AF055345	tet(C)	Doxycycline;Tetracycline	tet(C)
SRR21621047	/home/user/ww_amr_batch/contigs/SRR21621047.contigs.fa	k141_557175	215	977	+	erm(B)_18	1-762/762	========/======	1/1	100.00	99.34	resfinder	X66468	erm(B)	Clindamycin;Erythromycin;Lincomycin;Pristinamycin_IA;Quinupristin;Virginiamycin_S	erm(B)
SRR21621047	/home/user/ww_amr_batch/contigs/SRR21621047.contigs.fa	k141_574513	452	1282	-	blaOXA-4_1	1-831/831	===============	0/0	100.00	100.00	resfinder	AY162283	blaOXA-4		blaOXA-4
SRR21621047	/home/user/ww_amr_batch/contigs/SRR21621047.contigs.fa	k141_574513	1410	2100	-	aadA11_2	100-790/792	.==============	0/0	87.25	98.12	resfinder	AJ567827	aadA11	Spectinomycin;Streptomycin	aadA11
SRR21621047	/home/user/ww_amr_batch/contigs/SRR21621047.contigs.fa	k141_578555	1229	1885	+	qnrS2_1	1-657/657	===============	0/0	100.00	100.00	resfinder	DQ485530	qnrS2	Ciprofloxacin	qnrS2
SRR21621047	/home/user/ww_amr_batch/contigs/SRR21621047.contigs.fa	k141_57937	46	748	+	blaOXA-464_1	10-712/762	===============	0/0	92.26	81.22	resfinder	KU721146	blaOXA-464		blaOXA-464
SRR21621047	/home/user/ww_amr_batch/contigs/SRR21621047.contigs.fa	k141_592733	304	1140	-	aph(6)-Id_1	1-837/837	===============	0/0	100.00	99.88	resfinder	M28829	aph(6)-Id	Streptomycin	aph(6)-Id
SRR21621047	/home/user/ww_amr_batch/contigs/SRR21621047.contigs.fa	k141_592733	1140	1942	-	aph(3'')-Ib_2	2-804/804	===============	0/0	99.88	100.00	resfinder	AF024602	aph(3'')-Ib	Streptomycin	aph(3'')-Ib
SRR21621047	/home/user/ww_amr_batch/contigs/SRR21621047.contigs.fa	k141_82075	1	519	+	blaIMP-33_1	223-741/741	....===========	0/0	70.04	100.00	resfinder	JN848782	blaIMP-33	Amoxicillin;Amoxicillin+Clavulanic_acid;Ampicillin;Ampicillin+Clavulanic_acid;Cefepime;Cefixime;Cefotaxime;Cefoxitin;Ceftazidime;Ertapenem;Imipenem;Meropenem;Piperacillin;Piperacillin+Tazobactam	blaIMP-33
SRR21621048	/home/user/ww_amr_batch/contigs/SRR21621048.contigs.fa	k141_150350	414	1190	-	blaOXA-372_1	1-774/774	========/======	1/3	100.00	85.71	resfinder	KJ746496	blaOXA-372	Amoxicillin;Ampicillin;Ertapenem;Imipenem;Meropenem;Temocillin	blaOXA-372
SRR21621048	/home/user/ww_amr_batch/contigs/SRR21621048.contigs.fa	k141_177216	1	416	-	qnrS2_1	1-416/657	==========.....	0/0	63.32	100.00	resfinder	DQ485530	qnrS2	Ciprofloxacin	qnrS2
SRR21621048	/home/user/ww_amr_batch/contigs/SRR21621048.contigs.fa	k141_178028	1	821	-	tet(X)_2	13-833/1167	===========....	0/0	70.35	100.00	resfinder	M37699	tet(X)	Doxycycline;Minocycline;Tetracycline;Tigecycline	tet(X)
SRR21621048	/home/user/ww_amr_batch/contigs/SRR21621048.contigs.fa	k141_246474	2706	3572	-	sul1_5	1-867/867	===============	0/0	100.00	99.89	resfinder	EU780013	sul1	Sulfamethoxazole	sul1
SRR21621048	/home/user/ww_amr_batch/contigs/SRR21621048.contigs.fa	k141_251296	268	942	-	blaIMP-33_1	67-741/741	.==============	0/0	91.09	99.85	resfinder	JN848782	blaIMP-33	Amoxicillin;Amoxicillin+Clavulanic_acid;Ampicillin;Ampicillin+Clavulanic_acid;Cefepime;Cefixime;Cefotaxime;Cefoxitin;Ceftazidime;Ertapenem;Imipenem;Meropenem;Piperacillin;Piperacillin+Tazobactam	blaIMP-33
SRR21621048	/home/user/ww_amr_batch/contigs/SRR21621048.contigs.fa	k141_282035	2489	3241	-	blaOXA-464_1	10-762/762	===============	0/0	98.82	81.67	resfinder	KU721146	blaOXA-464		blaOXA-464
SRR21621048	/home/user/ww_amr_batch/contigs/SRR21621048.contigs.fa	k141_332103	1	640	-	blaBEL-1_1	17-656/852	============...	0/0	75.12	100.00	resfinder	DQ089809	blaBEL-1	Amoxicillin;Amoxicillin+Clavulanic_acid;Ampicillin;Ampicillin+Clavulanic_acid;Cefotaxime;Cefoxitin;Ceftazidime;Piperacillin;Piperacillin+Tazobactam;Ticarcillin;Ticarcillin+Clavulanic_acid	blaBEL-1
SRR21621048	/home/user/ww_amr_batch/contigs/SRR21621048.contigs.fa	k141_33908	1	568	+	aadA11_1	279-846/846	....===========	0/0	67.14	99.82	resfinder	AY144590	aadA11	Spectinomycin;Streptomycin	aadA11
SRR21621048	/home/user/ww_amr_batch/contigs/SRR21621048.contigs.fa	k141_34450	1	572	-	mph(G)_1	139-710/885	..===========..	0/0	64.63	88.81	resfinder	AB571865	mph(G)	Erythromycin	mph(G)
SRR21621048	/home/user/ww_amr_batch/contigs/SRR21621048.contigs.fa	k141_361915	2896	3726	+	blaOXA-4_1	1-831/831	===============	0/0	100.00	100.00	resfinder	AY162283	blaOXA-4		blaOXA-4
SRR21621048	/home/user/ww_amr_batch/contigs/SRR21621048.contigs.fa	k141_375765	2802	4587	+	tet(Q)_1	1-1786/1926	==============.	0/0	92.73	97.42	resfinder	L33696	tet(Q)	Doxycycline;Minocycline;Tetracycline	tet(Q)
SRR21621048	/home/user/ww_amr_batch/contigs/SRR21621048.contigs.fa	k141_388547	87	887	+	erm(F)_3	1-801/801	===============	0/0	100.00	99.88	resfinder	M17808	erm(F)	Clindamycin;Erythromycin;Lincomycin;Pristinamycin_IA;Quinupristin;Virginiamycin_S	erm(F)
SRR21621048	/home/user/ww_amr_batch/contigs/SRR21621048.contigs.fa	k141_400154	2674	3414	+	blaIMP-5_1	1-741/741	===============	0/0	100.00	98.38	resfinder	AF290912	blaIMP-5	Amoxicillin;Amoxicillin+Clavulanic_acid;Ampicillin;Ampicillin+Clavulanic_acid;Cefepime;Cefixime;Cefotaxime;Cefoxitin;Ceftazidime;Ertapenem;Imipenem;Meropenem;Piperacillin;Piperacillin+Tazobactam	blaIMP-5
SRR21621048	/home/user/ww_amr_batch/contigs/SRR21621048.contigs.fa	k141_43515	1	1114	+	tet(39)_1	9-1122/1122	===============	0/0	99.29	100.00	resfinder	KT346360	tet(39)	Doxycycline;Tetracycline;Tigecycline	tet(39)
SRR21621048	/home/user/ww_amr_batch/contigs/SRR21621048.contigs.fa	k141_508117	250	1061	-	ant(3'')-Ia_1	161-972/972	..=============	0/0	83.54	99.63	resfinder	X02340	ant(3'')-Ia	Streptomycin	ant(3'')-Ia
SRR21621048	/home/user/ww_amr_batch/contigs/SRR21621048.contigs.fa	k141_508117	1058	1858	-	blaOXA-101_1	1-801/801	===============	0/0	100.00	98.88	resfinder	AM412777	blaOXA-101	Amoxicillin;Ampicillin	blaOXA-101
SRR21621048	/home/user/ww_amr_batch/contigs/SRR21621048.contigs.fa	k141_525968	2818	3620	+	aph(3'')-Ib_2	2-804/804	===============	0/0	99.88	100.00	resfinder	AF024602	aph(3'')-Ib	Streptomycin	aph(3'')-Ib
SRR21621048	/home/user/ww_amr_batch/contigs/SRR21621048.contigs.fa	k141_525968	3620	4182	+	aph(6)-Id_1	1-563/837	===========....	0/0	67.26	100.00	resfinder	M28829	aph(6)-Id	Streptomycin	aph(6)-Id
SRR21621048	/home/user/ww_amr_batch/contigs/SRR21621048.contigs.fa	k141_5416	423	1388	-	cfxA3_1	1-966/966	===============	0/0	100.00	99.79	resfinder	AF472622	cfxA3	Ampicillin	cfxA3
SRR21621048	/home/user/ww_amr_batch/contigs/SRR21621048.contigs.fa	k141_542750	1717	3192	+	msr(E)_1	1-1476/1476	===============	0/0	100.00	100.00	resfinder	FR751518	msr(E)	Azithromycin;Erythromycin;Pristinamycin_IA;Quinupristin;Virginiamycin_S	msr(E)
SRR21621048	/home/user/ww_amr_batch/contigs/SRR21621048.contigs.fa	k141_542750	3248	4132	+	mph(E)_1	1-885/885	===============	0/0	100.00	100.00	resfinder	DQ839391	mph(E)	Erythromycin	mph(E)
SRR21621048	/home/user/ww_amr_batch/contigs/SRR21621048.contigs.fa	k141_547272	115	677	+	blaOXA-205_1	1-563/801	===========....	0/0	70.29	100.00	resfinder	JF800667	blaOXA-205	Amoxicillin;Ampicillin;Piperacillin	blaOXA-205
SRR27639468	/home/user/ww_amr_batch/contigs/SRR27639468.contigs.fa	k141_16390	1512	2987	+	msr(E)_1	1-1476/1476	===============	0/0	100.00	100.00	resfinder	FR751518	msr(E)	Azithromycin;Erythromycin;Pristinamycin_IA;Quinupristin;Virginiamycin_S	msr(E)
SRR27639468	/home/user/ww_amr_batch/contigs/SRR27639468.contigs.fa	k141_16390	3043	3927	+	mph(E)_1	1-885/885	===============	0/0	100.00	100.00	resfinder	DQ839391	mph(E)	Erythromycin	mph(E)
SRR27639468	/home/user/ww_amr_batch/contigs/SRR27639468.contigs.fa	k141_44150	1	727	+	sul1_15	114-840/840	..=============	0/0	86.55	100.00	resfinder	EF667294	sul1	Sulfamethoxazole	sul1
SRR27639469	/home/user/ww_amr_batch/contigs/SRR27639469.contigs.fa	k141_149005	1	710	+	blaOXA-58_1	134-843/843	..=============	0/0	84.22	100.00	resfinder	AY665723	blaOXA-58	Amoxicillin;Amoxicillin+Clavulanic_acid;Ampicillin;Ampicillin+Clavulanic_acid;Imipenem;Meropenem	blaOXA-58
SRR27639469	/home/user/ww_amr_batch/contigs/SRR27639469.contigs.fa	k141_168079	1	537	+	aadA8b_1	71-607/792	.===========...	0/0	67.80	96.83	resfinder	AY139603	aadA8b	Spectinomycin;Streptomycin	aadA8b
SRR27639469	/home/user/ww_amr_batch/contigs/SRR27639469.contigs.fa	k141_194623	154	788	+	aph(3'')-Ib_2	2-636/804	============...	0/0	78.98	100.00	resfinder	AF024602	aph(3'')-Ib	Streptomycin	aph(3'')-Ib
SRR27639469	/home/user/ww_amr_batch/contigs/SRR27639469.contigs.fa	k141_201970	794	1981	+	tet(39)_2	1-1188/1188	===============	0/0	100.00	99.92	resfinder	CP044518	tet(39)	Doxycycline;Tetracycline;Tigecycline	tet(39)
SRR27639469	/home/user/ww_amr_batch/contigs/SRR27639469.contigs.fa	k141_205967	134	1018	-	mph(E)_1	1-885/885	===============	0/0	100.00	100.00	resfinder	DQ839391	mph(E)	Erythromycin	mph(E)
SRR27639469	/home/user/ww_amr_batch/contigs/SRR27639469.contigs.fa	k141_205967	1074	2549	-	msr(E)_1	1-1476/1476	===============	0/0	100.00	100.00	resfinder	FR751518	msr(E)	Azithromycin;Erythromycin;Pristinamycin_IA;Quinupristin;Virginiamycin_S	msr(E)
SRR27639469	/home/user/ww_amr_batch/contigs/SRR27639469.contigs.fa	k141_33438	1	610	+	aph(6)-Id_1	228-837/837	....===========	0/0	72.88	99.84	resfinder	M28829	aph(6)-Id	Streptomycin	aph(6)-Id
SRR27639469	/home/user/ww_amr_batch/contigs/SRR27639469.contigs.fa	k141_67394	1	515	+	sul1_14	326-840/840	.....==========	0/0	61.31	100.00	resfinder	AJ517791	sul1	Sulfamethoxazole	sul1
SRR27639470	/home/user/ww_amr_batch/contigs/SRR27639470.contigs.fa	k141_113468	1	792	-	blaOXA-4_1	1-792/831	===============	0/0	95.31	100.00	resfinder	AY162283	blaOXA-4		blaOXA-4
SRR27639470	/home/user/ww_amr_batch/contigs/SRR27639470.contigs.fa	k141_117053	1	618	+	blaTEM-116_1	65-682/861	.===========...	0/0	71.78	99.35	resfinder	AY425988	blaTEM-116	Amoxicillin;Ampicillin;Cephalothin;Piperacillin;Ticarcillin	blaTEM-116
SRR27639470	/home/user/ww_amr_batch/contigs/SRR27639470.contigs.fa	k141_119734	4	1479	+	msr(E)_1	1-1476/1476	===============	0/0	100.00	100.00	resfinder	FR751518	msr(E)	Azithromycin;Erythromycin;Pristinamycin_IA;Quinupristin;Virginiamycin_S	msr(E)
SRR27639470	/home/user/ww_amr_batch/contigs/SRR27639470.contigs.fa	k141_119734	1535	2190	+	mph(E)_1	1-656/885	============...	0/0	74.12	100.00	resfinder	DQ839391	mph(E)	Erythromycin	mph(E)
SRR27639470	/home/user/ww_amr_batch/contigs/SRR27639470.contigs.fa	k141_133634	365	1231	-	sul1_5	1-867/867	===============	0/0	100.00	99.89	resfinder	EU780013	sul1	Sulfamethoxazole	sul1
SRR27639470	/home/user/ww_amr_batch/contigs/SRR27639470.contigs.fa	k141_133634	1709	2673	-	ant(3'')-Ia_1	1-972/972	========/======	3/7	99.28	98.87	resfinder	X02340	ant(3'')-Ia	Streptomycin	ant(3'')-Ia
SRR27639470	/home/user/ww_amr_batch/contigs/SRR27639470.contigs.fa	k141_142509	74	826	+	blaOXA-464_1	10-762/762	===============	0/0	98.82	81.41	resfinder	KU721146	blaOXA-464		blaOXA-464
SRR27639470	/home/user/ww_amr_batch/contigs/SRR27639470.contigs.fa	k141_163318	128	928	-	erm(F)_3	1-801/801	===============	0/0	100.00	99.75	resfinder	M17808	erm(F)	Clindamycin;Erythromycin;Lincomycin;Pristinamycin_IA;Quinupristin;Virginiamycin_S	erm(F)
SRR27639470	/home/user/ww_amr_batch/contigs/SRR27639470.contigs.fa	k141_247506	1099	3024	-	tet(Q)_1	1-1926/1926	===============	0/0	100.00	99.74	resfinder	L33696	tet(Q)	Doxycycline;Minocycline;Tetracycline	tet(Q)
SRR27639470	/home/user/ww_amr_batch/contigs/SRR27639470.contigs.fa	k141_421663	377	1179	-	aph(3'')-Ib_2	2-804/804	===============	0/0	99.88	100.00	resfinder	AF024602	aph(3'')-Ib	Streptomycin	aph(3'')-Ib
SRR27639470	/home/user/ww_amr_batch/contigs/SRR27639470.contigs.fa	k141_43143	34	834	-	blaOXA-10_1	1-801/801	===============	0/0	100.00	99.88	resfinder	J03427	blaOXA-10	Amoxicillin;Ampicillin;Aztreonam;Piperacillin;Piperacillin+Tazobactam	blaOXA-10
SRR27639470	/home/user/ww_amr_batch/contigs/SRR27639470.contigs.fa	k141_94990	60	629	-	blaIMP-16_1	172-741/741	...============	0/0	76.92	100.00	resfinder	AJ584652	blaIMP-16	Amoxicillin;Amoxicillin+Clavulanic_acid;Ampicillin;Ampicillin+Clavulanic_acid;Cefepime;Cefixime;Cefotaxime;Cefoxitin;Ceftazidime;Ertapenem;Imipenem;Meropenem;Piperacillin;Piperacillin+Tazobactam	blaIMP-16
SRR27639475	/home/user/ww_amr_batch/contigs/SRR27639475.contigs.fa	k141_68777	181	1065	-	mph(E)_1	1-885/885	===============	0/0	100.00	100.00	resfinder	DQ839391	mph(E)	Erythromycin	mph(E)
SRR27639476	/home/user/ww_amr_batch/contigs/SRR27639476.contigs.fa	k141_118968	1	1082	+	msr(E)_1	395-1476/1476	....===========	0/0	73.31	100.00	resfinder	FR751518	msr(E)	Azithromycin;Erythromycin;Pristinamycin_IA;Quinupristin;Virginiamycin_S	msr(E)
SRR27639476	/home/user/ww_amr_batch/contigs/SRR27639476.contigs.fa	k141_58792	1	593	+	mph(E)_1	293-885/885	....===========	0/0	67.01	99.83	resfinder	DQ839391	mph(E)	Erythromycin	mph(E)
SRR27639476	/home/user/ww_amr_batch/contigs/SRR27639476.contigs.fa	k141_7382	89	727	-	blaOXA-459_1	192-827/828	...=====/======	3/5	76.69	85.62	resfinder	KP903889	blaOXA-459		blaOXA-459
SRR27639477	/home/user/ww_amr_batch/contigs/SRR27639477.contigs.fa	k141_411817	384	1250	+	sul1_5	1-867/867	===============	0/0	100.00	99.89	resfinder	EU780013	sul1	Sulfamethoxazole	sul1
SRR29142450	/home/user/ww_amr_batch/contigs/SRR29142450.contigs.fa	k141_100909	1	578	-	ant(6)-Ia_3	1-578/867	===========....	0/0	66.67	99.83	resfinder	KF864551	ant(6)-Ia	Streptomycin	ant(6)-Ia
SRR29142450	/home/user/ww_amr_batch/contigs/SRR29142450.contigs.fa	k141_104386	14	928	-	blaAER-1_1	1-915/915	===============	0/0	100.00	98.80	resfinder	U14748	blaAER-1		blaAER-1
SRR29142450	/home/user/ww_amr_batch/contigs/SRR29142450.contigs.fa	k141_104803	171	644	+	dfrA1_8	1-474/474	===============	0/0	100.00	100.00	resfinder	X00926	dfrA1	Trimethoprim	dfrA1
SRR29142450	/home/user/ww_amr_batch/contigs/SRR29142450.contigs.fa	k141_104803	737	1542	+	aadA10_1	1-806/834	===============	0/0	96.64	99.26	resfinder	U37105	aadA10	Spectinomycin;Streptomycin	aadA10
SRR29142450	/home/user/ww_amr_batch/contigs/SRR29142450.contigs.fa	k141_110190	155	1375	+	ere(A)_6	1-1221/1221	===============	0/0	100.00	98.12	resfinder	DQ157752	ere(A)	Erythromycin	ere(A)
SRR29142450	/home/user/ww_amr_batch/contigs/SRR29142450.contigs.fa	k141_110885	595	1821	-	ere(D)_1	1-1227/1227	===============	0/0	100.00	96.66	resfinder	KP265721	ere(D)	Erythromycin	ere(D)
SRR29142450	/home/user/ww_amr_batch/contigs/SRR29142450.contigs.fa	k141_111986	1	522	-	lnu(B)_2	1-522/804	==========.....	0/0	64.93	98.47	resfinder	JQ861959	lnu(B)	Clindamycin;Lincomycin	lnu(B)
SRR29142450	/home/user/ww_amr_batch/contigs/SRR29142450.contigs.fa	k141_112213	126	931	+	aadA11_1	1-806/846	===============	0/0	95.27	99.88	resfinder	AY144590	aadA11	Spectinomycin;Streptomycin	aadA11
SRR29142450	/home/user/ww_amr_batch/contigs/SRR29142450.contigs.fa	k141_115057	217	999	+	blaNPS_1	1-783/783	===============	0/0	100.00	99.36	resfinder	AY027589	blaNPS	Amoxicillin;Ampicillin	blaNPS
SRR29142450	/home/user/ww_amr_batch/contigs/SRR29142450.contigs.fa	k141_115410	981	1865	-	mph(E)_1	1-885/885	===============	0/0	100.00	100.00	resfinder	DQ839391	mph(E)	Erythromycin	mph(E)
SRR29142450	/home/user/ww_amr_batch/contigs/SRR29142450.contigs.fa	k141_115410	1921	3396	-	msr(E)_1	1-1476/1476	===============	0/0	100.00	100.00	resfinder	FR751518	msr(E)	Azithromycin;Erythromycin;Pristinamycin_IA;Quinupristin;Virginiamycin_S	msr(E)
SRR29142450	/home/user/ww_amr_batch/contigs/SRR29142450.contigs.fa	k141_116180	2	600	-	mph(G)_1	1-599/885	===========....	0/0	67.68	88.98	resfinder	AB571865	mph(G)	Erythromycin	mph(G)
SRR29142450	/home/user/ww_amr_batch/contigs/SRR29142450.contigs.fa	k141_123525	202	924	+	blaOXA-490_1	10-732/762	===============	0/0	94.88	82.43	resfinder	KU721147	blaOXA-490		blaOXA-490
SRR29142450	/home/user/ww_amr_batch/contigs/SRR29142450.contigs.fa	k141_126870	346	853	-	blaOXA-347_1	318-825/825	.....==========	0/0	61.58	100.00	resfinder	ACWG01000053	blaOXA-347		blaOXA-347
SRR29142450	/home/user/ww_amr_batch/contigs/SRR29142450.contigs.fa	k141_127499	160	643	+	ampS_1	1-484/795	==========.....	0/0	60.88	94.22	resfinder	X80276	ampS		ampS
SRR29142450	/home/user/ww_amr_batch/contigs/SRR29142450.contigs.fa	k141_134870	1109	2296	+	tet(39)_2	1-1188/1188	===============	0/0	100.00	99.92	resfinder	CP044518	tet(39)	Doxycycline;Tetracycline;Tigecycline	tet(39)
SRR29142450	/home/user/ww_amr_batch/contigs/SRR29142450.contigs.fa	k141_140890	1	559	+	blaAER-1_1	345-903/915	.....==========	0/0	61.09	88.19	resfinder	U14748	blaAER-1		blaAER-1
SRR29142450	/home/user/ww_amr_batch/contigs/SRR29142450.contigs.fa	k141_140936	188	706	-	sul4_1	346-864/864	......=========	0/0	60.07	99.81	resfinder	MG649393	sul4	Sulfamethoxazole	sul4
SRR29142450	/home/user/ww_amr_batch/contigs/SRR29142450.contigs.fa	k141_14447	1	745	+	lnu(F)_1	78-822/822	.==============	0/0	90.63	97.99	resfinder	EU118119	lnu(F)	Lincomycin	lnu(F)
SRR29142450	/home/user/ww_amr_batch/contigs/SRR29142450.contigs.fa	k141_149372	29	871	+	tmexC3_1	1-843/1164	===========....	0/0	72.42	99.53	resfinder	LC633285	tmexC3	Doxycycline;Minocycline;Tetracycline;Tigecycline	tmexC3
SRR29142450	/home/user/ww_amr_batch/contigs/SRR29142450.contigs.fa	k141_154642	1	539	+	sul2_12	278-816/816	.....==========	0/0	66.05	100.00	resfinder	AF497970	sul2	Sulfamethoxazole	sul2
SRR29142450	/home/user/ww_amr_batch/contigs/SRR29142450.contigs.fa	k141_155546	890	1811	+	mph(A)_2	1-921/921	========/======	1/1	100.00	99.67	resfinder	U36578	mph(A)	Azithromycin;Erythromycin;Spiramycin;Telithromycin	mph(A)
SRR29142450	/home/user/ww_amr_batch/contigs/SRR29142450.contigs.fa	k141_155546	6006	6872	-	sul1_5	1-867/867	===============	0/0	100.00	99.89	resfinder	EU780013	sul1	Sulfamethoxazole	sul1
SRR29142450	/home/user/ww_amr_batch/contigs/SRR29142450.contigs.fa	k141_157662	1	1028	-	msr(D)_3	1-1028/1464	===========....	0/0	70.22	91.93	resfinder	AF227520	msr(D)	Azithromycin;Erythromycin;Pristinamycin_IA;Quinupristin;Telithromycin;Virginiamycin_S	msr(D)
SRR29142450	/home/user/ww_amr_batch/contigs/SRR29142450.contigs.fa	k141_157662	1151	1972	-	mef(A)_3	397-1218/1218	....===========	0/0	67.49	93.92	resfinder	AF227520	mef(A)	Azithromycin;Erythromycin	mef(A)
SRR29142450	/home/user/ww_amr_batch/contigs/SRR29142450.contigs.fa	k141_160025	8110	9297	-	FloR_9	1-1188/1215	========/======	2/2	97.70	80.32	resfinder	CP042967	FloR	Chloramphenicol;Florfenicol	FloR
SRR29142450	/home/user/ww_amr_batch/contigs/SRR29142450.contigs.fa	k141_169239	1	777	+	blaOXA-58_1	67-843/843	.==============	0/0	92.17	100.00	resfinder	AY665723	blaOXA-58	Amoxicillin;Amoxicillin+Clavulanic_acid;Ampicillin;Ampicillin+Clavulanic_acid;Imipenem;Meropenem	blaOXA-58
SRR29142450	/home/user/ww_amr_batch/contigs/SRR29142450.contigs.fa	k141_170700	1	522	+	aac(6')-IIa_1	34-555/555	===============	0/0	94.05	99.04	resfinder	M29695	aac(6')-IIa	Dibekacin;Gentamicin;Netilmicin;Sisomicin;Tobramycin	aac(6')-IIa
SRR29142450	/home/user/ww_amr_batch/contigs/SRR29142450.contigs.fa	k141_171536	364	1391	-	tet(40)_1	194-1221/1221	..=============	0/0	84.19	99.90	resfinder	FJ158002	tet(40)	Doxycycline;Tetracycline	tet(40)
SRR29142450	/home/user/ww_amr_batch/contigs/SRR29142450.contigs.fa	k141_173462	434	891	+	aac(3)-Ia_1	77-534/534	..=============	0/0	85.77	98.03	resfinder	X15852	aac(3)-Ia	Astromicin;Fortimicin;Gentamicin	aac(3)-Ia
SRR29142450	/home/user/ww_amr_batch/contigs/SRR29142450.contigs.fa	k141_174059	820	2739	-	tet(O)_1	1-1920/1920	===============	0/0	100.00	99.43	resfinder	M18896	tet(O)	Doxycycline;Minocycline;Tetracycline	tet(O)
SRR29142450	/home/user/ww_amr_batch/contigs/SRR29142450.contigs.fa	k141_177599	194	991	-	aadA7_1	1-798/798	===============	0/0	100.00	99.62	resfinder	AF224733	aadA7	Spectinomycin;Streptomycin	aadA7
SRR29142450	/home/user/ww_amr_batch/contigs/SRR29142450.contigs.fa	k141_178788	20	583	-	dfrA10_1	1-564/564	===============	0/0	100.00	100.00	resfinder	L06418	dfrA10	Trimethoprim	dfrA10
SRR29142450	/home/user/ww_amr_batch/contigs/SRR29142450.contigs.fa	k141_186451	1	1047	-	tet(E)_3	1-1047/1218	=============..	0/0	85.96	100.00	resfinder	CP000645	tet(E)	Doxycycline;Tetracycline	tet(E)
SRR29142450	/home/user/ww_amr_batch/contigs/SRR29142450.contigs.fa	k141_187425	111	873	-	erm(B)_18	1-762/762	========/======	1/1	100.00	99.08	resfinder	X66468	erm(B)	Clindamycin;Erythromycin;Lincomycin;Pristinamycin_IA;Quinupristin;Virginiamycin_S	erm(B)
SRR29142450	/home/user/ww_amr_batch/contigs/SRR29142450.contigs.fa	k141_188395	182	1018	-	aph(6)-Id_1	1-837/837	===============	0/0	100.00	100.00	resfinder	M28829	aph(6)-Id	Streptomycin	aph(6)-Id
SRR29142450	/home/user/ww_amr_batch/contigs/SRR29142450.contigs.fa	k141_188395	1018	1820	-	aph(3'')-Ib_2	2-804/804	===============	0/0	99.88	100.00	resfinder	AF024602	aph(3'')-Ib	Streptomycin	aph(3'')-Ib
SRR29142450	/home/user/ww_amr_batch/contigs/SRR29142450.contigs.fa	k141_19020	95	568	-	dfrA15_2	1-474/474	===============	0/0	100.00	100.00	resfinder	AF221900	dfrA15	Trimethoprim	dfrA15
SRR29142450	/home/user/ww_amr_batch/contigs/SRR29142450.contigs.fa	k141_19446	881	2800	+	tet(W)_5	1-1920/1920	===============	0/0	100.00	99.64	resfinder	AJ427422	tet(W)	Doxycycline;Minocycline;Tetracycline	tet(W)
SRR29142450	/home/user/ww_amr_batch/contigs/SRR29142450.contigs.fa	k141_19537	5727	6521	+	aph(3')-III_1	1-795/795	===============	0/0	100.00	100.00	resfinder	M26832	aph(3')-III	Amikacin;Butirosin;Isepamicin;Kanamycin;Lividomycin;Neomycin;Paromomycin;Ribostamycin	aph(3')-III
SRR29142450	/home/user/ww_amr_batch/contigs/SRR29142450.contigs.fa	k141_21140	56	844	+	aadA5_1	1-789/789	===============	0/0	100.00	99.62	resfinder	AF137361	aadA5	Spectinomycin;Streptomycin	aadA5
SRR29142450	/home/user/ww_amr_batch/contigs/SRR29142450.contigs.fa	k141_21946	15722	16687	-	cfxA3_1	1-966/966	===============	0/0	100.00	99.79	resfinder	AF472622	cfxA3	Ampicillin	cfxA3
SRR29142450	/home/user/ww_amr_batch/contigs/SRR29142450.contigs.fa	k141_24062	113	928	+	aph(3')-Ia_1	1-816/816	===============	0/0	100.00	99.63	resfinder	V00359	aph(3')-Ia	Kanamycin	aph(3')-Ia
SRR29142450	/home/user/ww_amr_batch/contigs/SRR29142450.contigs.fa	k141_25056	200	1084	-	mph(G)_1	1-885/885	===============	0/0	100.00	99.77	resfinder	AB571865	mph(G)	Erythromycin	mph(G)
SRR29142450	/home/user/ww_amr_batch/contigs/SRR29142450.contigs.fa	k141_25056	1089	2312	-	mef(C)_1	1-1224/1224	===============	0/0	100.00	99.92	resfinder	AB571865	mef(C)	Erythromycin	mef(C)
SRR29142450	/home/user/ww_amr_batch/contigs/SRR29142450.contigs.fa	k141_270	146	626	+	dfrA12_8	1-481/498	===============	0/0	96.59	97.30	resfinder	AM040708	dfrA12	Trimethoprim	dfrA12
SRR29142450	/home/user/ww_amr_batch/contigs/SRR29142450.contigs.fa	k141_271	715	1578	-	blaGES-1_1	1-864/864	===============	0/0	100.00	100.00	resfinder	HQ170511	blaGES-1	Amoxicillin;Amoxicillin+Clavulanic_acid;Ampicillin;Ampicillin+Clavulanic_acid;Cefoxitin;Ceftazidime;Piperacillin;Ticarcillin	blaGES-1
SRR29142450	/home/user/ww_amr_batch/contigs/SRR29142450.contigs.fa	k141_27461	1	949	-	TOprJ3_1	1-949/1434	==========.....	0/0	66.18	100.00	resfinder	LC633285	TOprJ3	Doxycycline;Minocycline;Tetracycline;Tigecycline	TOprJ3
SRR29142450	/home/user/ww_amr_batch/contigs/SRR29142450.contigs.fa	k141_28656	1	657	+	aac(3)-IId_1	205-861/861	...============	0/0	76.31	99.85	resfinder	EU022314	aac(3)-IId	Apramycin;Dibekacin;Gentamicin;Netilmicin;Sisomicin;Tobramycin	aac(3)-IId
SRR29142450	/home/user/ww_amr_batch/contigs/SRR29142450.contigs.fa	k141_28706	334	990	-	qnrVC1_1	1-657/657	===============	0/0	100.00	100.00	resfinder	EU436855	qnrVC1	Ciprofloxacin	qnrVC1
SRR29142450	/home/user/ww_amr_batch/contigs/SRR29142450.contigs.fa	k141_32325	1	567	+	blaOXA-46_1	157-723/801	..============.	0/0	70.79	99.82	resfinder	AF317511	blaOXA-46	Amoxicillin;Ampicillin	blaOXA-46
SRR29142450	/home/user/ww_amr_batch/contigs/SRR29142450.contigs.fa	k141_32790	149	1076	+	blaTLA-1_1	18-945/945	===============	0/0	98.20	100.00	resfinder	AF148067	blaTLA-1	Amoxicillin;Ampicillin;Aztreonam;Cefotaxime;Cefoxitin;Ceftazidime;Piperacillin	blaTLA-1
SRR29142450	/home/user/ww_amr_batch/contigs/SRR29142450.contigs.fa	k141_3564	301	957	+	qnrS2_1	1-657/657	===============	0/0	100.00	100.00	resfinder	DQ485530	qnrS2	Ciprofloxacin	qnrS2
SRR29142450	/home/user/ww_amr_batch/contigs/SRR29142450.contigs.fa	k141_36425	584	1066	-	dfrA14_5	1-483/483	===============	0/0	100.00	99.59	resfinder	DQ388123	dfrA14	Trimethoprim	dfrA14
SRR29142450	/home/user/ww_amr_batch/contigs/SRR29142450.contigs.fa	k141_36425	1125	1658	-	ant(2'')-Ia_1	1-534/534	===============	0/0	100.00	100.00	resfinder	X04555	ant(2'')-Ia	Gentamicin;Tobramycin	ant(2'')-Ia
SRR29142450	/home/user/ww_amr_batch/contigs/SRR29142450.contigs.fa	k141_36425	1803	2702	-	blaVEB-1_3	1-900/900	===============	0/0	100.00	99.89	resfinder	DQ393569	blaVEB-1	Amoxicillin;Amoxicillin+Clavulanic_acid;Ampicillin;Ampicillin+Clavulanic_acid;Aztreonam;Cefepime;Cefotaxime;Cefoxitin;Ceftazidime;Piperacillin;Piperacillin+Tazobactam;Ticarcillin;Ticarcillin+Clavulanic_acid	blaVEB-1
SRR29142450	/home/user/ww_amr_batch/contigs/SRR29142450.contigs.fa	k141_38864	2322	3116	-	blaOXA-427_1	1-795/795	===============	0/0	100.00	86.42	resfinder	KX827604	blaOXA-427	Amoxicillin;Ampicillin;Aztreonam;Cefepime;Ceftazidime;Ertapenem;Imipenem;Meropenem;Piperacillin;Piperacillin+Tazobactam;Temocillin	blaOXA-427
SRR29142450	/home/user/ww_amr_batch/contigs/SRR29142450.contigs.fa	k141_38953	1122	1922	-	erm(F)_3	1-801/801	===============	0/0	100.00	97.13	resfinder	M17808	erm(F)	Clindamycin;Erythromycin;Lincomycin;Pristinamycin_IA;Quinupristin;Virginiamycin_S	erm(F)
SRR29142450	/home/user/ww_amr_batch/contigs/SRR29142450.contigs.fa	k141_39523	47	852	-	ant(3'')-Ia_1	167-972/972	..=============	0/0	82.92	99.26	resfinder	X02340	ant(3'')-Ia	Streptomycin	ant(3'')-Ia
SRR29142450	/home/user/ww_amr_batch/contigs/SRR29142450.contigs.fa	k141_39523	875	1702	-	blaOXA-2_1	1-828/828	===============	0/0	100.00	100.00	resfinder	DQ112222	blaOXA-2	Amoxicillin;Amoxicillin+Clavulanic_acid;Ampicillin;Ampicillin+Clavulanic_acid;Ceftazidime;Piperacillin	blaOXA-2
SRR29142450	/home/user/ww_amr_batch/contigs/SRR29142450.contigs.fa	k141_40542	283	939	-	qnrVC4_1	1-657/657	===============	0/0	100.00	100.00	resfinder	GQ891757	qnrVC4	Ciprofloxacin	qnrVC4
SRR29142450	/home/user/ww_amr_batch/contigs/SRR29142450.contigs.fa	k141_43353	1329	1823	+	lnu(C)_1	1-495/495	===============	0/0	100.00	98.99	resfinder	AY928180	lnu(C)	Lincomycin	lnu(C)
SRR29142450	/home/user/ww_amr_batch/contigs/SRR29142450.contigs.fa	k141_48179	950	1889	-	tet(X)_1	228-1167/1167	..=============	0/0	80.55	99.79	resfinder	GU014535	tet(X)	Doxycycline;Minocycline;Tetracycline;Tigecycline	tet(X)
SRR29142450	/home/user/ww_amr_batch/contigs/SRR29142450.contigs.fa	k141_50607	1	642	+	blaOXA-280_1	187-828/828	...============	0/0	77.54	98.60	resfinder	APPZ01000001	blaOXA-280		blaOXA-280
SRR29142450	/home/user/ww_amr_batch/contigs/SRR29142450.contigs.fa	k141_52576	819	1718	+	mph(F)_1	1-900/900	===============	0/0	100.00	100.00	resfinder	AM260957	mph(F)	Erythromycin	mph(F)
SRR29142450	/home/user/ww_amr_batch/contigs/SRR29142450.contigs.fa	k141_54146	390	1334	-	blaBRO-2_1	1-945/945	===============	0/0	100.00	99.36	resfinder	Z54181	blaBRO-2	Amoxicillin;Ampicillin;Penicillin;Piperacillin	blaBRO-2
SRR29142450	/home/user/ww_amr_batch/contigs/SRR29142450.contigs.fa	k141_56917	1	577	+	aadA16_1	104-680/846	.============..	0/0	68.20	99.31	resfinder	EU675686	aadA16	Spectinomycin;Streptomycin	aadA16
SRR29142450	/home/user/ww_amr_batch/contigs/SRR29142450.contigs.fa	k141_63690	1	1030	-	mef(A)_1	100-1129/1218	.=============.	0/0	84.56	91.36	resfinder	AJ971089	mef(A)	Azithromycin;Erythromycin	mef(A)
SRR29142450	/home/user/ww_amr_batch/contigs/SRR29142450.contigs.fa	k141_66445	18	1470	-	msr(D)_3	1-1454/1464	========/======	1/1	99.25	91.40	resfinder	AF227520	msr(D)	Azithromycin;Erythromycin;Pristinamycin_IA;Quinupristin;Telithromycin;Virginiamycin_S	msr(D)
SRR29142450	/home/user/ww_amr_batch/contigs/SRR29142450.contigs.fa	k141_66445	1591	2808	-	mef(A)_4	1-1218/1218	===============	0/0	100.00	95.98	resfinder	HG423652	mef(A)	Azithromycin;Erythromycin	mef(A)
SRR29142450	/home/user/ww_amr_batch/contigs/SRR29142450.contigs.fa	k141_68090	1	1155	+	CmlA7_1	160-1314/1314	.==============	0/0	87.90	100.00	resfinder	JQ639792	CmlA7	Chloramphenicol	CmlA7
SRR29142450	/home/user/ww_amr_batch/contigs/SRR29142450.contigs.fa	k141_68090	1420	2220	+	blaOXA-10_1	1-801/801	===============	0/0	100.00	100.00	resfinder	J03427	blaOXA-10	Amoxicillin;Ampicillin;Aztreonam;Piperacillin;Piperacillin+Tazobactam	blaOXA-10
SRR29142450	/home/user/ww_amr_batch/contigs/SRR29142450.contigs.fa	k141_71055	399	1589	+	tet(C)_3	1-1191/1191	===============	0/0	100.00	99.83	resfinder	AF055345	tet(C)	Doxycycline;Tetracycline	tet(C)
SRR29142450	/home/user/ww_amr_batch/contigs/SRR29142450.contigs.fa	k141_79751	1600	3127	+	tet(Q)_1	1-1528/1926	============...	0/0	79.34	99.08	resfinder	L33696	tet(Q)	Doxycycline;Minocycline;Tetracycline	tet(Q)
SRR29142450	/home/user/ww_amr_batch/contigs/SRR29142450.contigs.fa	k141_82051	186	818	-	catB3_2	1-633/633	===============	0/0	100.00	100.00	resfinder	U13880	catB3	Chloramphenicol	catB3
SRR29142450	/home/user/ww_amr_batch/contigs/SRR29142450.contigs.fa	k141_82051	956	1786	-	blaOXA-1_1	1-831/831	===============	0/0	100.00	100.00	resfinder	HQ170510	blaOXA-1	Amoxicillin;Amoxicillin+Clavulanic_acid;Ampicillin;Ampicillin+Clavulanic_acid;Cefepime;Piperacillin;Piperacillin+Tazobactam	blaOXA-1
SRR29142450	/home/user/ww_amr_batch/contigs/SRR29142450.contigs.fa	k141_82058	193	997	-	aadA2_1	15-819/819	===============	0/0	98.29	99.75	resfinder	NC_010870	aadA2	Spectinomycin;Streptomycin	aadA2
SRR29142450	/home/user/ww_amr_batch/contigs/SRR29142450.contigs.fa	k141_91514	596	1326	-	blaOXA-209_1	1-731/825	========/=====.	6/10	88.00	82.06	resfinder	JF268688	blaOXA-209		blaOXA-209
SRR29142450	/home/user/ww_amr_batch/contigs/SRR29142450.contigs.fa	k141_95164	1	497	+	aac(6')-IIc_1	86-582/582	..=============	0/0	85.40	100.00	resfinder	NC_012555	aac(6')-IIc	Gentamicin;Tobramycin	aac(6')-IIc
SRR29142450	/home/user/ww_amr_batch/contigs/SRR29142450.contigs.fa	k141_97968	1355	2601	+	tet(A)_6	1-1247/1275	===============	0/0	97.80	99.92	resfinder	AF534183	tet(A)	Doxycycline;Tetracycline	tet(A)
SRR29142451	/home/user/ww_amr_batch/contigs/SRR29142451.contigs.fa	k141_101919	403	1062	-	catQ_1	1-660/660	===============	0/0	100.00	98.48	resfinder	M55620	catQ	Chloramphenicol	catQ
SRR29142451	/home/user/ww_amr_batch/contigs/SRR29142451.contigs.fa	k141_107264	1887	3848	+	tet(Q)_3	1-1963/1965	========/======	1/1	99.85	97.81	resfinder	U73497	tet(Q)	Doxycycline;Minocycline;Tetracycline	tet(Q)
SRR29142451	/home/user/ww_amr_batch/contigs/SRR29142451.contigs.fa	k141_107621	1	301	-	lnu(D)_1	1-301/495	==========.....	0/0	60.81	82.72	resfinder	EF452177	lnu(D)	Lincomycin	lnu(D)
SRR29142451	/home/user/ww_amr_batch/contigs/SRR29142451.contigs.fa	k141_109275	105	902	+	aadA7_1	1-798/798	===============	0/0	100.00	99.62	resfinder	AF224733	aadA7	Spectinomycin;Streptomycin	aadA7
SRR29142451	/home/user/ww_amr_batch/contigs/SRR29142451.contigs.fa	k141_110889	135	956	+	lnu(F)_2	1-822/822	===============	0/0	100.00	98.17	resfinder	DQ836009	lnu(F)	Lincomycin	lnu(F)
SRR29142451	/home/user/ww_amr_batch/contigs/SRR29142451.contigs.fa	k141_122128	1	730	+	lnu(F)_1	93-822/822	.==============	0/0	88.81	91.78	resfinder	EU118119	lnu(F)	Lincomycin	lnu(F)
SRR29142451	/home/user/ww_amr_batch/contigs/SRR29142451.contigs.fa	k141_134637	1458	2321	-	blaGES-2_1	1-864/864	===============	0/0	100.00	100.00	resfinder	AF326355	blaGES-2	Amoxicillin;Amoxicillin+Clavulanic_acid;Ampicillin;Ampicillin+Clavulanic_acid;Cefoxitin;Ceftazidime;Piperacillin;Ticarcillin	blaGES-2
SRR29142451	/home/user/ww_amr_batch/contigs/SRR29142451.contigs.fa	k141_143982	168	956	+	aadA5_1	1-789/789	===============	0/0	100.00	99.62	resfinder	AF137361	aadA5	Spectinomycin;Streptomycin	aadA5
SRR29142451	/home/user/ww_amr_batch/contigs/SRR29142451.contigs.fa	k141_145796	1	593	-	mph(G)_1	1-593/885	===========....	0/0	67.01	89.38	resfinder	AB571865	mph(G)	Erythromycin	mph(G)
SRR29142451	/home/user/ww_amr_batch/contigs/SRR29142451.contigs.fa	k141_147988	243	1043	+	blaOXA-46_1	1-801/801	===============	0/0	100.00	99.75	resfinder	AF317511	blaOXA-46	Amoxicillin;Ampicillin	blaOXA-46
SRR29142451	/home/user/ww_amr_batch/contigs/SRR29142451.contigs.fa	k141_148678	5619	6413	+	aph(3')-III_1	1-795/795	===============	0/0	100.00	100.00	resfinder	M26832	aph(3')-III	Amikacin;Butirosin;Isepamicin;Kanamycin;Lividomycin;Neomycin;Paromomycin;Ribostamycin	aph(3')-III
SRR29142451	/home/user/ww_amr_batch/contigs/SRR29142451.contigs.fa	k141_157683	18438	19625	+	FloR_9	1-1188/1215	========/======	2/2	97.70	80.32	resfinder	CP042967	FloR	Chloramphenicol;Florfenicol	FloR
SRR29142451	/home/user/ww_amr_batch/contigs/SRR29142451.contigs.fa	k141_160339	347	841	-	lnu(C)_1	1-495/495	===============	0/0	100.00	99.19	resfinder	AY928180	lnu(C)	Lincomycin	lnu(C)
SRR29142451	/home/user/ww_amr_batch/contigs/SRR29142451.contigs.fa	k141_163704	217	836	+	mph(F)_1	1-620/900	===========....	0/0	68.89	100.00	resfinder	AM260957	mph(F)	Erythromycin	mph(F)
SRR29142451	/home/user/ww_amr_batch/contigs/SRR29142451.contigs.fa	k141_168414	346	1146	-	blaOXA-10_1	1-801/801	===============	0/0	100.00	100.00	resfinder	J03427	blaOXA-10	Amoxicillin;Ampicillin;Aztreonam;Piperacillin;Piperacillin+Tazobactam	blaOXA-10
SRR29142451	/home/user/ww_amr_batch/contigs/SRR29142451.contigs.fa	k141_168414	1242	2462	-	ere(A)_6	1-1221/1221	===============	0/0	100.00	98.85	resfinder	DQ157752	ere(A)	Erythromycin	ere(A)
SRR29142451	/home/user/ww_amr_batch/contigs/SRR29142451.contigs.fa	k141_173395	241	896	+	qnrS2_1	1-656/657	===============	0/0	99.85	98.32	resfinder	DQ485530	qnrS2	Ciprofloxacin	qnrS2
SRR29142451	/home/user/ww_amr_batch/contigs/SRR29142451.contigs.fa	k141_176711	1	746	+	mef(B)_1	382-1127/1230	....==========.	0/0	60.65	96.92	resfinder	FJ196385	mef(B)	Azithromycin;Erythromycin	mef(B)
SRR29142451	/home/user/ww_amr_batch/contigs/SRR29142451.contigs.fa	k141_188123	63	1982	-	tet(O)_1	1-1920/1920	===============	0/0	100.00	99.79	resfinder	M18896	tet(O)	Doxycycline;Minocycline;Tetracycline	tet(O)
SRR29142451	/home/user/ww_amr_batch/contigs/SRR29142451.contigs.fa	k141_19507	119	789	-	aadA10_1	136-806/834	..=============	0/0	80.46	95.83	resfinder	U37105	aadA10	Spectinomycin;Streptomycin	aadA10
SRR29142451	/home/user/ww_amr_batch/contigs/SRR29142451.contigs.fa	k141_196853	82	1272	-	tet(C)_3	1-1191/1191	===============	0/0	100.00	99.83	resfinder	AF055345	tet(C)	Doxycycline;Tetracycline	tet(C)
SRR29142451	/home/user/ww_amr_batch/contigs/SRR29142451.contigs.fa	k141_202959	1894	2696	+	aph(3'')-Ib_2	2-804/804	===============	0/0	99.88	100.00	resfinder	AF024602	aph(3'')-Ib	Streptomycin	aph(3'')-Ib
SRR29142451	/home/user/ww_amr_batch/contigs/SRR29142451.contigs.fa	k141_202959	2696	3532	+	aph(6)-Id_1	1-837/837	===============	0/0	100.00	100.00	resfinder	M28829	aph(6)-Id	Streptomycin	aph(6)-Id
SRR29142451	/home/user/ww_amr_batch/contigs/SRR29142451.contigs.fa	k141_207526	1	511	-	aac(6')-Ib-cr_1	1-511/600	=============..	0/0	85.17	100.00	resfinder	DQ303918	aac(6')-Ib-cr	Amikacin;Ciprofloxacin;Dibekacin;Fluoroquinolone;Netilmicin;Sisomicin;Tobramycin	aac(6')-Ib-cr
SRR29142451	/home/user/ww_amr_batch/contigs/SRR29142451.contigs.fa	k141_211520	1	539	+	sul2_12	278-816/816	.....==========	0/0	66.05	100.00	resfinder	AF497970	sul2	Sulfamethoxazole	sul2
SRR29142451	/home/user/ww_amr_batch/contigs/SRR29142451.contigs.fa	k141_214810	40	881	-	tet(G)_2	335-1176/1176	....===========	0/0	71.60	98.58	resfinder	AF133140	tet(G)	Doxycycline;Tetracycline	tet(G)
SRR29142451	/home/user/ww_amr_batch/contigs/SRR29142451.contigs.fa	k141_218146	1548	2375	+	blaOXA-2_1	1-828/828	===============	0/0	100.00	100.00	resfinder	DQ112222	blaOXA-2	Amoxicillin;Amoxicillin+Clavulanic_acid;Ampicillin;Ampicillin+Clavulanic_acid;Ceftazidime;Piperacillin	blaOXA-2
SRR29142451	/home/user/ww_amr_batch/contigs/SRR29142451.contigs.fa	k141_218146	2398	3203	+	ant(3'')-Ia_1	167-972/972	..=============	0/0	82.92	99.26	resfinder	X02340	ant(3'')-Ia	Streptomycin	ant(3'')-Ia
SRR29142451	/home/user/ww_amr_batch/contigs/SRR29142451.contigs.fa	k141_219313	175	1092	-	blaROB-1_1	1-918/918	===============	0/0	100.00	99.89	resfinder	DQ840517	blaROB-1	Amoxicillin;Ampicillin;Penicillin	blaROB-1
SRR29142451	/home/user/ww_amr_batch/contigs/SRR29142451.contigs.fa	k141_221223	1	721	+	cml_1	200-909/909	...=====/======	15/21	77.56	96.01	resfinder	M22614	cml	Chloramphenicol	cml
SRR29142451	/home/user/ww_amr_batch/contigs/SRR29142451.contigs.fa	k141_222889	1525	3000	+	msr(E)_1	1-1476/1476	===============	0/0	100.00	100.00	resfinder	FR751518	msr(E)	Azithromycin;Erythromycin;Pristinamycin_IA;Quinupristin;Virginiamycin_S	msr(E)
SRR29142451	/home/user/ww_amr_batch/contigs/SRR29142451.contigs.fa	k141_222889	3056	3940	+	mph(E)_1	1-885/885	===============	0/0	100.00	100.00	resfinder	DQ839391	mph(E)	Erythromycin	mph(E)
SRR29142451	/home/user/ww_amr_batch/contigs/SRR29142451.contigs.fa	k141_223070	64	1277	+	CmlA9_1	1-1214/1215	===============	0/0	99.92	99.75	resfinder	JN406319	CmlA9	Chloramphenicol	CmlA9
SRR29142451	/home/user/ww_amr_batch/contigs/SRR29142451.contigs.fa	k141_229110	874	1818	-	blaBRO-2_1	1-945/945	===============	0/0	100.00	98.31	resfinder	Z54181	blaBRO-2	Amoxicillin;Ampicillin;Penicillin;Piperacillin	blaBRO-2
SRR29142451	/home/user/ww_amr_batch/contigs/SRR29142451.contigs.fa	k141_229881	48	914	+	ant(6)-Ia_3	1-867/867	===============	0/0	100.00	100.00	resfinder	KF864551	ant(6)-Ia	Streptomycin	ant(6)-Ia
SRR29142451	/home/user/ww_amr_batch/contigs/SRR29142451.contigs.fa	k141_230811	763	1407	+	qnrB19_1	1-645/645	===============	0/0	100.00	100.00	resfinder	EU432277	qnrB19	Ciprofloxacin	qnrB19
SRR29142451	/home/user/ww_amr_batch/contigs/SRR29142451.contigs.fa	k141_233366	179	1024	-	aadA11_1	1-846/846	===============	0/0	100.00	100.00	resfinder	AY144590	aadA11	Spectinomycin;Streptomycin	aadA11
SRR29142451	/home/user/ww_amr_batch/contigs/SRR29142451.contigs.fa	k141_235403	1109	2359	-	cfr(C)_2	1-1251/1251	===============	0/0	100.00	99.92	resfinder	CANB01000378	cfr(C)	Chloramphenicol;Clindamycin;Dalfopristin;Florfenicol;Lincomycin;Linezolid;Pristinamycin_IIA;Tiamulin;Virginiamycin_M	cfr(C)
SRR29142451	/home/user/ww_amr_batch/contigs/SRR29142451.contigs.fa	k141_235403	2672	3421	-	erm(B)_18	13-762/762	===============	0/0	98.43	99.47	resfinder	X66468	erm(B)	Clindamycin;Erythromycin;Lincomycin;Pristinamycin_IA;Quinupristin;Virginiamycin_S	erm(B)
SRR29142451	/home/user/ww_amr_batch/contigs/SRR29142451.contigs.fa	k141_238686	179	982	-	lnu(B)_2	1-804/804	===============	0/0	100.00	99.38	resfinder	JQ861959	lnu(B)	Clindamycin;Lincomycin	lnu(B)
SRR29142451	/home/user/ww_amr_batch/contigs/SRR29142451.contigs.fa	k141_252172	2337	3258	-	mph(A)_2	1-921/921	========/======	1/1	100.00	99.67	resfinder	U36578	mph(A)	Azithromycin;Erythromycin;Spiramycin;Telithromycin	mph(A)
SRR29142451	/home/user/ww_amr_batch/contigs/SRR29142451.contigs.fa	k141_255342	135	904	+	ere(D)_1	1-770/1227	==========.....	0/0	62.75	98.83	resfinder	KP265721	ere(D)	Erythromycin	ere(D)
SRR29142451	/home/user/ww_amr_batch/contigs/SRR29142451.contigs.fa	k141_31641	474	1382	+	ant(6)-Ia_1	1-909/909	===============	0/0	100.00	100.00	resfinder	AF330699	ant(6)-Ia	Streptomycin	ant(6)-Ia
SRR29142451	/home/user/ww_amr_batch/contigs/SRR29142451.contigs.fa	k141_32097	20	676	-	qnrVC1_1	1-657/657	===============	0/0	100.00	99.85	resfinder	EU436855	qnrVC1	Ciprofloxacin	qnrVC1
SRR29142451	/home/user/ww_amr_batch/contigs/SRR29142451.contigs.fa	k141_46880	1426	2574	+	lsa(E)_1	1-1149/1485	============...	0/0	77.37	98.87	resfinder	JX560992	lsa(E)	Clindamycin;Dalfopristin;Lincomycin;Pristinamycin_IIA;Tiamulin;Virginiamycin_M	lsa(E)
SRR29142451	/home/user/ww_amr_batch/contigs/SRR29142451.contigs.fa	k141_4963	52	1298	-	tet(A)_6	1-1247/1275	===============	0/0	97.80	100.00	resfinder	AF534183	tet(A)	Doxycycline;Tetracycline	tet(A)
SRR29142451	/home/user/ww_amr_batch/contigs/SRR29142451.contigs.fa	k141_61862	397	1518	+	mef(A)_4	1-1123/1218	========/=====.	1/1	92.12	97.77	resfinder	HG423652	mef(A)	Azithromycin;Erythromycin	mef(A)
SRR29142451	/home/user/ww_amr_batch/contigs/SRR29142451.contigs.fa	k141_70888	3058	4977	-	tet(W)_5	1-1920/1920	===============	0/0	100.00	100.00	resfinder	AJ427422	tet(W)	Doxycycline;Minocycline;Tetracycline	tet(W)
SRR29142451	/home/user/ww_amr_batch/contigs/SRR29142451.contigs.fa	k141_74045	149	1042	+	tet(40)_1	1-894/1221	===========....	0/0	73.22	99.22	resfinder	FJ158002	tet(40)	Doxycycline;Tetracycline	tet(40)
SRR29142451	/home/user/ww_amr_batch/contigs/SRR29142451.contigs.fa	k141_76179	1147	2334	-	tet(39)_2	1-1188/1188	===============	0/0	100.00	99.92	resfinder	CP044518	tet(39)	Doxycycline;Tetracycline;Tigecycline	tet(39)
SRR29142451	/home/user/ww_amr_batch/contigs/SRR29142451.contigs.fa	k141_77036	107	943	-	mef(A)_3	382-1218/1218	....===========	0/0	68.72	95.34	resfinder	AF227520	mef(A)	Azithromycin;Erythromycin	mef(A)
SRR29142451	/home/user/ww_amr_batch/contigs/SRR29142451.contigs.fa	k141_78058	345	1173	+	cfxA_1	1-829/966	=============..	0/0	85.82	100.00	resfinder	U38243	cfxA	Ampicillin;Cefoxitin	cfxA
SRR29142451	/home/user/ww_amr_batch/contigs/SRR29142451.contigs.fa	k141_79848	737	1603	-	sul1_5	1-867/867	===============	0/0	100.00	99.89	resfinder	EU780013	sul1	Sulfamethoxazole	sul1
SRR29142451	/home/user/ww_amr_batch/contigs/SRR29142451.contigs.fa	k141_79848	2074	2706	-	catB3_2	1-633/633	===============	0/0	100.00	100.00	resfinder	U13880	catB3	Chloramphenicol	catB3
SRR29142451	/home/user/ww_amr_batch/contigs/SRR29142451.contigs.fa	k141_79848	2844	3674	-	blaOXA-1_1	1-831/831	===============	0/0	100.00	99.88	resfinder	HQ170510	blaOXA-1	Amoxicillin;Amoxicillin+Clavulanic_acid;Ampicillin;Ampicillin+Clavulanic_acid;Cefepime;Piperacillin;Piperacillin+Tazobactam	blaOXA-1
SRR29142451	/home/user/ww_amr_batch/contigs/SRR29142451.contigs.fa	k141_89910	1	733	+	blaOXA-205_1	69-801/801	.==============	0/0	91.51	96.86	resfinder	JF800667	blaOXA-205	Amoxicillin;Ampicillin;Piperacillin	blaOXA-205
SRR29142451	/home/user/ww_amr_batch/contigs/SRR29142451.contigs.fa	k141_93011	362	1585	+	mef(C)_1	1-1224/1224	===============	0/0	100.00	99.92	resfinder	AB571865	mef(C)	Erythromycin	mef(C)
SRR29142451	/home/user/ww_amr_batch/contigs/SRR29142451.contigs.fa	k141_93011	1590	2474	+	mph(G)_1	1-885/885	===============	0/0	100.00	99.55	resfinder	AB571865	mph(G)	Erythromycin	mph(G)
SRR29142451	/home/user/ww_amr_batch/contigs/SRR29142451.contigs.fa	k141_9508	1	601	+	blaOXA-490_1	35-635/762	=============..	0/0	78.87	82.53	resfinder	KU721147	blaOXA-490		blaOXA-490
SRR2938125	/home/user/ww_amr_batch/contigs/SRR2938125.contigs.fa	k141_1028	1	1149	+	msr(E)_1	328-1476/1476	...============	0/0	77.85	100.00	resfinder	FR751518	msr(E)	Azithromycin;Erythromycin;Pristinamycin_IA;Quinupristin;Virginiamycin_S	msr(E)
SRR2938126	/home/user/ww_amr_batch/contigs/SRR2938126.contigs.fa	k141_1436	1	670	-	sul1_5	1-670/867	============...	0/0	77.28	99.85	resfinder	EU780013	sul1	Sulfamethoxazole	sul1
SRR2938127	/home/user/ww_amr_batch/contigs/SRR2938127.contigs.fa	k141_16390	479	1345	+	sul1_5	1-867/867	===============	0/0	100.00	99.89	resfinder	EU780013	sul1	Sulfamethoxazole	sul1
SRR2938127	/home/user/ww_amr_batch/contigs/SRR2938127.contigs.fa	k141_21452	1	516	-	lnu(F)_3	81-596/822	.==========....	0/0	62.77	99.61	resfinder	AJ561197	lnu(F)	Lincomycin	lnu(F)
SRR2938127	/home/user/ww_amr_batch/contigs/SRR2938127.contigs.fa	k141_23478	6338	7140	+	aph(3'')-Ib_2	2-804/804	===============	0/0	99.88	100.00	resfinder	AF024602	aph(3'')-Ib	Streptomycin	aph(3'')-Ib
SRR2938127	/home/user/ww_amr_batch/contigs/SRR2938127.contigs.fa	k141_23478	7140	7976	+	aph(6)-Id_1	1-837/837	===============	0/0	100.00	100.00	resfinder	M28829	aph(6)-Id	Streptomycin	aph(6)-Id
SRR2938127	/home/user/ww_amr_batch/contigs/SRR2938127.contigs.fa	k141_23996	1	943	-	tet(C)_2	1-943/1176	=============..	0/0	80.19	99.89	resfinder	AY046276	tet(C)	Doxycycline;Tetracycline	tet(C)
SRR2938127	/home/user/ww_amr_batch/contigs/SRR2938127.contigs.fa	k141_8994	1	678	+	sul2_2	139-816/816	..=============	0/0	83.09	100.00	resfinder	AY034138	sul2	Sulfamethoxazole	sul2
SRR2938128	/home/user/ww_amr_batch/contigs/SRR2938128.contigs.fa	k141_11161	2275	3141	-	sul1_5	1-867/867	===============	0/0	100.00	99.89	resfinder	EU780013	sul1	Sulfamethoxazole	sul1
SRR2938128	/home/user/ww_amr_batch/contigs/SRR2938128.contigs.fa	k141_20858	14296	15111	-	sul2_2	1-816/816	===============	0/0	100.00	100.00	resfinder	AY034138	sul2	Sulfamethoxazole	sul2
SRR2938129	/home/user/ww_amr_batch/contigs/SRR2938129.contigs.fa	k141_12969	565	1209	+	qnrB19_1	1-645/645	===============	0/0	100.00	100.00	resfinder	EU432277	qnrB19	Ciprofloxacin	qnrB19
SRR2938129	/home/user/ww_amr_batch/contigs/SRR2938129.contigs.fa	k141_19131	4540	5036	-	sul2_1	320-816/816	.....==========	0/0	60.91	100.00	resfinder	AF542061	sul2	Sulfamethoxazole	sul2
SRR2938129	/home/user/ww_amr_batch/contigs/SRR2938129.contigs.fa	k141_19230	906	2096	+	tet(C)_3	1-1191/1191	===============	0/0	100.00	99.92	resfinder	AF055345	tet(C)	Doxycycline;Tetracycline	tet(C)
SRR2938129	/home/user/ww_amr_batch/contigs/SRR2938129.contigs.fa	k141_21867	2916	4835	-	tet(O)_1	1-1920/1920	===============	0/0	100.00	99.79	resfinder	M18896	tet(O)	Doxycycline;Minocycline;Tetracycline	tet(O)
SRR2938129	/home/user/ww_amr_batch/contigs/SRR2938129.contigs.fa	k141_24466	658	1833	-	cmx_1	1-1176/1176	===============	0/0	100.00	99.58	resfinder	U85507	cmx	Chloramphenicol	cmx
SRR2938129	/home/user/ww_amr_batch/contigs/SRR2938129.contigs.fa	k141_25947	1	553	+	aac(6')-IIc_1	30-582/582	===============	0/0	95.02	100.00	resfinder	NC_012555	aac(6')-IIc	Gentamicin;Tobramycin	aac(6')-IIc
SRR2938129	/home/user/ww_amr_batch/contigs/SRR2938129.contigs.fa	k141_26595	45	677	+	catB3_2	1-633/633	===============	0/0	100.00	100.00	resfinder	U13880	catB3	Chloramphenicol	catB3
SRR2938129	/home/user/ww_amr_batch/contigs/SRR2938129.contigs.fa	k141_33880	759	1613	-	erm(X)_1	1-855/855	========/======	2/2	99.88	99.18	resfinder	M36726	erm(X)	Clindamycin;Erythromycin;Lincomycin;Pristinamycin_IA;Quinupristin;Virginiamycin_S	erm(X)
SRR2938129	/home/user/ww_amr_batch/contigs/SRR2938129.contigs.fa	k141_39365	1	772	-	aadA5_1	1-772/789	===============	0/0	97.85	99.74	resfinder	AF137361	aadA5	Spectinomycin;Streptomycin	aadA5
SRR2938129	/home/user/ww_amr_batch/contigs/SRR2938129.contigs.fa	k141_39951	89	955	-	ant(6)-Ia_3	1-867/867	===============	0/0	100.00	99.89	resfinder	KF864551	ant(6)-Ia	Streptomycin	ant(6)-Ia
SRR2938129	/home/user/ww_amr_batch/contigs/SRR2938129.contigs.fa	k141_40744	945	2864	-	tet(W)_1	1-1920/1920	===============	0/0	100.00	99.38	resfinder	DQ060146	tet(W)	Doxycycline;Minocycline;Tetracycline	tet(W)
SRR2938129	/home/user/ww_amr_batch/contigs/SRR2938129.contigs.fa	k141_42034	1033	1917	-	mph(E)_1	1-885/885	===============	0/0	100.00	100.00	resfinder	DQ839391	mph(E)	Erythromycin	mph(E)
SRR2938129	/home/user/ww_amr_batch/contigs/SRR2938129.contigs.fa	k141_42034	1973	3448	-	msr(E)_1	1-1476/1476	===============	0/0	100.00	100.00	resfinder	FR751518	msr(E)	Azithromycin;Erythromycin;Pristinamycin_IA;Quinupristin;Virginiamycin_S	msr(E)
SRR2938129	/home/user/ww_amr_batch/contigs/SRR2938129.contigs.fa	k141_4291	1189	1683	+	lnu(D)_1	1-495/495	===============	0/0	100.00	99.80	resfinder	EF452177	lnu(D)	Lincomycin	lnu(D)
SRR2938129	/home/user/ww_amr_batch/contigs/SRR2938129.contigs.fa	k141_43476	1708	2202	-	lnu(D)_1	1-495/495	===============	0/0	100.00	84.04	resfinder	EF452177	lnu(D)	Lincomycin	lnu(D)
SRR2938129	/home/user/ww_amr_batch/contigs/SRR2938129.contigs.fa	k141_43834	33	491	+	aac(6')-Il_1	1-459/459	===============	0/0	100.00	100.00	resfinder	U13880	aac(6')-Il	Amikacin;Tobramycin	aac(6')-Il
SRR2938129	/home/user/ww_amr_batch/contigs/SRR2938129.contigs.fa	k141_43834	565	1428	+	blaGES-5_1	1-864/864	===============	0/0	100.00	99.88	resfinder	DQ236171	blaGES-5	Amoxicillin;Amoxicillin+Clavulanic_acid;Ampicillin;Ampicillin+Clavulanic_acid;Cefoxitin;Ceftazidime;Piperacillin;Ticarcillin	blaGES-5
SRR2938129	/home/user/ww_amr_batch/contigs/SRR2938129.contigs.fa	k141_46397	1	989	-	msr(D)_3	1-989/1464	===========....	0/0	67.55	97.78	resfinder	AF227520	msr(D)	Azithromycin;Erythromycin;Pristinamycin_IA;Quinupristin;Telithromycin;Virginiamycin_S	msr(D)
SRR2938129	/home/user/ww_amr_batch/contigs/SRR2938129.contigs.fa	k141_46397	1109	2326	-	mef(A)_2	1-1218/1218	===============	0/0	100.00	95.16	resfinder	U83667	mef(A)	Azithromycin;Erythromycin	mef(A)
SRR2938129	/home/user/ww_amr_batch/contigs/SRR2938129.contigs.fa	k141_50369	46	873	+	blaOXA-2_1	1-828/828	===============	0/0	100.00	100.00	resfinder	DQ112222	blaOXA-2	Amoxicillin;Amoxicillin+Clavulanic_acid;Ampicillin;Ampicillin+Clavulanic_acid;Ceftazidime;Piperacillin	blaOXA-2
SRR2938129	/home/user/ww_amr_batch/contigs/SRR2938129.contigs.fa	k141_52120	70	735	+	blaOXA-205_1	1-666/801	=============..	0/0	83.15	100.00	resfinder	JF800667	blaOXA-205	Amoxicillin;Ampicillin;Piperacillin	blaOXA-205
SRR2938129	/home/user/ww_amr_batch/contigs/SRR2938129.contigs.fa	k141_55533	203	1003	-	blaOXA-10_1	1-801/801	===============	0/0	100.00	100.00	resfinder	J03427	blaOXA-10	Amoxicillin;Ampicillin;Aztreonam;Piperacillin;Piperacillin+Tazobactam	blaOXA-10
SRR2938129	/home/user/ww_amr_batch/contigs/SRR2938129.contigs.fa	k141_5600	1680	2111	+	qnrVC1_1	1-432/657	==========.....	0/0	65.75	100.00	resfinder	EU436855	qnrVC1	Ciprofloxacin	qnrVC1
SRR2938129	/home/user/ww_amr_batch/contigs/SRR2938129.contigs.fa	k141_57321	1	590	+	lnu(F)_3	174-763/822	...===========.	0/0	71.78	99.83	resfinder	AJ561197	lnu(F)	Lincomycin	lnu(F)
SRR2938129	/home/user/ww_amr_batch/contigs/SRR2938129.contigs.fa	k141_58990	409	884	-	cat_2	144-619/624	...============	0/0	76.28	95.80	resfinder	M35190	cat	Chloramphenicol	cat
SRR2938129	/home/user/ww_amr_batch/contigs/SRR2938129.contigs.fa	k141_59022	90	1011	+	mph(A)_2	1-921/921	========/======	1/1	100.00	99.67	resfinder	U36578	mph(A)	Azithromycin;Erythromycin;Spiramycin;Telithromycin	mph(A)
SRR2938129	/home/user/ww_amr_batch/contigs/SRR2938129.contigs.fa	k141_596	223	1473	+	cfr(C)_2	1-1251/1251	===============	0/0	100.00	100.00	resfinder	CANB01000378	cfr(C)	Chloramphenicol;Clindamycin;Dalfopristin;Florfenicol;Lincomycin;Linezolid;Pristinamycin_IIA;Tiamulin;Virginiamycin_M	cfr(C)
SRR2938129	/home/user/ww_amr_batch/contigs/SRR2938129.contigs.fa	k141_59936	1	945	+	cmlB1_1	322-1266/1266	...============	0/0	74.64	85.61	resfinder	AM296481	cmlB1	Chloramphenicol	cmlB1
SRR2938129	/home/user/ww_amr_batch/contigs/SRR2938129.contigs.fa	k141_61549	229	762	-	ant(2'')-Ia_1	1-534/534	===============	0/0	100.00	100.00	resfinder	X04555	ant(2'')-Ia	Gentamicin;Tobramycin	ant(2'')-Ia
SRR2938129	/home/user/ww_amr_batch/contigs/SRR2938129.contigs.fa	k141_61637	164	906	-	erm(B)_18	20-762/762	===============	0/0	97.51	99.73	resfinder	X66468	erm(B)	Clindamycin;Erythromycin;Lincomycin;Pristinamycin_IA;Quinupristin;Virginiamycin_S	erm(B)
SRR2938129	/home/user/ww_amr_batch/contigs/SRR2938129.contigs.fa	k141_63237	150	986	-	aph(6)-Id_1	1-837/837	===============	0/0	100.00	100.00	resfinder	M28829	aph(6)-Id	Streptomycin	aph(6)-Id
SRR2938129	/home/user/ww_amr_batch/contigs/SRR2938129.contigs.fa	k141_63237	986	1788	-	aph(3'')-Ib_2	2-804/804	===============	0/0	99.88	100.00	resfinder	AF024602	aph(3'')-Ib	Streptomycin	aph(3'')-Ib
SRR2938129	/home/user/ww_amr_batch/contigs/SRR2938129.contigs.fa	k141_64342	71	1270	-	tet(A)_4	1-1200/1200	===============	0/0	100.00	100.00	resfinder	AJ517790	tet(A)	Doxycycline;Tetracycline	tet(A)
SRR2938129	/home/user/ww_amr_batch/contigs/SRR2938129.contigs.fa	k141_66161	288	1508	-	tet(40)_1	1-1221/1221	===============	0/0	100.00	99.84	resfinder	FJ158002	tet(40)	Doxycycline;Tetracycline	tet(40)
SRR2938129	/home/user/ww_amr_batch/contigs/SRR2938129.contigs.fa	k141_68017	1	611	-	aph(3')-III_1	109-719/795	..============.	0/0	76.86	100.00	resfinder	M26832	aph(3')-III	Amikacin;Butirosin;Isepamicin;Kanamycin;Lividomycin;Neomycin;Paromomycin;Ribostamycin	aph(3')-III
SRR2938129	/home/user/ww_amr_batch/contigs/SRR2938129.contigs.fa	k141_68141	1	601	-	ant(3'')-Ia_1	171-771/972	..==========...	0/0	61.83	99.50	resfinder	X02340	ant(3'')-Ia	Streptomycin	ant(3'')-Ia
SRR2938129	/home/user/ww_amr_batch/contigs/SRR2938129.contigs.fa	k141_70729	1	784	-	ere(A)_6	230-1013/1221	..===========..	0/0	64.21	98.72	resfinder	DQ157752	ere(A)	Erythromycin	ere(A)
SRR2938129	/home/user/ww_amr_batch/contigs/SRR2938129.contigs.fa	k141_73143	715	1575	+	blaTEM-1B_1	1-861/861	===============	0/0	100.00	100.00	resfinder	AY458016	blaTEM-1B	Amoxicillin;Ampicillin;Cephalothin;Piperacillin;Ticarcillin	blaTEM-1B
SRR2938129	/home/user/ww_amr_batch/contigs/SRR2938129.contigs.fa	k141_74379	979	1845	-	sul1_5	1-867/867	===============	0/0	100.00	99.89	resfinder	EU780013	sul1	Sulfamethoxazole	sul1
SRR2938129	/home/user/ww_amr_batch/contigs/SRR2938129.contigs.fa	k141_74379	2323	2854	-	aadA17_1	261-792/792	....===========	0/0	67.17	98.68	resfinder	FJ460181	aadA17	Spectinomycin;Streptomycin	aadA17
SRR2938129	/home/user/ww_amr_batch/contigs/SRR2938129.contigs.fa	k141_74925	172	1359	-	tet(39)_2	1-1188/1188	===============	0/0	100.00	99.92	resfinder	CP044518	tet(39)	Doxycycline;Tetracycline;Tigecycline	tet(39)
SRR2938129	/home/user/ww_amr_batch/contigs/SRR2938129.contigs.fa	k141_77161	450	1145	+	blaOXA-4_1	1-696/831	=============..	0/0	83.75	100.00	resfinder	AY162283	blaOXA-4		blaOXA-4
SRR2938130	/home/user/ww_amr_batch/contigs/SRR2938130.contigs.fa	k141_10402	4205	6124	-	tet(O)_1	1-1920/1920	===============	0/0	100.00	99.74	resfinder	M18896	tet(O)	Doxycycline;Minocycline;Tetracycline	tet(O)
SRR2938130	/home/user/ww_amr_batch/contigs/SRR2938130.contigs.fa	k141_10915	1371	2225	-	erm(X)_1	1-855/855	========/======	2/2	99.88	99.18	resfinder	M36726	erm(X)	Clindamycin;Erythromycin;Lincomycin;Pristinamycin_IA;Quinupristin;Virginiamycin_S	erm(X)
SRR2938130	/home/user/ww_amr_batch/contigs/SRR2938130.contigs.fa	k141_11943	133	649	-	sul2_12	300-816/816	.....==========	0/0	63.36	100.00	resfinder	AF497970	sul2	Sulfamethoxazole	sul2
SRR2938130	/home/user/ww_amr_batch/contigs/SRR2938130.contigs.fa	k141_13873	132	800	-	aadA5_1	121-789/789	..=============	0/0	84.79	100.00	resfinder	AF137361	aadA5	Spectinomycin;Streptomycin	aadA5
SRR2938130	/home/user/ww_amr_batch/contigs/SRR2938130.contigs.fa	k141_21425	118	981	-	blaGES-5_1	1-864/864	===============	0/0	100.00	99.88	resfinder	DQ236171	blaGES-5	Amoxicillin;Amoxicillin+Clavulanic_acid;Ampicillin;Ampicillin+Clavulanic_acid;Cefoxitin;Ceftazidime;Piperacillin;Ticarcillin	blaGES-5
SRR2938130	/home/user/ww_amr_batch/contigs/SRR2938130.contigs.fa	k141_21425	1055	1513	-	aac(6')-Il_1	1-459/459	===============	0/0	100.00	100.00	resfinder	U13880	aac(6')-Il	Amikacin;Tobramycin	aac(6')-Il
SRR2938130	/home/user/ww_amr_batch/contigs/SRR2938130.contigs.fa	k141_22784	159	1407	+	cfr(C)_2	1-1249/1251	===============	0/0	99.84	100.00	resfinder	CANB01000378	cfr(C)	Chloramphenicol;Clindamycin;Dalfopristin;Florfenicol;Lincomycin;Linezolid;Pristinamycin_IIA;Tiamulin;Virginiamycin_M	cfr(C)
SRR2938130	/home/user/ww_amr_batch/contigs/SRR2938130.contigs.fa	k141_22920	841	1725	-	mph(E)_1	1-885/885	===============	0/0	100.00	100.00	resfinder	DQ839391	mph(E)	Erythromycin	mph(E)
SRR2938130	/home/user/ww_amr_batch/contigs/SRR2938130.contigs.fa	k141_22920	1781	3256	-	msr(E)_1	1-1476/1476	===============	0/0	100.00	100.00	resfinder	FR751518	msr(E)	Azithromycin;Erythromycin;Pristinamycin_IA;Quinupristin;Virginiamycin_S	msr(E)
SRR2938130	/home/user/ww_amr_batch/contigs/SRR2938130.contigs.fa	k141_23060	158	617	+	aac(3)-Ia_1	51-510/534	.==============	0/0	86.14	97.61	resfinder	X15852	aac(3)-Ia	Astromicin;Fortimicin;Gentamicin	aac(3)-Ia
SRR2938130	/home/user/ww_amr_batch/contigs/SRR2938130.contigs.fa	k141_26374	157	702	-	aac(6')-IIc_1	37-582/582	===============	0/0	93.81	100.00	resfinder	NC_012555	aac(6')-IIc	Gentamicin;Tobramycin	aac(6')-IIc
SRR2938130	/home/user/ww_amr_batch/contigs/SRR2938130.contigs.fa	k141_31232	1	729	+	mph(A)_1	178-906/906	..=============	0/0	80.46	100.00	resfinder	D16251	mph(A)	Azithromycin;Erythromycin;Spiramycin;Telithromycin	mph(A)
SRR2938130	/home/user/ww_amr_batch/contigs/SRR2938130.contigs.fa	k141_32923	253	2172	+	tet(W)_5	1-1920/1920	===============	0/0	100.00	99.74	resfinder	AJ427422	tet(W)	Doxycycline;Minocycline;Tetracycline	tet(W)
SRR2938130	/home/user/ww_amr_batch/contigs/SRR2938130.contigs.fa	k141_3334	1	996	-	cmx_1	1-996/1176	=============..	0/0	84.69	98.49	resfinder	U85507	cmx	Chloramphenicol	cmx
SRR2938130	/home/user/ww_amr_batch/contigs/SRR2938130.contigs.fa	k141_34042	109	708	+	aac(6')-Ib-cr_1	1-600/600	===============	0/0	100.00	99.33	resfinder	DQ303918	aac(6')-Ib-cr	Amikacin;Ciprofloxacin;Dibekacin;Fluoroquinolone;Netilmicin;Sisomicin;Tobramycin	aac(6')-Ib-cr
SRR2938130	/home/user/ww_amr_batch/contigs/SRR2938130.contigs.fa	k141_35923	2670	3536	-	sul1_5	1-867/867	===============	0/0	100.00	99.89	resfinder	EU780013	sul1	Sulfamethoxazole	sul1
SRR2938130	/home/user/ww_amr_batch/contigs/SRR2938130.contigs.fa	k141_36343	1	765	+	ant(6)-Ia_3	103-867/867	.==============	0/0	88.24	99.87	resfinder	KF864551	ant(6)-Ia	Streptomycin	ant(6)-Ia
SRR2938130	/home/user/ww_amr_batch/contigs/SRR2938130.contigs.fa	k141_37522	32	746	-	blaTEM-141_1	147-861/861	..=============	0/0	83.04	100.00	resfinder	AY956335	blaTEM-141	Amoxicillin;Ampicillin;Cephalothin;Piperacillin;Ticarcillin	blaTEM-141
SRR2938130	/home/user/ww_amr_batch/contigs/SRR2938130.contigs.fa	k141_39134	102	635	+	ant(2'')-Ia_1	1-534/534	===============	0/0	100.00	100.00	resfinder	X04555	ant(2'')-Ia	Gentamicin;Tobramycin	ant(2'')-Ia
SRR2938130	/home/user/ww_amr_batch/contigs/SRR2938130.contigs.fa	k141_41178	297	1487	-	tet(C)_3	1-1191/1191	===============	0/0	100.00	99.92	resfinder	AF055345	tet(C)	Doxycycline;Tetracycline	tet(C)
SRR2938130	/home/user/ww_amr_batch/contigs/SRR2938130.contigs.fa	k141_42915	24	1211	-	tet(39)_2	1-1188/1188	===============	0/0	100.00	99.92	resfinder	CP044518	tet(39)	Doxycycline;Tetracycline;Tigecycline	tet(39)
SRR2938130	/home/user/ww_amr_batch/contigs/SRR2938130.contigs.fa	k141_43975	177	1013	-	aph(6)-Id_1	1-837/837	===============	0/0	100.00	100.00	resfinder	M28829	aph(6)-Id	Streptomycin	aph(6)-Id
SRR2938130	/home/user/ww_amr_batch/contigs/SRR2938130.contigs.fa	k141_43975	1013	1815	-	aph(3'')-Ib_2	2-804/804	===============	0/0	99.88	100.00	resfinder	AF024602	aph(3'')-Ib	Streptomycin	aph(3'')-Ib
SRR2938130	/home/user/ww_amr_batch/contigs/SRR2938130.contigs.fa	k141_45496	1	830	-	aadA11_1	1-830/846	===============	0/0	98.11	99.76	resfinder	AY144590	aadA11	Spectinomycin;Streptomycin	aadA11
SRR2938130	/home/user/ww_amr_batch/contigs/SRR2938130.contigs.fa	k141_45496	914	2140	-	ere(A)_2	1-1227/1227	===============	0/0	100.00	97.56	resfinder	AF099140	ere(A)	Erythromycin	ere(A)
SRR2938130	/home/user/ww_amr_batch/contigs/SRR2938130.contigs.fa	k141_47809	1	589	+	blaOXA-224_1	243-831/831	....===========	0/0	70.88	99.83	resfinder	JN412067	blaOXA-224		blaOXA-224
SRR2938130	/home/user/ww_amr_batch/contigs/SRR2938130.contigs.fa	k141_52	22	431	+	qnrB19_1	236-645/645	.....==========	0/0	63.57	99.76	resfinder	EU432277	qnrB19	Ciprofloxacin	qnrB19
SRR2938130	/home/user/ww_amr_batch/contigs/SRR2938130.contigs.fa	k141_8098	1	888	-	msr(D)_3	474-1361/1464	....==========.	0/0	60.66	97.75	resfinder	AF227520	msr(D)	Azithromycin;Erythromycin;Pristinamycin_IA;Quinupristin;Telithromycin;Virginiamycin_S	msr(D)
SRR2938130	/home/user/ww_amr_batch/contigs/SRR2938130.contigs.fa	k141_8571	156	1376	+	tet(40)_1	1-1221/1221	===============	0/0	100.00	99.92	resfinder	FJ158002	tet(40)	Doxycycline;Tetracycline	tet(40)
SRR2938131	/home/user/ww_amr_batch/contigs/SRR2938131.contigs.fa	k141_10536	3	671	+	aadA7_1	130-798/798	..=============	0/0	83.83	94.17	resfinder	AF224733	aadA7	Spectinomycin;Streptomycin	aadA7
SRR2938131	/home/user/ww_amr_batch/contigs/SRR2938131.contigs.fa	k141_39525	876	1691	+	sul2_2	1-816/816	===============	0/0	100.00	100.00	resfinder	AY034138	sul2	Sulfamethoxazole	sul2
SRR2938131	/home/user/ww_amr_batch/contigs/SRR2938131.contigs.fa	k141_49368	737	1603	-	sul1_5	1-867/867	===============	0/0	100.00	99.89	resfinder	EU780013	sul1	Sulfamethoxazole	sul1
SRR2938131	/home/user/ww_amr_batch/contigs/SRR2938131.contigs.fa	k141_50406	1	927	+	mef(B)_1	304-1230/1230	...============	0/0	75.37	95.79	resfinder	FJ196385	mef(B)	Azithromycin;Erythromycin	mef(B)
SRR2938131	/home/user/ww_amr_batch/contigs/SRR2938131.contigs.fa	k141_5714	605	1407	+	aph(3'')-Ib_2	2-804/804	===============	0/0	99.88	100.00	resfinder	AF024602	aph(3'')-Ib	Streptomycin	aph(3'')-Ib
SRR2938131	/home/user/ww_amr_batch/contigs/SRR2938131.contigs.fa	k141_5714	1407	2243	+	aph(6)-Id_1	1-837/837	===============	0/0	100.00	100.00	resfinder	M28829	aph(6)-Id	Streptomycin	aph(6)-Id
SRR2938131	/home/user/ww_amr_batch/contigs/SRR2938131.contigs.fa	k141_6053	1288	2252	+	ant(3'')-Ia_1	1-972/972	========/======	3/7	99.28	99.07	resfinder	X02340	ant(3'')-Ia	Streptomycin	ant(3'')-Ia
SRR2938131	/home/user/ww_amr_batch/contigs/SRR2938131.contigs.fa	k141_882	1	585	+	lnu(F)_1	238-822/822	....===========	0/0	71.17	99.49	resfinder	EU118119	lnu(F)	Lincomycin	lnu(F)
SRR2938131	/home/user/ww_amr_batch/contigs/SRR2938131.contigs.fa	k141_882	701	1921	+	ere(A)_6	1-1221/1221	===============	0/0	100.00	99.67	resfinder	DQ157752	ere(A)	Erythromycin	ere(A)
SRR2938132	/home/user/ww_amr_batch/contigs/SRR2938132.contigs.fa	k141_100205	1	1248	-	msr(E)_1	25-1272/1476	=============..	0/0	84.55	100.00	resfinder	FR751518	msr(E)	Azithromycin;Erythromycin;Pristinamycin_IA;Quinupristin;Virginiamycin_S	msr(E)
SRR2938132	/home/user/ww_amr_batch/contigs/SRR2938132.contigs.fa	k141_103811	129	1343	-	CmlA9_1	1-1215/1215	===============	0/0	100.00	99.18	resfinder	JN406319	CmlA9	Chloramphenicol	CmlA9
SRR2938132	/home/user/ww_amr_batch/contigs/SRR2938132.contigs.fa	k141_105924	192	1412	-	ere(A)_6	1-1221/1221	===============	0/0	100.00	99.59	resfinder	DQ157752	ere(A)	Erythromycin	ere(A)
SRR2938132	/home/user/ww_amr_batch/contigs/SRR2938132.contigs.fa	k141_124263	2024	3214	-	tet(C)_3	1-1191/1191	===============	0/0	100.00	99.92	resfinder	AF055345	tet(C)	Doxycycline;Tetracycline	tet(C)
SRR2938132	/home/user/ww_amr_batch/contigs/SRR2938132.contigs.fa	k141_132738	194	1030	-	aph(6)-Id_1	1-837/837	===============	0/0	100.00	100.00	resfinder	M28829	aph(6)-Id	Streptomycin	aph(6)-Id
SRR2938132	/home/user/ww_amr_batch/contigs/SRR2938132.contigs.fa	k141_132738	1030	1832	-	aph(3'')-Ib_2	2-804/804	===============	0/0	99.88	100.00	resfinder	AF024602	aph(3'')-Ib	Streptomycin	aph(3'')-Ib
SRR2938132	/home/user/ww_amr_batch/contigs/SRR2938132.contigs.fa	k141_133194	519	1364	-	aadA11_1	1-846/846	===============	0/0	100.00	100.00	resfinder	AY144590	aadA11	Spectinomycin;Streptomycin	aadA11
SRR2938132	/home/user/ww_amr_batch/contigs/SRR2938132.contigs.fa	k141_133617	1111	2286	-	cmx_1	1-1176/1176	===============	0/0	100.00	98.30	resfinder	U85507	cmx	Chloramphenicol	cmx
SRR2938132	/home/user/ww_amr_batch/contigs/SRR2938132.contigs.fa	k141_16556	213	1043	-	blaOXA-4_1	1-831/831	===============	0/0	100.00	99.88	resfinder	AY162283	blaOXA-4		blaOXA-4
SRR2938132	/home/user/ww_amr_batch/contigs/SRR2938132.contigs.fa	k141_18142	172	870	-	aadA2_1	121-819/819	..=============	0/0	85.35	100.00	resfinder	NC_010870	aadA2	Spectinomycin;Streptomycin	aadA2
SRR2938132	/home/user/ww_amr_batch/contigs/SRR2938132.contigs.fa	k141_43797	138	914	-	blaOXA-1186_1	1-777/777	===============	0/0	100.00	83.66	resfinder	PQ186078	blaOXA-1186	Amoxicillin;Amoxicillin+Clavulanic_acid;Ampicillin;Ampicillin+Clavulanic_acid;Cefepime;Ertapenem;Imipenem;Meropenem;Piperacillin;Piperacillin+Tazobactam	blaOXA-1186
SRR2938132	/home/user/ww_amr_batch/contigs/SRR2938132.contigs.fa	k141_57286	1864	3297	-	TOprJ3_1	1-1434/1434	===============	0/0	100.00	100.00	resfinder	LC633285	TOprJ3	Doxycycline;Minocycline;Tetracycline;Tigecycline	TOprJ3
SRR2938132	/home/user/ww_amr_batch/contigs/SRR2938132.contigs.fa	k141_57286	3302	5272	-	tmexD2_1	1165-3135/3135	.....==========	0/0	62.87	99.70	resfinder	MN175502	tmexD2	Doxycycline;Minocycline;Tetracycline;Tigecycline	tmexD2
SRR2938132	/home/user/ww_amr_batch/contigs/SRR2938132.contigs.fa	k141_60468	979	2142	+	tmexC2_1	1-1164/1164	===============	0/0	100.00	99.74	resfinder	MN175502	tmexC2	Doxycycline;Minocycline;Tetracycline;Tigecycline	tmexC2
SRR2938132	/home/user/ww_amr_batch/contigs/SRR2938132.contigs.fa	k141_61231	333	1133	+	blaOXA-10_1	1-801/801	===============	0/0	100.00	100.00	resfinder	J03427	blaOXA-10	Amoxicillin;Ampicillin;Aztreonam;Piperacillin;Piperacillin+Tazobactam	blaOXA-10
SRR2938132	/home/user/ww_amr_batch/contigs/SRR2938132.contigs.fa	k141_73070	1434	2261	+	blaOXA-2_1	1-828/828	===============	0/0	100.00	100.00	resfinder	DQ112222	blaOXA-2	Amoxicillin;Amoxicillin+Clavulanic_acid;Ampicillin;Ampicillin+Clavulanic_acid;Ceftazidime;Piperacillin	blaOXA-2
SRR2938132	/home/user/ww_amr_batch/contigs/SRR2938132.contigs.fa	k141_79168	3051	3866	-	sul2_2	1-816/816	===============	0/0	100.00	100.00	resfinder	AY034138	sul2	Sulfamethoxazole	sul2
SRR2938132	/home/user/ww_amr_batch/contigs/SRR2938132.contigs.fa	k141_89096	35	901	+	sul1_5	1-867/867	===============	0/0	100.00	99.89	resfinder	EU780013	sul1	Sulfamethoxazole	sul1
SRR2938132	/home/user/ww_amr_batch/contigs/SRR2938132.contigs.fa	k141_89790	1422	1800	-	aac(6')-31_1	141-519/519	....===========	0/0	73.03	93.93	resfinder	AM283489	aac(6')-31	Amikacin;Gentamicin;Isepamicin;Kanamycin;Neomycin;Netilmicin;Sisomicin;Tobramycin	aac(6')-31
SRR2938132	/home/user/ww_amr_batch/contigs/SRR2938132.contigs.fa	k141_96853	1	852	-	tet(G)_1	241-1092/1176	...===========.	0/0	72.45	93.43	resfinder	AF133139	tet(G)	Doxycycline;Tetracycline	tet(G)
SRR2938311	/home/user/ww_amr_batch/contigs/SRR2938311.contigs.fa	k141_11429	1210	2436	+	cfr(C)_2	1-1227/1251	===============	0/0	98.08	99.43	resfinder	CANB01000378	cfr(C)	Chloramphenicol;Clindamycin;Dalfopristin;Florfenicol;Lincomycin;Linezolid;Pristinamycin_IIA;Tiamulin;Virginiamycin_M	cfr(C)
SRR2938311	/home/user/ww_amr_batch/contigs/SRR2938311.contigs.fa	k141_16446	1	543	+	aadA13_1	256-798/798	....===========	0/0	68.05	100.00	resfinder	AY713504	aadA13	Spectinomycin;Streptomycin	aadA13
SRR2938311	/home/user/ww_amr_batch/contigs/SRR2938311.contigs.fa	k141_1670	1	530	-	ant(2'')-Ia_1	1-530/534	===============	0/0	99.25	99.62	resfinder	X04555	ant(2'')-Ia	Gentamicin;Tobramycin	ant(2'')-Ia
SRR2938311	/home/user/ww_amr_batch/contigs/SRR2938311.contigs.fa	k141_17306	1068	1562	+	lnu(D)_1	1-495/495	===============	0/0	100.00	84.04	resfinder	EF452177	lnu(D)	Lincomycin	lnu(D)
SRR2938311	/home/user/ww_amr_batch/contigs/SRR2938311.contigs.fa	k141_1894	1340	2815	+	msr(E)_1	1-1476/1476	===============	0/0	100.00	100.00	resfinder	FR751518	msr(E)	Azithromycin;Erythromycin;Pristinamycin_IA;Quinupristin;Virginiamycin_S	msr(E)
SRR2938311	/home/user/ww_amr_batch/contigs/SRR2938311.contigs.fa	k141_1894	2871	3755	+	mph(E)_1	1-885/885	===============	0/0	100.00	100.00	resfinder	DQ839391	mph(E)	Erythromycin	mph(E)
SRR2938311	/home/user/ww_amr_batch/contigs/SRR2938311.contigs.fa	k141_19390	232	993	+	erm(B)_18	1-762/762	========/======	2/2	99.87	99.34	resfinder	X66468	erm(B)	Clindamycin;Erythromycin;Lincomycin;Pristinamycin_IA;Quinupristin;Virginiamycin_S	erm(B)
SRR2938311	/home/user/ww_amr_batch/contigs/SRR2938311.contigs.fa	k141_2222	1	830	-	aph(6)-Id_1	1-830/837	===============	0/0	99.16	100.00	resfinder	M28829	aph(6)-Id	Streptomycin	aph(6)-Id
SRR2938311	/home/user/ww_amr_batch/contigs/SRR2938311.contigs.fa	k141_2222	830	1632	-	aph(3'')-Ib_2	2-804/804	===============	0/0	99.88	100.00	resfinder	AF024602	aph(3'')-Ib	Streptomycin	aph(3'')-Ib
SRR2938311	/home/user/ww_amr_batch/contigs/SRR2938311.contigs.fa	k141_24743	221	2140	-	tet(W)_4	1-1920/1920	===============	0/0	100.00	99.01	resfinder	FN396364	tet(W)	Doxycycline;Minocycline;Tetracycline	tet(W)
SRR2938311	/home/user/ww_amr_batch/contigs/SRR2938311.contigs.fa	k141_25137	1	1183	-	tet(39)_2	1-1183/1188	===============	0/0	99.58	99.92	resfinder	CP044518	tet(39)	Doxycycline;Tetracycline;Tigecycline	tet(39)
SRR2938311	/home/user/ww_amr_batch/contigs/SRR2938311.contigs.fa	k141_2562	601	1791	-	tet(C)_3	1-1191/1191	===============	0/0	100.00	99.58	resfinder	AF055345	tet(C)	Doxycycline;Tetracycline	tet(C)
SRR2938311	/home/user/ww_amr_batch/contigs/SRR2938311.contigs.fa	k141_26075	550	1517	+	mef(A)_1	1-968/1218	============...	0/0	79.47	92.97	resfinder	AJ971089	mef(A)	Azithromycin;Erythromycin	mef(A)
SRR2938311	/home/user/ww_amr_batch/contigs/SRR2938311.contigs.fa	k141_27593	865	1731	+	sul1_5	1-867/867	===============	0/0	100.00	99.89	resfinder	EU780013	sul1	Sulfamethoxazole	sul1
SRR2938311	/home/user/ww_amr_batch/contigs/SRR2938311.contigs.fa	k141_3019	1	526	+	aph(3')-III_1	20-545/795	===========....	0/0	66.16	100.00	resfinder	M26832	aph(3')-III	Amikacin;Butirosin;Isepamicin;Kanamycin;Lividomycin;Neomycin;Paromomycin;Ribostamycin	aph(3')-III
SRR2938311	/home/user/ww_amr_batch/contigs/SRR2938311.contigs.fa	k141_3408	572	2030	+	msr(D)_3	1-1459/1464	===============	0/0	99.66	98.22	resfinder	AF227520	msr(D)	Azithromycin;Erythromycin;Pristinamycin_IA;Quinupristin;Telithromycin;Virginiamycin_S	msr(D)
SRR2938311	/home/user/ww_amr_batch/contigs/SRR2938311.contigs.fa	k141_5847	694	1098	-	lnu(C)_1	91-495/495	..=============	0/0	81.82	97.04	resfinder	AY928180	lnu(C)	Lincomycin	lnu(C)
SRR2938311	/home/user/ww_amr_batch/contigs/SRR2938311.contigs.fa	k141_7688	39	1958	-	tet(O)_1	1-1920/1920	===============	0/0	100.00	99.58	resfinder	M18896	tet(O)	Doxycycline;Minocycline;Tetracycline	tet(O)
SRR2938311	/home/user/ww_amr_batch/contigs/SRR2938311.contigs.fa	k141_9941	86	901	+	sul2_2	1-816/816	===============	0/0	100.00	100.00	resfinder	AY034138	sul2	Sulfamethoxazole	sul2
SRR2938312	/home/user/ww_amr_batch/contigs/SRR2938312.contigs.fa	k141_10777	1	566	+	blaOXA-205_1	5-570/801	===========....	0/0	70.66	98.23	resfinder	JF800667	blaOXA-205	Amoxicillin;Ampicillin;Piperacillin	blaOXA-205
SRR2938312	/home/user/ww_amr_batch/contigs/SRR2938312.contigs.fa	k141_11291	1	1220	+	tet(40)_1	2-1221/1221	===============	0/0	99.92	99.67	resfinder	FJ158002	tet(40)	Doxycycline;Tetracycline	tet(40)
SRR2938312	/home/user/ww_amr_batch/contigs/SRR2938312.contigs.fa	k141_132	1758	3677	-	tet(W)_5	1-1920/1920	===============	0/0	100.00	99.58	resfinder	AJ427422	tet(W)	Doxycycline;Minocycline;Tetracycline	tet(W)
SRR2938312	/home/user/ww_amr_batch/contigs/SRR2938312.contigs.fa	k141_14504	1	580	+	mph(A)_1	327-906/906	.....==========	0/0	64.02	100.00	resfinder	D16251	mph(A)	Azithromycin;Erythromycin;Spiramycin;Telithromycin	mph(A)
SRR2938312	/home/user/ww_amr_batch/contigs/SRR2938312.contigs.fa	k141_15185	1	709	+	aadA5_1	81-789/789	.==============	0/0	89.86	99.72	resfinder	AF137361	aadA5	Spectinomycin;Streptomycin	aadA5
SRR2938312	/home/user/ww_amr_batch/contigs/SRR2938312.contigs.fa	k141_15485	102	917	+	sul2_2	1-816/816	===============	0/0	100.00	99.75	resfinder	AY034138	sul2	Sulfamethoxazole	sul2
SRR2938312	/home/user/ww_amr_batch/contigs/SRR2938312.contigs.fa	k141_15708	96	629	-	ant(2'')-Ia_1	1-534/534	===============	0/0	100.00	100.00	resfinder	X04555	ant(2'')-Ia	Gentamicin;Tobramycin	ant(2'')-Ia
SRR2938312	/home/user/ww_amr_batch/contigs/SRR2938312.contigs.fa	k141_17309	1	1185	-	cfr(C)_2	1-1187/1251	========/======	1/2	94.72	99.58	resfinder	CANB01000378	cfr(C)	Chloramphenicol;Clindamycin;Dalfopristin;Florfenicol;Lincomycin;Linezolid;Pristinamycin_IIA;Tiamulin;Virginiamycin_M	cfr(C)
SRR2938312	/home/user/ww_amr_batch/contigs/SRR2938312.contigs.fa	k141_19264	63	1253	-	tet(C)_3	1-1191/1191	===============	0/0	100.00	99.92	resfinder	AF055345	tet(C)	Doxycycline;Tetracycline	tet(C)
SRR2938312	/home/user/ww_amr_batch/contigs/SRR2938312.contigs.fa	k141_20488	128	707	-	aac(6')-Ib_1	27-606/606	===============	0/0	95.71	99.83	resfinder	M21682	aac(6')-Ib	Amikacin;Kanamycin;Tobramycin	aac(6')-Ib
SRR2938312	/home/user/ww_amr_batch/contigs/SRR2938312.contigs.fa	k141_24329	7401	9320	-	tet(O)_1	1-1920/1920	===============	0/0	100.00	99.53	resfinder	M18896	tet(O)	Doxycycline;Minocycline;Tetracycline	tet(O)
SRR2938312	/home/user/ww_amr_batch/contigs/SRR2938312.contigs.fa	k141_4087	453	1062	-	erm(B)_1	129-738/738	..=============	0/0	82.66	99.84	resfinder	JN899585	erm(B)	Clindamycin;Erythromycin;Lincomycin;Pristinamycin_IA;Quinupristin;Virginiamycin_S	erm(B)
SRR2938312	/home/user/ww_amr_batch/contigs/SRR2938312.contigs.fa	k141_4557	52	535	-	aac(3)-Ia_1	51-534/534	.==============	0/0	90.64	97.73	resfinder	X15852	aac(3)-Ia	Astromicin;Fortimicin;Gentamicin	aac(3)-Ia
SRR2938312	/home/user/ww_amr_batch/contigs/SRR2938312.contigs.fa	k141_6414	291	1092	+	ant(3'')-Ia_1	171-972/972	..=============	0/0	82.51	99.75	resfinder	X02340	ant(3'')-Ia	Streptomycin	ant(3'')-Ia
SRR2938312	/home/user/ww_amr_batch/contigs/SRR2938312.contigs.fa	k141_7765	107	565	+	aac(6')-Il_1	1-459/459	===============	0/0	100.00	100.00	resfinder	U13880	aac(6')-Il	Amikacin;Tobramycin	aac(6')-Il
SRR2938312	/home/user/ww_amr_batch/contigs/SRR2938312.contigs.fa	k141_8330	1320	2204	-	mph(E)_1	1-885/885	===============	0/0	100.00	100.00	resfinder	DQ839391	mph(E)	Erythromycin	mph(E)
SRR2938312	/home/user/ww_amr_batch/contigs/SRR2938312.contigs.fa	k141_8330	2260	3735	-	msr(E)_1	1-1476/1476	===============	0/0	100.00	100.00	resfinder	FR751518	msr(E)	Azithromycin;Erythromycin;Pristinamycin_IA;Quinupristin;Virginiamycin_S	msr(E)
SRR2938312	/home/user/ww_amr_batch/contigs/SRR2938312.contigs.fa	k141_8506	1	585	+	blaOXA-1_1	247-831/831	....===========	0/0	70.40	99.83	resfinder	HQ170510	blaOXA-1	Amoxicillin;Amoxicillin+Clavulanic_acid;Ampicillin;Ampicillin+Clavulanic_acid;Cefepime;Piperacillin;Piperacillin+Tazobactam	blaOXA-1
SRR2938312	/home/user/ww_amr_batch/contigs/SRR2938312.contigs.fa	k141_8506	1111	1977	+	sul1_5	1-867/867	===============	0/0	100.00	99.89	resfinder	EU780013	sul1	Sulfamethoxazole	sul1
SRR2938312	/home/user/ww_amr_batch/contigs/SRR2938312.contigs.fa	k141_9358	1	795	-	aph(6)-Id_1	1-795/837	===============	0/0	94.98	100.00	resfinder	M28829	aph(6)-Id	Streptomycin	aph(6)-Id
SRR2938312	/home/user/ww_amr_batch/contigs/SRR2938312.contigs.fa	k141_9358	795	1597	-	aph(3'')-Ib_2	2-804/804	===============	0/0	99.88	100.00	resfinder	AF024602	aph(3'')-Ib	Streptomycin	aph(3'')-Ib
SRR2938312	/home/user/ww_amr_batch/contigs/SRR2938312.contigs.fa	k141_9638	92	1279	-	tet(39)_2	1-1188/1188	===============	0/0	100.00	99.92	resfinder	CP044518	tet(39)	Doxycycline;Tetracycline;Tigecycline	tet(39)
SRR2938313	/home/user/ww_amr_batch/contigs/SRR2938313.contigs.fa	k141_11309	150	952	-	aph(3'')-Ib_2	2-804/804	===============	0/0	99.88	99.88	resfinder	AF024602	aph(3'')-Ib	Streptomycin	aph(3'')-Ib
SRR2938313	/home/user/ww_amr_batch/contigs/SRR2938313.contigs.fa	k141_13836	919	2838	+	tet(W)_4	1-1920/1920	===============	0/0	100.00	99.58	resfinder	FN396364	tet(W)	Doxycycline;Minocycline;Tetracycline	tet(W)
SRR2938313	/home/user/ww_amr_batch/contigs/SRR2938313.contigs.fa	k141_15915	1210	3129	-	tet(O)_1	1-1920/1920	===============	0/0	100.00	99.74	resfinder	M18896	tet(O)	Doxycycline;Minocycline;Tetracycline	tet(O)
SRR2938313	/home/user/ww_amr_batch/contigs/SRR2938313.contigs.fa	k141_16220	425	1291	+	sul1_5	1-867/867	===============	0/0	100.00	99.89	resfinder	EU780013	sul1	Sulfamethoxazole	sul1
SRR2938313	/home/user/ww_amr_batch/contigs/SRR2938313.contigs.fa	k141_20012	81	940	+	tet(40)_1	1-860/1221	===========....	0/0	70.43	99.65	resfinder	FJ158002	tet(40)	Doxycycline;Tetracycline	tet(40)
SRR2938313	/home/user/ww_amr_batch/contigs/SRR2938313.contigs.fa	k141_20138	600	1133	-	ant(2'')-Ia_1	1-534/534	===============	0/0	100.00	100.00	resfinder	X04555	ant(2'')-Ia	Gentamicin;Tobramycin	ant(2'')-Ia
SRR2938313	/home/user/ww_amr_batch/contigs/SRR2938313.contigs.fa	k141_20859	108	528	-	lnu(A)_1	66-486/486	..=============	0/0	86.63	99.05	resfinder	M14039	lnu(A)	Lincomycin	lnu(A)
SRR2938313	/home/user/ww_amr_batch/contigs/SRR2938313.contigs.fa	k141_2772	1	734	-	ant(3'')-Ia_1	34-772/972	========/====..	3/5	75.51	90.93	resfinder	X02340	ant(3'')-Ia	Streptomycin	ant(3'')-Ia
SRR2938313	/home/user/ww_amr_batch/contigs/SRR2938313.contigs.fa	k141_2779	99	690	+	aadA11_1	1-592/846	===========....	0/0	69.98	95.10	resfinder	AY144590	aadA11	Spectinomycin;Streptomycin	aadA11
SRR2938313	/home/user/ww_amr_batch/contigs/SRR2938313.contigs.fa	k141_2971	1183	2658	+	msr(E)_1	1-1476/1476	===============	0/0	100.00	100.00	resfinder	FR751518	msr(E)	Azithromycin;Erythromycin;Pristinamycin_IA;Quinupristin;Virginiamycin_S	msr(E)
SRR2938313	/home/user/ww_amr_batch/contigs/SRR2938313.contigs.fa	k141_2971	2714	3598	+	mph(E)_1	1-885/885	===============	0/0	100.00	100.00	resfinder	DQ839391	mph(E)	Erythromycin	mph(E)
SRR2938313	/home/user/ww_amr_batch/contigs/SRR2938313.contigs.fa	k141_3846	587	1453	-	ant(6)-Ia_3	1-867/867	===============	0/0	100.00	99.65	resfinder	KF864551	ant(6)-Ia	Streptomycin	ant(6)-Ia
SRR2938313	/home/user/ww_amr_batch/contigs/SRR2938313.contigs.fa	k141_6934	906	2092	+	tet(39)_2	1-1187/1188	===============	0/0	99.92	99.83	resfinder	CP044518	tet(39)	Doxycycline;Tetracycline;Tigecycline	tet(39)
SRR2938313	/home/user/ww_amr_batch/contigs/SRR2938313.contigs.fa	k141_9274	1	696	-	ant(3'')-Ia_1	170-865/972	..============.	0/0	71.60	99.71	resfinder	X02340	ant(3'')-Ia	Streptomycin	ant(3'')-Ia
SRR2938314	/home/user/ww_amr_batch/contigs/SRR2938314.contigs.fa	k141_10699	877	1733	-	sul1_5	11-867/867	===============	0/0	98.85	99.53	resfinder	EU780013	sul1	Sulfamethoxazole	sul1
SRR2938314	/home/user/ww_amr_batch/contigs/SRR2938314.contigs.fa	k141_12889	1	773	-	erm(F)_3	1-773/801	===============	0/0	96.50	99.87	resfinder	M17808	erm(F)	Clindamycin;Erythromycin;Lincomycin;Pristinamycin_IA;Quinupristin;Virginiamycin_S	erm(F)
SRR2938314	/home/user/ww_amr_batch/contigs/SRR2938314.contigs.fa	k141_1354	202	934	+	CmlA9_1	1-733/1215	==========.....	0/0	60.33	90.45	resfinder	JN406319	CmlA9	Chloramphenicol	CmlA9
SRR2938314	/home/user/ww_amr_batch/contigs/SRR2938314.contigs.fa	k141_14152	137	696	+	cat_2	1-560/624	==============.	0/0	89.74	96.25	resfinder	M35190	cat	Chloramphenicol	cat
SRR2938314	/home/user/ww_amr_batch/contigs/SRR2938314.contigs.fa	k141_17161	92	1279	+	cfr(C)_2	1-1188/1251	===============	0/0	94.96	99.75	resfinder	CANB01000378	cfr(C)	Chloramphenicol;Clindamycin;Dalfopristin;Florfenicol;Lincomycin;Linezolid;Pristinamycin_IIA;Tiamulin;Virginiamycin_M	cfr(C)
SRR2938314	/home/user/ww_amr_batch/contigs/SRR2938314.contigs.fa	k141_19743	1	1798	-	tet(W)_4	1-1798/1920	===============	0/0	93.65	99.56	resfinder	FN396364	tet(W)	Doxycycline;Minocycline;Tetracycline	tet(W)
SRR2938314	/home/user/ww_amr_batch/contigs/SRR2938314.contigs.fa	k141_21143	581	1413	+	tet(40)_1	1-833/1221	===========....	0/0	68.22	99.76	resfinder	FJ158002	tet(40)	Doxycycline;Tetracycline	tet(40)
SRR2938314	/home/user/ww_amr_batch/contigs/SRR2938314.contigs.fa	k141_24786	25	780	+	blaSCO-1_1	1-756/867	==============.	0/0	87.20	99.87	resfinder	EF063111	blaSCO-1	Amoxicillin;Amoxicillin+Clavulanic_acid;Ampicillin;Ampicillin+Clavulanic_acid;Piperacillin;Piperacillin+Clavulanic_acid;Ticarcillin;Ticarcillin+Clavulanic_acid	blaSCO-1
SRR2938314	/home/user/ww_amr_batch/contigs/SRR2938314.contigs.fa	k141_26738	1	714	+	aph(6)-Id_1	124-837/837	..=============	0/0	85.30	99.72	resfinder	M28829	aph(6)-Id	Streptomycin	aph(6)-Id
SRR2938314	/home/user/ww_amr_batch/contigs/SRR2938314.contigs.fa	k141_30761	883	1620	-	erm(B)_1	1-738/738	===============	0/0	100.00	100.00	resfinder	JN899585	erm(B)	Clindamycin;Erythromycin;Lincomycin;Pristinamycin_IA;Quinupristin;Virginiamycin_S	erm(B)
SRR2938314	/home/user/ww_amr_batch/contigs/SRR2938314.contigs.fa	k141_31517	358	1833	+	msr(E)_1	1-1476/1476	===============	0/0	100.00	100.00	resfinder	FR751518	msr(E)	Azithromycin;Erythromycin;Pristinamycin_IA;Quinupristin;Virginiamycin_S	msr(E)
SRR2938314	/home/user/ww_amr_batch/contigs/SRR2938314.contigs.fa	k141_31517	1889	2773	+	mph(E)_1	1-885/885	===============	0/0	100.00	100.00	resfinder	DQ839391	mph(E)	Erythromycin	mph(E)
SRR2938314	/home/user/ww_amr_batch/contigs/SRR2938314.contigs.fa	k141_33346	9095	10264	-	tet(O)_2	751-1920/1920	.....==========	0/0	60.94	100.00	resfinder	M20925	tet(O)	Doxycycline;Minocycline;Tetracycline	tet(O)
SRR2938314	/home/user/ww_amr_batch/contigs/SRR2938314.contigs.fa	k141_39385	1	517	+	blaOXA-212_1	19-535/825	==========.....	0/0	62.67	96.71	resfinder	JN861780	blaOXA-212		blaOXA-212
SRR2938314	/home/user/ww_amr_batch/contigs/SRR2938314.contigs.fa	k141_40676	1	926	+	msr(D)_2	277-1202/1464	..===========..	0/0	63.25	97.73	resfinder	AF274302	msr(D)	Azithromycin;Erythromycin;Pristinamycin_IA;Quinupristin;Telithromycin;Virginiamycin_S	msr(D)
SRR2938314	/home/user/ww_amr_batch/contigs/SRR2938314.contigs.fa	k141_47978	321	1187	+	ant(6)-Ia_3	1-867/867	===============	0/0	100.00	99.31	resfinder	KF864551	ant(6)-Ia	Streptomycin	ant(6)-Ia
SRR2938314	/home/user/ww_amr_batch/contigs/SRR2938314.contigs.fa	k141_4971	3697	4692	-	cfxA6_1	1-996/996	===============	0/0	100.00	99.70	resfinder	GQ342996	cfxA6		cfxA6
SRR2938314	/home/user/ww_amr_batch/contigs/SRR2938314.contigs.fa	k141_5396	150	556	-	lnu(C)_1	89-495/495	..=============	0/0	82.22	95.82	resfinder	AY928180	lnu(C)	Lincomycin	lnu(C)
SRR2938314	/home/user/ww_amr_batch/contigs/SRR2938314.contigs.fa	k141_6777	1	764	+	tet(39)_1	281-1044/1122	...===========.	0/0	68.09	100.00	resfinder	KT346360	tet(39)	Doxycycline;Tetracycline;Tigecycline	tet(39)
SRR2938314	/home/user/ww_amr_batch/contigs/SRR2938314.contigs.fa	k141_870	1	404	+	catS_1	134-537/537	...============	0/0	75.23	98.27	resfinder	X74948	catS	Chloramphenicol	catS
SRR2938315	/home/user/ww_amr_batch/contigs/SRR2938315.contigs.fa	k141_1521	2623	4542	-	tet(W)_1	1-1920/1920	===============	0/0	100.00	99.53	resfinder	DQ060146	tet(W)	Doxycycline;Minocycline;Tetracycline	tet(W)
SRR2938315	/home/user/ww_amr_batch/contigs/SRR2938315.contigs.fa	k141_18049	190	1365	-	tet(G)_1	1-1176/1176	===============	0/0	100.00	93.71	resfinder	AF133139	tet(G)	Doxycycline;Tetracycline	tet(G)
SRR2938315	/home/user/ww_amr_batch/contigs/SRR2938315.contigs.fa	k141_1936	190	723	-	ant(2'')-Ia_1	1-534/534	===============	0/0	100.00	99.81	resfinder	X04555	ant(2'')-Ia	Gentamicin;Tobramycin	ant(2'')-Ia
SRR2938315	/home/user/ww_amr_batch/contigs/SRR2938315.contigs.fa	k141_21019	1	559	+	aadA1_2	234-792/792	....===========	0/0	70.58	98.03	resfinder	FJ591054	aadA1	Spectinomycin;Streptomycin	aadA1
SRR2938315	/home/user/ww_amr_batch/contigs/SRR2938315.contigs.fa	k141_24876	1	703	-	aadA5_1	1-703/789	==============.	0/0	89.10	99.29	resfinder	AF137361	aadA5	Spectinomycin;Streptomycin	aadA5
SRR2938315	/home/user/ww_amr_batch/contigs/SRR2938315.contigs.fa	k141_25209	305	1480	+	cmx_1	1-1176/1176	===============	0/0	100.00	99.92	resfinder	U85507	cmx	Chloramphenicol	cmx
SRR2938315	/home/user/ww_amr_batch/contigs/SRR2938315.contigs.fa	k141_2630	411	1262	-	sul1_9	1-852/852	===============	0/0	100.00	100.00	resfinder	AY963803	sul1	Sulfamethoxazole	sul1
SRR2938315	/home/user/ww_amr_batch/contigs/SRR2938315.contigs.fa	k141_26395	332	2230	-	tet(O)_2	22-1920/1920	===============	0/0	98.91	99.47	resfinder	M20925	tet(O)	Doxycycline;Minocycline;Tetracycline	tet(O)
SRR2938315	/home/user/ww_amr_batch/contigs/SRR2938315.contigs.fa	k141_32838	1	675	-	blaCARB-8_1	1-675/897	============...	0/0	75.25	99.70	resfinder	AY178993	blaCARB-8	Amoxicillin;Ampicillin;Piperacillin	blaCARB-8
SRR2938315	/home/user/ww_amr_batch/contigs/SRR2938315.contigs.fa	k141_44281	191	1027	-	aph(6)-Id_1	1-837/837	===============	0/0	100.00	99.88	resfinder	M28829	aph(6)-Id	Streptomycin	aph(6)-Id
SRR2938315	/home/user/ww_amr_batch/contigs/SRR2938315.contigs.fa	k141_44281	1027	1829	-	aph(3'')-Ib_2	2-804/804	===============	0/0	99.88	100.00	resfinder	AF024602	aph(3'')-Ib	Streptomycin	aph(3'')-Ib
SRR2938315	/home/user/ww_amr_batch/contigs/SRR2938315.contigs.fa	k141_50665	170	985	-	sul2_2	1-816/816	===============	0/0	100.00	100.00	resfinder	AY034138	sul2	Sulfamethoxazole	sul2
SRR2938316	/home/user/ww_amr_batch/contigs/SRR2938316.contigs.fa	k141_11383	1	511	+	qnrB19_1	16-526/645	=============..	0/0	79.22	100.00	resfinder	EU432277	qnrB19	Ciprofloxacin	qnrB19
SRR2938316	/home/user/ww_amr_batch/contigs/SRR2938316.contigs.fa	k141_16112	955	1821	-	ant(6)-Ia_3	1-867/867	===============	0/0	100.00	99.89	resfinder	KF864551	ant(6)-Ia	Streptomycin	ant(6)-Ia
SRR2938316	/home/user/ww_amr_batch/contigs/SRR2938316.contigs.fa	k141_20258	32	769	-	erm(B)_12	1-738/738	===============	0/0	100.00	100.00	resfinder	U18931	erm(B)	Clindamycin;Erythromycin;Lincomycin;Pristinamycin_IA;Quinupristin;Virginiamycin_S	erm(B)
SRR2938316	/home/user/ww_amr_batch/contigs/SRR2938316.contigs.fa	k141_21861	1564	2970	+	tet(O)_1	1-1407/1920	===========....	0/0	73.28	99.64	resfinder	M18896	tet(O)	Doxycycline;Minocycline;Tetracycline	tet(O)
SRR2938316	/home/user/ww_amr_batch/contigs/SRR2938316.contigs.fa	k141_22124	292	1512	-	tet(40)_2	1-1221/1221	===============	0/0	100.00	99.84	resfinder	AM419751	tet(40)	Doxycycline;Tetracycline	tet(40)
SRR2938316	/home/user/ww_amr_batch/contigs/SRR2938316.contigs.fa	k141_25780	214	1061	-	ant(3'')-Ia_1	125-972/972	.==============	0/0	87.24	98.58	resfinder	X02340	ant(3'')-Ia	Streptomycin	ant(3'')-Ia
SRR2938316	/home/user/ww_amr_batch/contigs/SRR2938316.contigs.fa	k141_35284	32	1207	-	tet(G)_2	1-1176/1176	===============	0/0	100.00	91.92	resfinder	AF133140	tet(G)	Doxycycline;Tetracycline	tet(G)
SRR2938316	/home/user/ww_amr_batch/contigs/SRR2938316.contigs.fa	k141_3534	423	1259	-	aph(6)-Id_1	1-837/837	===============	0/0	100.00	100.00	resfinder	M28829	aph(6)-Id	Streptomycin	aph(6)-Id
SRR2938316	/home/user/ww_amr_batch/contigs/SRR2938316.contigs.fa	k141_3534	1259	2061	-	aph(3'')-Ib_2	2-804/804	===============	0/0	99.88	100.00	resfinder	AF024602	aph(3'')-Ib	Streptomycin	aph(3'')-Ib
SRR2938316	/home/user/ww_amr_batch/contigs/SRR2938316.contigs.fa	k141_39343	326	803	+	catS_1	1-478/537	==============.	0/0	89.01	98.12	resfinder	X74948	catS	Chloramphenicol	catS
SRR2938316	/home/user/ww_amr_batch/contigs/SRR2938316.contigs.fa	k141_43038	266	1557	-	tet(M)_4	629-1920/1920	....===========	0/0	67.29	99.23	resfinder	X75073	tet(M)	Doxycycline;Minocycline;Tetracycline	tet(M)
SRR2938316	/home/user/ww_amr_batch/contigs/SRR2938316.contigs.fa	k141_43159	1406	2924	+	tet(W)_1	1-1519/1920	============...	0/0	79.11	99.14	resfinder	DQ060146	tet(W)	Doxycycline;Minocycline;Tetracycline	tet(W)
SRR2938316	/home/user/ww_amr_batch/contigs/SRR2938316.contigs.fa	k141_44590	156	1236	+	CmlA9_1	1-1081/1215	==============.	0/0	88.97	99.35	resfinder	JN406319	CmlA9	Chloramphenicol	CmlA9
SRR2938316	/home/user/ww_amr_batch/contigs/SRR2938316.contigs.fa	k141_50175	1	625	-	erm(X)_2	1-625/762	=============..	0/0	82.02	98.88	resfinder	X51472	erm(X)	Clindamycin;Erythromycin;Lincomycin;Pristinamycin_IA;Quinupristin;Virginiamycin_S	erm(X)
SRR2938316	/home/user/ww_amr_batch/contigs/SRR2938316.contigs.fa	k141_6012	1	702	-	sul2_14	19-720/819	==============.	0/0	85.71	98.86	resfinder	AJ514834	sul2	Sulfamethoxazole	sul2
SRR2938316	/home/user/ww_amr_batch/contigs/SRR2938316.contigs.fa	k141_61305	1	801	-	cfr(C)_2	359-1159/1251	....==========.	0/0	64.03	100.00	resfinder	CANB01000378	cfr(C)	Chloramphenicol;Clindamycin;Dalfopristin;Florfenicol;Lincomycin;Linezolid;Pristinamycin_IIA;Tiamulin;Virginiamycin_M	cfr(C)
SRR2938316	/home/user/ww_amr_batch/contigs/SRR2938316.contigs.fa	k141_65601	99	965	+	sul1_5	1-867/867	===============	0/0	100.00	99.89	resfinder	EU780013	sul1	Sulfamethoxazole	sul1
SRR2938316	/home/user/ww_amr_batch/contigs/SRR2938316.contigs.fa	k141_68965	64968	65462	-	lnu(C)_1	1-495/495	===============	0/0	100.00	99.19	resfinder	AY928180	lnu(C)	Lincomycin	lnu(C)
SRR2938317	/home/user/ww_amr_batch/contigs/SRR2938317.contigs.fa	k141_1257	1	500	-	erm(F)_1	1-500/801	==========.....	0/0	62.42	100.00	resfinder	M14730	erm(F)	Clindamycin;Erythromycin;Lincomycin;Pristinamycin_IA;Quinupristin;Virginiamycin_S	erm(F)
SRR2938317	/home/user/ww_amr_batch/contigs/SRR2938317.contigs.fa	k141_13725	1352	3277	+	tet(Q)_1	1-1926/1926	===============	0/0	100.00	99.84	resfinder	L33696	tet(Q)	Doxycycline;Minocycline;Tetracycline	tet(Q)
SRR2938317	/home/user/ww_amr_batch/contigs/SRR2938317.contigs.fa	k141_14187	104	1198	+	cfr(C)_2	1-1095/1251	==============.	0/0	87.53	99.73	resfinder	CANB01000378	cfr(C)	Chloramphenicol;Clindamycin;Dalfopristin;Florfenicol;Lincomycin;Linezolid;Pristinamycin_IIA;Tiamulin;Virginiamycin_M	cfr(C)
SRR2938317	/home/user/ww_amr_batch/contigs/SRR2938317.contigs.fa	k141_20574	1477	2467	-	cfxA6_1	6-996/996	===============	0/0	99.50	99.70	resfinder	GQ342996	cfxA6		cfxA6
SRR2938317	/home/user/ww_amr_batch/contigs/SRR2938317.contigs.fa	k141_21031	784	2703	+	tet(W)_4	1-1920/1920	===============	0/0	100.00	99.38	resfinder	FN396364	tet(W)	Doxycycline;Minocycline;Tetracycline	tet(W)
SRR2938317	/home/user/ww_amr_batch/contigs/SRR2938317.contigs.fa	k141_30162	493	1713	+	tet(40)_1	1-1221/1221	===============	0/0	100.00	99.92	resfinder	FJ158002	tet(40)	Doxycycline;Tetracycline	tet(40)
SRR2938317	/home/user/ww_amr_batch/contigs/SRR2938317.contigs.fa	k141_32848	419	1156	+	erm(B)_12	1-738/738	===============	0/0	100.00	100.00	resfinder	U18931	erm(B)	Clindamycin;Erythromycin;Lincomycin;Pristinamycin_IA;Quinupristin;Virginiamycin_S	erm(B)
SRR2938317	/home/user/ww_amr_batch/contigs/SRR2938317.contigs.fa	k141_33747	610	1072	-	catS_1	1-463/537	=============..	0/0	86.22	98.49	resfinder	X74948	catS	Chloramphenicol	catS
SRR2938317	/home/user/ww_amr_batch/contigs/SRR2938317.contigs.fa	k141_34648	169	663	-	lnu(C)_1	1-495/495	===============	0/0	100.00	98.38	resfinder	AY928180	lnu(C)	Lincomycin	lnu(C)
SRR2938317	/home/user/ww_amr_batch/contigs/SRR2938317.contigs.fa	k141_37305	1	567	-	aph(3'')-Ib_2	2-568/804	===========....	0/0	70.52	99.82	resfinder	AF024602	aph(3'')-Ib	Streptomycin	aph(3'')-Ib
SRR2938317	/home/user/ww_amr_batch/contigs/SRR2938317.contigs.fa	k141_37361	281	1756	+	msr(E)_1	1-1476/1476	===============	0/0	100.00	100.00	resfinder	FR751518	msr(E)	Azithromycin;Erythromycin;Pristinamycin_IA;Quinupristin;Virginiamycin_S	msr(E)
SRR2938317	/home/user/ww_amr_batch/contigs/SRR2938317.contigs.fa	k141_37361	1812	2696	+	mph(E)_1	1-885/885	===============	0/0	100.00	100.00	resfinder	DQ839391	mph(E)	Erythromycin	mph(E)
SRR2938317	/home/user/ww_amr_batch/contigs/SRR2938317.contigs.fa	k141_37608	1	1158	+	tet(O)_2	763-1920/1920	.....==========	0/0	60.31	99.91	resfinder	M20925	tet(O)	Doxycycline;Minocycline;Tetracycline	tet(O)
SRR2938317	/home/user/ww_amr_batch/contigs/SRR2938317.contigs.fa	k141_40901	171	1037	+	ant(6)-Ia_3	1-867/867	===============	0/0	100.00	99.77	resfinder	KF864551	ant(6)-Ia	Streptomycin	ant(6)-Ia
SRR2938317	/home/user/ww_amr_batch/contigs/SRR2938317.contigs.fa	k141_43394	424	1239	-	sul2_2	1-816/816	===============	0/0	100.00	100.00	resfinder	AY034138	sul2	Sulfamethoxazole	sul2
SRR2938317	/home/user/ww_amr_batch/contigs/SRR2938317.contigs.fa	k141_43624	527	1273	-	sul1_2	94-840/840	.==============	0/0	88.93	100.00	resfinder	U12338	sul1	Sulfamethoxazole	sul1
SRR2938317	/home/user/ww_amr_batch/contigs/SRR2938317.contigs.fa	k141_48498	9	806	-	ant(3'')-Ia_1	171-968/972	..=============	0/0	82.10	96.24	resfinder	X02340	ant(3'')-Ia	Streptomycin	ant(3'')-Ia
SRR2938317	/home/user/ww_amr_batch/contigs/SRR2938317.contigs.fa	k141_5214	1	563	-	blaGES-11_1	1-563/864	==========.....	0/0	65.16	99.47	resfinder	FJ854362	blaGES-11	Amoxicillin;Amoxicillin+Clavulanic_acid;Ampicillin;Ampicillin+Clavulanic_acid;Cefoxitin;Ceftazidime;Piperacillin;Ticarcillin	blaGES-11
SRR2938318	/home/user/ww_amr_batch/contigs/SRR2938318.contigs.fa	k141_10877	976	1725	+	aph(3'')-Ib_2	2-751/804	===============	0/0	93.28	100.00	resfinder	AF024602	aph(3'')-Ib	Streptomycin	aph(3'')-Ib
SRR2938318	/home/user/ww_amr_batch/contigs/SRR2938318.contigs.fa	k141_11213	152	756	+	mph(E)_1	1-605/885	===========....	0/0	68.36	99.83	resfinder	DQ839391	mph(E)	Erythromycin	mph(E)
SRR2938318	/home/user/ww_amr_batch/contigs/SRR2938318.contigs.fa	k141_2287	1	1307	-	tet(O)_1	1-1307/1920	===========....	0/0	68.07	99.08	resfinder	M18896	tet(O)	Doxycycline;Minocycline;Tetracycline	tet(O)
SRR2938318	/home/user/ww_amr_batch/contigs/SRR2938318.contigs.fa	k141_2671	489	1304	+	sul2_2	1-816/816	===============	0/0	100.00	100.00	resfinder	AY034138	sul2	Sulfamethoxazole	sul2
SRR2938318	/home/user/ww_amr_batch/contigs/SRR2938318.contigs.fa	k141_415	578	1444	-	sul1_5	1-867/867	===============	0/0	100.00	99.89	resfinder	EU780013	sul1	Sulfamethoxazole	sul1
SRR2938318	/home/user/ww_amr_batch/contigs/SRR2938318.contigs.fa	k141_5407	2	624	-	aadA6_1	1-623/846	============...	0/0	73.64	94.54	resfinder	AF140629	aadA6	Spectinomycin;Streptomycin	aadA6
SRR2938318	/home/user/ww_amr_batch/contigs/SRR2938318.contigs.fa	k141_7079	824	2743	+	tet(W)_5	1-1920/1920	===============	0/0	100.00	99.69	resfinder	AJ427422	tet(W)	Doxycycline;Minocycline;Tetracycline	tet(W)
SRR2938318	/home/user/ww_amr_batch/contigs/SRR2938318.contigs.fa	k141_9172	1	685	-	aph(6)-Id_1	1-685/837	=============..	0/0	81.84	99.56	resfinder	M28829	aph(6)-Id	Streptomycin	aph(6)-Id
SRR2938319	/home/user/ww_amr_batch/contigs/SRR2938319.contigs.fa	k141_21288	671	1441	+	cfr(C)_2	1-771/1251	==========.....	0/0	61.63	100.00	resfinder	CANB01000378	cfr(C)	Chloramphenicol;Clindamycin;Dalfopristin;Florfenicol;Lincomycin;Linezolid;Pristinamycin_IIA;Tiamulin;Virginiamycin_M	cfr(C)
SRR2938319	/home/user/ww_amr_batch/contigs/SRR2938319.contigs.fa	k141_21716	80	762	-	erm(B)_12	56-738/738	.==============	0/0	92.55	99.56	resfinder	U18931	erm(B)	Clindamycin;Erythromycin;Lincomycin;Pristinamycin_IA;Quinupristin;Virginiamycin_S	erm(B)
SRR2938319	/home/user/ww_amr_batch/contigs/SRR2938319.contigs.fa	k141_23261	96	559	-	catS_1	12-475/537	==============.	0/0	86.41	97.63	resfinder	X74948	catS	Chloramphenicol	catS
SRR2938319	/home/user/ww_amr_batch/contigs/SRR2938319.contigs.fa	k141_28454	76	715	-	aadA13_1	1-640/798	=============..	0/0	80.20	94.38	resfinder	AY713504	aadA13	Spectinomycin;Streptomycin	aadA13
SRR2938319	/home/user/ww_amr_batch/contigs/SRR2938319.contigs.fa	k141_31049	1	1833	+	tet(M)_5	88-1920/1920	===============	0/0	95.47	98.20	resfinder	U58985	tet(M)	Doxycycline;Minocycline;Tetracycline	tet(M)
SRR2938319	/home/user/ww_amr_batch/contigs/SRR2938319.contigs.fa	k141_31973	1	850	+	ant(6)-Ia_3	18-867/867	===============	0/0	98.04	100.00	resfinder	KF864551	ant(6)-Ia	Streptomycin	ant(6)-Ia
SRR2938319	/home/user/ww_amr_batch/contigs/SRR2938319.contigs.fa	k141_3355	40	573	+	ant(2'')-Ia_1	1-534/534	===============	0/0	100.00	98.69	resfinder	X04555	ant(2'')-Ia	Gentamicin;Tobramycin	ant(2'')-Ia
SRR2938319	/home/user/ww_amr_batch/contigs/SRR2938319.contigs.fa	k141_34861	287	2206	+	tet(W)_5	1-1920/1920	===============	0/0	100.00	99.69	resfinder	AJ427422	tet(W)	Doxycycline;Minocycline;Tetracycline	tet(W)
SRR2938319	/home/user/ww_amr_batch/contigs/SRR2938319.contigs.fa	k141_38720	325	1253	-	msr(E)_1	548-1476/1476	.....==========	0/0	62.94	99.89	resfinder	FR751518	msr(E)	Azithromycin;Erythromycin;Pristinamycin_IA;Quinupristin;Virginiamycin_S	msr(E)
SRR2938319	/home/user/ww_amr_batch/contigs/SRR2938319.contigs.fa	k141_39433	1	1139	-	tet(40)_1	1-1139/1221	==============.	0/0	93.28	99.74	resfinder	FJ158002	tet(40)	Doxycycline;Tetracycline	tet(40)
SRR2938319	/home/user/ww_amr_batch/contigs/SRR2938319.contigs.fa	k141_4954	3355	4644	+	tet(O)_1	1-1290/1920	===========....	0/0	67.19	99.69	resfinder	M18896	tet(O)	Doxycycline;Minocycline;Tetracycline	tet(O)
SRR2938319	/home/user/ww_amr_batch/contigs/SRR2938319.contigs.fa	k141_5108	160	962	-	aph(3'')-Ib_2	2-804/804	===============	0/0	99.88	100.00	resfinder	AF024602	aph(3'')-Ib	Streptomycin	aph(3'')-Ib
SRR2938320	/home/user/ww_amr_batch/contigs/SRR2938320.contigs.fa	k141_1815	1099	1901	+	aph(3'')-Ib_2	2-804/804	===============	0/0	99.88	99.50	resfinder	AF024602	aph(3'')-Ib	Streptomycin	aph(3'')-Ib
SRR2938320	/home/user/ww_amr_batch/contigs/SRR2938320.contigs.fa	k141_1815	1901	2426	+	aph(6)-Id_1	1-526/837	==========.....	0/0	62.84	100.00	resfinder	M28829	aph(6)-Id	Streptomycin	aph(6)-Id
SRR2938320	/home/user/ww_amr_batch/contigs/SRR2938320.contigs.fa	k141_18941	817	2736	+	tet(W)_4	1-1920/1920	===============	0/0	100.00	99.64	resfinder	FN396364	tet(W)	Doxycycline;Minocycline;Tetracycline	tet(W)
SRR2938320	/home/user/ww_amr_batch/contigs/SRR2938320.contigs.fa	k141_20640	1	544	-	erm(B)_1	65-608/738	.============..	0/0	73.71	99.08	resfinder	JN899585	erm(B)	Clindamycin;Erythromycin;Lincomycin;Pristinamycin_IA;Quinupristin;Virginiamycin_S	erm(B)
SRR2938320	/home/user/ww_amr_batch/contigs/SRR2938320.contigs.fa	k141_25616	296	1471	+	cmx_1	1-1176/1176	===============	0/0	100.00	94.73	resfinder	U85507	cmx	Chloramphenicol	cmx
SRR2938320	/home/user/ww_amr_batch/contigs/SRR2938320.contigs.fa	k141_26300	5	1192	-	tet(39)_2	1-1188/1188	===============	0/0	100.00	99.83	resfinder	CP044518	tet(39)	Doxycycline;Tetracycline;Tigecycline	tet(39)
SRR2938320	/home/user/ww_amr_batch/contigs/SRR2938320.contigs.fa	k141_27072	7043	8962	-	tet(O)_1	1-1920/1920	===============	0/0	100.00	99.69	resfinder	M18896	tet(O)	Doxycycline;Minocycline;Tetracycline	tet(O)
SRR2938320	/home/user/ww_amr_batch/contigs/SRR2938320.contigs.fa	k141_354	491	1357	-	sul1_5	1-867/867	===============	0/0	100.00	99.89	resfinder	EU780013	sul1	Sulfamethoxazole	sul1
SRR2938320	/home/user/ww_amr_batch/contigs/SRR2938320.contigs.fa	k141_7632	1	813	-	mph(E)_1	1-813/885	==============.	0/0	91.86	99.88	resfinder	DQ839391	mph(E)	Erythromycin	mph(E)
SRR2938320	/home/user/ww_amr_batch/contigs/SRR2938320.contigs.fa	k141_7632	869	2344	-	msr(E)_1	1-1476/1476	===============	0/0	100.00	100.00	resfinder	FR751518	msr(E)	Azithromycin;Erythromycin;Pristinamycin_IA;Quinupristin;Virginiamycin_S	msr(E)
SRR2938320	/home/user/ww_amr_batch/contigs/SRR2938320.contigs.fa	k141_8734	107	898	+	aph(3')-III_1	1-792/795	===============	0/0	99.62	100.00	resfinder	M26832	aph(3')-III	Amikacin;Butirosin;Isepamicin;Kanamycin;Lividomycin;Neomycin;Paromomycin;Ribostamycin	aph(3')-III
SRR2938320	/home/user/ww_amr_batch/contigs/SRR2938320.contigs.fa	k141_8828	1	693	-	ant(3'')-Ia_1	146-838/972	..===========..	0/0	71.30	99.13	resfinder	X02340	ant(3'')-Ia	Streptomycin	ant(3'')-Ia
SRR2938321	/home/user/ww_amr_batch/contigs/SRR2938321.contigs.fa	k141_11328	1032	2883	-	tet(W)_5	69-1920/1920	===============	0/0	96.46	99.57	resfinder	AJ427422	tet(W)	Doxycycline;Minocycline;Tetracycline	tet(W)
SRR2938321	/home/user/ww_amr_batch/contigs/SRR2938321.contigs.fa	k141_12584	994	1878	-	mph(E)_1	1-885/885	===============	0/0	100.00	99.89	resfinder	DQ839391	mph(E)	Erythromycin	mph(E)
SRR2938321	/home/user/ww_amr_batch/contigs/SRR2938321.contigs.fa	k141_12584	1934	3409	-	msr(E)_1	1-1476/1476	===============	0/0	100.00	100.00	resfinder	FR751518	msr(E)	Azithromycin;Erythromycin;Pristinamycin_IA;Quinupristin;Virginiamycin_S	msr(E)
SRR2938321	/home/user/ww_amr_batch/contigs/SRR2938321.contigs.fa	k141_1329	130	727	+	aph(6)-Id_1	173-770/837	...===========.	0/0	71.45	99.67	resfinder	M28829	aph(6)-Id	Streptomycin	aph(6)-Id
SRR2938321	/home/user/ww_amr_batch/contigs/SRR2938321.contigs.fa	k141_14337	3	686	+	aadA5_1	106-789/789	..=============	0/0	86.69	99.85	resfinder	AF137361	aadA5	Spectinomycin;Streptomycin	aadA5
SRR2938321	/home/user/ww_amr_batch/contigs/SRR2938321.contigs.fa	k141_15023	1112	2595	+	tet(O)_1	1-1484/1920	============...	0/0	77.29	99.26	resfinder	M18896	tet(O)	Doxycycline;Minocycline;Tetracycline	tet(O)
SRR2938321	/home/user/ww_amr_batch/contigs/SRR2938321.contigs.fa	k141_15392	5	734	+	blaOXA-334_1	1-730/825	==============.	0/0	88.48	97.81	resfinder	KF203108	blaOXA-334		blaOXA-334
SRR2938321	/home/user/ww_amr_batch/contigs/SRR2938321.contigs.fa	k141_15813	4	598	+	aph(3'')-Ib_2	6-600/804	============...	0/0	74.00	99.83	resfinder	AF024602	aph(3'')-Ib	Streptomycin	aph(3'')-Ib
SRR2938321	/home/user/ww_amr_batch/contigs/SRR2938321.contigs.fa	k141_1686	364	1106	-	erm(B)_18	20-762/762	===============	0/0	97.51	99.73	resfinder	X66468	erm(B)	Clindamycin;Erythromycin;Lincomycin;Pristinamycin_IA;Quinupristin;Virginiamycin_S	erm(B)
SRR2938321	/home/user/ww_amr_batch/contigs/SRR2938321.contigs.fa	k141_17619	1	1176	-	tet(39)_2	1-1176/1188	===============	0/0	98.99	99.49	resfinder	CP044518	tet(39)	Doxycycline;Tetracycline;Tigecycline	tet(39)
SRR2938321	/home/user/ww_amr_batch/contigs/SRR2938321.contigs.fa	k141_3735	759	1613	-	sul1_5	13-867/867	===============	0/0	98.62	99.77	resfinder	EU780013	sul1	Sulfamethoxazole	sul1
SRR2938321	/home/user/ww_amr_batch/contigs/SRR2938321.contigs.fa	k141_8752	5	686	-	aadA13_1	117-798/798	..=============	0/0	85.46	96.92	resfinder	AY713504	aadA13	Spectinomycin;Streptomycin	aadA13
SRR2938321	/home/user/ww_amr_batch/contigs/SRR2938321.contigs.fa	k141_8766	133	627	-	lnu(C)_1	1-495/495	===============	0/0	100.00	98.99	resfinder	AY928180	lnu(C)	Lincomycin	lnu(C)
SRR2938321	/home/user/ww_amr_batch/contigs/SRR2938321.contigs.fa	k141_984	1	649	-	ant(6)-Ia_3	1-649/867	============...	0/0	74.86	100.00	resfinder	KF864551	ant(6)-Ia	Streptomycin	ant(6)-Ia
SRR2938322	/home/user/ww_amr_batch/contigs/SRR2938322.contigs.fa	k141_13008	457	1199	+	erm(B)_18	20-762/762	===============	0/0	97.51	99.73	resfinder	X66468	erm(B)	Clindamycin;Erythromycin;Lincomycin;Pristinamycin_IA;Quinupristin;Virginiamycin_S	erm(B)
SRR2938322	/home/user/ww_amr_batch/contigs/SRR2938322.contigs.fa	k141_14519	1	860	-	FloR_4	46-905/1215	============...	0/0	70.78	84.30	resfinder	CP136914	FloR	Chloramphenicol;Florfenicol	FloR
SRR2938322	/home/user/ww_amr_batch/contigs/SRR2938322.contigs.fa	k141_14570	1	719	-	tet(39)_2	1-719/1188	==========.....	0/0	60.52	99.72	resfinder	CP044518	tet(39)	Doxycycline;Tetracycline;Tigecycline	tet(39)
SRR2938322	/home/user/ww_amr_batch/contigs/SRR2938322.contigs.fa	k141_19204	12	1262	-	cfr(C)_2	1-1251/1251	===============	0/0	100.00	99.68	resfinder	CANB01000378	cfr(C)	Chloramphenicol;Clindamycin;Dalfopristin;Florfenicol;Lincomycin;Linezolid;Pristinamycin_IIA;Tiamulin;Virginiamycin_M	cfr(C)
SRR2938322	/home/user/ww_amr_batch/contigs/SRR2938322.contigs.fa	k141_19363	1861	3078	+	mef(A)_2	1-1218/1218	===============	0/0	100.00	95.07	resfinder	U83667	mef(A)	Azithromycin;Erythromycin	mef(A)
SRR2938322	/home/user/ww_amr_batch/contigs/SRR2938322.contigs.fa	k141_19363	3198	4661	+	msr(D)_3	1-1464/1464	===============	0/0	100.00	98.36	resfinder	AF227520	msr(D)	Azithromycin;Erythromycin;Pristinamycin_IA;Quinupristin;Telithromycin;Virginiamycin_S	msr(D)
SRR2938322	/home/user/ww_amr_batch/contigs/SRR2938322.contigs.fa	k141_19562	15	860	+	aadA11_1	1-846/846	===============	0/0	100.00	96.34	resfinder	AY144590	aadA11	Spectinomycin;Streptomycin	aadA11
SRR2938322	/home/user/ww_amr_batch/contigs/SRR2938322.contigs.fa	k141_2338	1855	2657	+	aph(3'')-Ib_2	2-804/804	===============	0/0	99.88	100.00	resfinder	AF024602	aph(3'')-Ib	Streptomycin	aph(3'')-Ib
SRR2938322	/home/user/ww_amr_batch/contigs/SRR2938322.contigs.fa	k141_2338	2657	3493	+	aph(6)-Id_1	1-837/837	===============	0/0	100.00	100.00	resfinder	M28829	aph(6)-Id	Streptomycin	aph(6)-Id
SRR2938322	/home/user/ww_amr_batch/contigs/SRR2938322.contigs.fa	k141_23811	1	798	+	mph(A)_1	109-906/906	.==============	0/0	88.08	99.88	resfinder	D16251	mph(A)	Azithromycin;Erythromycin;Spiramycin;Telithromycin	mph(A)
SRR2938322	/home/user/ww_amr_batch/contigs/SRR2938322.contigs.fa	k141_25014	1	579	+	catB3_2	55-633/633	.==============	0/0	91.47	99.83	resfinder	U13880	catB3	Chloramphenicol	catB3
SRR2938322	/home/user/ww_amr_batch/contigs/SRR2938322.contigs.fa	k141_25670	148	978	-	blaOXA-4_1	1-831/831	===============	0/0	100.00	100.00	resfinder	AY162283	blaOXA-4		blaOXA-4
SRR2938322	/home/user/ww_amr_batch/contigs/SRR2938322.contigs.fa	k141_30857	283	1503	-	tet(40)_1	1-1221/1221	===============	0/0	100.00	99.51	resfinder	FJ158002	tet(40)	Doxycycline;Tetracycline	tet(40)
SRR2938322	/home/user/ww_amr_batch/contigs/SRR2938322.contigs.fa	k141_32455	975	1469	-	lnu(D)_1	1-495/495	===============	0/0	100.00	83.64	resfinder	EF452177	lnu(D)	Lincomycin	lnu(D)
SRR2938322	/home/user/ww_amr_batch/contigs/SRR2938322.contigs.fa	k141_35391	801	2720	+	tet(O)_1	1-1920/1920	===============	0/0	100.00	99.69	resfinder	M18896	tet(O)	Doxycycline;Minocycline;Tetracycline	tet(O)
SRR2938322	/home/user/ww_amr_batch/contigs/SRR2938322.contigs.fa	k141_36791	238	1184	-	tet(C)_3	245-1191/1191	...============	0/0	79.51	99.68	resfinder	AF055345	tet(C)	Doxycycline;Tetracycline	tet(C)
SRR2938322	/home/user/ww_amr_batch/contigs/SRR2938322.contigs.fa	k141_3759	299	1165	+	ant(6)-Ia_3	1-867/867	===============	0/0	100.00	99.89	resfinder	KF864551	ant(6)-Ia	Streptomycin	ant(6)-Ia
SRR2938322	/home/user/ww_amr_batch/contigs/SRR2938322.contigs.fa	k141_42084	175	528	+	lnu(D)_1	1-354/495	===========....	0/0	71.52	100.00	resfinder	EF452177	lnu(D)	Lincomycin	lnu(D)
SRR2938322	/home/user/ww_amr_batch/contigs/SRR2938322.contigs.fa	k141_42318	624	2099	+	msr(E)_1	1-1476/1476	===============	0/0	100.00	100.00	resfinder	FR751518	msr(E)	Azithromycin;Erythromycin;Pristinamycin_IA;Quinupristin;Virginiamycin_S	msr(E)
SRR2938322	/home/user/ww_amr_batch/contigs/SRR2938322.contigs.fa	k141_42318	2155	3039	+	mph(E)_1	1-885/885	===============	0/0	100.00	100.00	resfinder	DQ839391	mph(E)	Erythromycin	mph(E)
SRR2938322	/home/user/ww_amr_batch/contigs/SRR2938322.contigs.fa	k141_43980	1	790	-	blaOXA-2_1	1-790/828	===============	0/0	95.41	99.49	resfinder	DQ112222	blaOXA-2	Amoxicillin;Amoxicillin+Clavulanic_acid;Ampicillin;Ampicillin+Clavulanic_acid;Ceftazidime;Piperacillin	blaOXA-2
SRR2938322	/home/user/ww_amr_batch/contigs/SRR2938322.contigs.fa	k141_47078	1	831	-	ere(A)_2	19-849/1227	===========....	0/0	67.73	99.76	resfinder	AF099140	ere(A)	Erythromycin	ere(A)
SRR2938322	/home/user/ww_amr_batch/contigs/SRR2938322.contigs.fa	k141_50175	866	2785	-	tet(W)_5	1-1920/1920	===============	0/0	100.00	99.84	resfinder	AJ427422	tet(W)	Doxycycline;Minocycline;Tetracycline	tet(W)
SRR2938322	/home/user/ww_amr_batch/contigs/SRR2938322.contigs.fa	k141_5236	1060	1926	-	sul1_5	1-867/867	===============	0/0	100.00	99.89	resfinder	EU780013	sul1	Sulfamethoxazole	sul1
SRR2938322	/home/user/ww_amr_batch/contigs/SRR2938322.contigs.fa	k141_5236	2404	3205	-	ant(3'')-Ia_1	171-972/972	..=============	0/0	82.51	99.63	resfinder	X02340	ant(3'')-Ia	Streptomycin	ant(3'')-Ia
SRR2938322	/home/user/ww_amr_batch/contigs/SRR2938322.contigs.fa	k141_52575	100	594	+	lnu(C)_1	1-495/495	===============	0/0	100.00	97.78	resfinder	AY928180	lnu(C)	Lincomycin	lnu(C)
SRR2938322	/home/user/ww_amr_batch/contigs/SRR2938322.contigs.fa	k141_52707	415	1230	+	sul2_2	1-816/816	===============	0/0	100.00	100.00	resfinder	AY034138	sul2	Sulfamethoxazole	sul2
SRR2938322	/home/user/ww_amr_batch/contigs/SRR2938322.contigs.fa	k141_53770	1	732	-	cmx_1	54-785/1176	===========....	0/0	62.24	95.77	resfinder	U85507	cmx	Chloramphenicol	cmx
SRR2938322	/home/user/ww_amr_batch/contigs/SRR2938322.contigs.fa	k141_7920	35	493	+	aac(6')-Il_1	1-459/459	===============	0/0	100.00	100.00	resfinder	U13880	aac(6')-Il	Amikacin;Tobramycin	aac(6')-Il
SRR2938322	/home/user/ww_amr_batch/contigs/SRR2938322.contigs.fa	k141_8062	2418	3230	+	aadA2_1	7-819/819	===============	0/0	99.27	99.75	resfinder	NC_010870	aadA2	Spectinomycin;Streptomycin	aadA2
SRR2938322	/home/user/ww_amr_batch/contigs/SRR2938322.contigs.fa	k141_8582	1	683	-	aadA5_1	25-707/789	==============.	0/0	86.57	99.56	resfinder	AF137361	aadA5	Spectinomycin;Streptomycin	aadA5
SRR2938322	/home/user/ww_amr_batch/contigs/SRR2938322.contigs.fa	k141_92	389	897	-	blaOXA-211_1	317-825/825	.....==========	0/0	61.70	99.02	resfinder	JN861779	blaOXA-211	Amoxicillin;Amoxicillin+Clavulanic_acid;Ampicillin;Ampicillin+Clavulanic_acid	blaOXA-211
SRR2938323	/home/user/ww_amr_batch/contigs/SRR2938323.contigs.fa	k141_11972	958	2175	+	mef(A)_2	1-1218/1218	===============	0/0	100.00	95.07	resfinder	U83667	mef(A)	Azithromycin;Erythromycin	mef(A)
SRR2938323	/home/user/ww_amr_batch/contigs/SRR2938323.contigs.fa	k141_11972	2295	3758	+	msr(D)_3	1-1464/1464	===============	0/0	100.00	98.43	resfinder	AF227520	msr(D)	Azithromycin;Erythromycin;Pristinamycin_IA;Quinupristin;Telithromycin;Virginiamycin_S	msr(D)
SRR2938323	/home/user/ww_amr_batch/contigs/SRR2938323.contigs.fa	k141_16998	884	2071	+	tet(39)_2	1-1188/1188	===============	0/0	100.00	99.83	resfinder	CP044518	tet(39)	Doxycycline;Tetracycline;Tigecycline	tet(39)
SRR2938323	/home/user/ww_amr_batch/contigs/SRR2938323.contigs.fa	k141_1773	1	748	-	aadA5_1	9-756/789	===============	0/0	94.80	98.53	resfinder	AF137361	aadA5	Spectinomycin;Streptomycin	aadA5
SRR2938323	/home/user/ww_amr_batch/contigs/SRR2938323.contigs.fa	k141_20106	99	960	+	cfr(C)_2	1-862/1251	===========....	0/0	68.90	99.30	resfinder	CANB01000378	cfr(C)	Chloramphenicol;Clindamycin;Dalfopristin;Florfenicol;Lincomycin;Linezolid;Pristinamycin_IIA;Tiamulin;Virginiamycin_M	cfr(C)
SRR2938323	/home/user/ww_amr_batch/contigs/SRR2938323.contigs.fa	k141_21230	48	581	-	ant(2'')-Ia_1	1-534/534	===============	0/0	100.00	99.81	resfinder	X04555	ant(2'')-Ia	Gentamicin;Tobramycin	ant(2'')-Ia
SRR2938323	/home/user/ww_amr_batch/contigs/SRR2938323.contigs.fa	k141_26210	1	818	-	mef(C)_1	1-818/1224	===========....	0/0	66.83	99.63	resfinder	AB571865	mef(C)	Erythromycin	mef(C)
SRR2938323	/home/user/ww_amr_batch/contigs/SRR2938323.contigs.fa	k141_29178	429	1619	+	tet(C)_3	1-1191/1191	===============	0/0	100.00	99.92	resfinder	AF055345	tet(C)	Doxycycline;Tetracycline	tet(C)
SRR2938323	/home/user/ww_amr_batch/contigs/SRR2938323.contigs.fa	k141_29584	1179	3098	-	tet(W)_5	1-1920/1920	===============	0/0	100.00	99.74	resfinder	AJ427422	tet(W)	Doxycycline;Minocycline;Tetracycline	tet(W)
SRR2938323	/home/user/ww_amr_batch/contigs/SRR2938323.contigs.fa	k141_30793	945	1377	+	aac(6')-Il_1	1-433/459	===============	0/0	94.34	100.00	resfinder	U13880	aac(6')-Il	Amikacin;Tobramycin	aac(6')-Il
SRR2938323	/home/user/ww_amr_batch/contigs/SRR2938323.contigs.fa	k141_32207	1254	1610	+	lnu(C)_1	1-357/495	===========....	0/0	72.12	96.64	resfinder	AY928180	lnu(C)	Lincomycin	lnu(C)
SRR2938323	/home/user/ww_amr_batch/contigs/SRR2938323.contigs.fa	k141_33099	42	815	+	blaOXA-2_1	55-828/828	===============	0/0	93.48	100.00	resfinder	DQ112222	blaOXA-2	Amoxicillin;Amoxicillin+Clavulanic_acid;Ampicillin;Ampicillin+Clavulanic_acid;Ceftazidime;Piperacillin	blaOXA-2
SRR2938323	/home/user/ww_amr_batch/contigs/SRR2938323.contigs.fa	k141_33231	1	646	+	aph(6)-Id_1	182-827/837	...============	0/0	77.18	99.69	resfinder	M28829	aph(6)-Id	Streptomycin	aph(6)-Id
SRR2938323	/home/user/ww_amr_batch/contigs/SRR2938323.contigs.fa	k141_3564	1	563	-	blaGES-2_1	1-563/864	==========.....	0/0	65.16	99.82	resfinder	AF326355	blaGES-2	Amoxicillin;Amoxicillin+Clavulanic_acid;Ampicillin;Ampicillin+Clavulanic_acid;Cefoxitin;Ceftazidime;Piperacillin;Ticarcillin	blaGES-2
SRR2938323	/home/user/ww_amr_batch/contigs/SRR2938323.contigs.fa	k141_38733	92	902	-	ant(3'')-Ia_1	162-972/972	..=============	0/0	83.44	99.38	resfinder	X02340	ant(3'')-Ia	Streptomycin	ant(3'')-Ia
SRR2938323	/home/user/ww_amr_batch/contigs/SRR2938323.contigs.fa	k141_40228	996	1741	+	tet(40)_1	1-746/1221	==========.....	0/0	61.10	99.87	resfinder	FJ158002	tet(40)	Doxycycline;Tetracycline	tet(40)
SRR2938323	/home/user/ww_amr_batch/contigs/SRR2938323.contigs.fa	k141_40633	873	1739	+	sul1_5	1-867/867	===============	0/0	100.00	99.89	resfinder	EU780013	sul1	Sulfamethoxazole	sul1
SRR2938323	/home/user/ww_amr_batch/contigs/SRR2938323.contigs.fa	k141_4216	804	2723	+	tet(O)_1	1-1920/1920	===============	0/0	100.00	99.74	resfinder	M18896	tet(O)	Doxycycline;Minocycline;Tetracycline	tet(O)
SRR2938323	/home/user/ww_amr_batch/contigs/SRR2938323.contigs.fa	k141_43251	170	2089	-	tet(M)_5	1-1920/1920	===============	0/0	100.00	98.65	resfinder	U58985	tet(M)	Doxycycline;Minocycline;Tetracycline	tet(M)
SRR2938323	/home/user/ww_amr_batch/contigs/SRR2938323.contigs.fa	k141_44250	96	622	+	aadA11_1	21-547/846	==========.....	0/0	62.29	97.34	resfinder	AY144590	aadA11	Spectinomycin;Streptomycin	aadA11
SRR2938323	/home/user/ww_amr_batch/contigs/SRR2938323.contigs.fa	k141_44530	96	695	-	aac(6')-Ib-cr_1	1-600/600	===============	0/0	100.00	99.33	resfinder	DQ303918	aac(6')-Ib-cr	Amikacin;Ciprofloxacin;Dibekacin;Fluoroquinolone;Netilmicin;Sisomicin;Tobramycin	aac(6')-Ib-cr
SRR2938323	/home/user/ww_amr_batch/contigs/SRR2938323.contigs.fa	k141_7346	424	1166	+	erm(B)_18	20-762/762	===============	0/0	97.51	99.73	resfinder	X66468	erm(B)	Clindamycin;Erythromycin;Lincomycin;Pristinamycin_IA;Quinupristin;Virginiamycin_S	erm(B)
SRR2938323	/home/user/ww_amr_batch/contigs/SRR2938323.contigs.fa	k141_839	982	1866	-	mph(E)_1	1-885/885	===============	0/0	100.00	100.00	resfinder	DQ839391	mph(E)	Erythromycin	mph(E)
SRR2938323	/home/user/ww_amr_batch/contigs/SRR2938323.contigs.fa	k141_839	1922	3397	-	msr(E)_1	1-1476/1476	===============	0/0	100.00	100.00	resfinder	FR751518	msr(E)	Azithromycin;Erythromycin;Pristinamycin_IA;Quinupristin;Virginiamycin_S	msr(E)
SRR2938323	/home/user/ww_amr_batch/contigs/SRR2938323.contigs.fa	k141_9638	464	958	+	lnu(D)_1	1-495/495	===============	0/0	100.00	84.04	resfinder	EF452177	lnu(D)	Lincomycin	lnu(D)
SRR2938323	/home/user/ww_amr_batch/contigs/SRR2938323.contigs.fa	k141_9724	190	992	-	aph(3'')-Ib_2	2-804/804	===============	0/0	99.88	100.00	resfinder	AF024602	aph(3'')-Ib	Streptomycin	aph(3'')-Ib
SRR2938324	/home/user/ww_amr_batch/contigs/SRR2938324.contigs.fa	k141_1251	1	631	+	sul1_15	210-840/840	...============	0/0	75.12	99.68	resfinder	EF667294	sul1	Sulfamethoxazole	sul1
SRR2938324	/home/user/ww_amr_batch/contigs/SRR2938324.contigs.fa	k141_4131	9	518	-	aph(6)-Id_1	328-837/837	.....==========	0/0	60.93	99.41	resfinder	M28829	aph(6)-Id	Streptomycin	aph(6)-Id
SRR2938324	/home/user/ww_amr_batch/contigs/SRR2938324.contigs.fa	k141_5260	816	2291	+	msr(E)_1	1-1476/1476	===============	0/0	100.00	100.00	resfinder	FR751518	msr(E)	Azithromycin;Erythromycin;Pristinamycin_IA;Quinupristin;Virginiamycin_S	msr(E)
SRR2938324	/home/user/ww_amr_batch/contigs/SRR2938324.contigs.fa	k141_5260	2347	3231	+	mph(E)_1	1-885/885	===============	0/0	100.00	100.00	resfinder	DQ839391	mph(E)	Erythromycin	mph(E)
SRR2938324	/home/user/ww_amr_batch/contigs/SRR2938324.contigs.fa	k141_572	1	569	-	blaOXA-2_1	41-609/828	============...	0/0	68.72	100.00	resfinder	DQ112222	blaOXA-2	Amoxicillin;Amoxicillin+Clavulanic_acid;Ampicillin;Ampicillin+Clavulanic_acid;Ceftazidime;Piperacillin	blaOXA-2
SRR2938324	/home/user/ww_amr_batch/contigs/SRR2938324.contigs.fa	k141_6205	10	517	-	blaOXA-4_1	117-624/831	..==========...	0/0	61.13	99.41	resfinder	AY162283	blaOXA-4		blaOXA-4
SRR2938324	/home/user/ww_amr_batch/contigs/SRR2938324.contigs.fa	k141_723	858	1936	-	mef(A)_2	140-1218/1218	.==============	0/0	88.59	95.64	resfinder	U83667	mef(A)	Azithromycin;Erythromycin	mef(A)
SRR2938324	/home/user/ww_amr_batch/contigs/SRR2938324.contigs.fa	k141_781	84	578	+	lnu(C)_1	1-495/495	===============	0/0	100.00	97.17	resfinder	AY928180	lnu(C)	Lincomycin	lnu(C)
SRR2938325	/home/user/ww_amr_batch/contigs/SRR2938325.contigs.fa	k141_19032	14990	15805	-	sul2_2	1-816/816	===============	0/0	100.00	100.00	resfinder	AY034138	sul2	Sulfamethoxazole	sul2
SRR2938325	/home/user/ww_amr_batch/contigs/SRR2938325.contigs.fa	k141_19217	1	529	-	lnu(F)_1	215-743/822	...===========.	0/0	64.36	99.06	resfinder	EU118119	lnu(F)	Lincomycin	lnu(F)
SRR2938325	/home/user/ww_amr_batch/contigs/SRR2938325.contigs.fa	k141_25412	204	969	-	ere(A)_6	456-1221/1221	.....==========	0/0	62.74	99.35	resfinder	DQ157752	ere(A)	Erythromycin	ere(A)
SRR2938325	/home/user/ww_amr_batch/contigs/SRR2938325.contigs.fa	k141_64327	210	1094	-	mph(G)_1	1-885/885	===============	0/0	100.00	99.77	resfinder	AB571865	mph(G)	Erythromycin	mph(G)
SRR2938325	/home/user/ww_amr_batch/contigs/SRR2938325.contigs.fa	k141_64327	1099	2302	-	mef(C)_1	21-1224/1224	===============	0/0	98.37	99.83	resfinder	AB571865	mef(C)	Erythromycin	mef(C)
SRR2938325	/home/user/ww_amr_batch/contigs/SRR2938325.contigs.fa	k141_70261	5992	6843	+	sul1_9	1-852/852	===============	0/0	100.00	100.00	resfinder	AY963803	sul1	Sulfamethoxazole	sul1
SRR2938326	/home/user/ww_amr_batch/contigs/SRR2938326.contigs.fa	k141_101403	1913	2908	-	cfxA6_1	1-996/996	===============	0/0	100.00	99.70	resfinder	GQ342996	cfxA6		cfxA6
SRR2938326	/home/user/ww_amr_batch/contigs/SRR2938326.contigs.fa	k141_102369	100	542	+	nimD_1	1-443/495	==============.	0/0	89.49	99.10	resfinder	X76949	nimD	Metronidazole	nimD
SRR2938326	/home/user/ww_amr_batch/contigs/SRR2938326.contigs.fa	k141_110153	224	1060	-	aph(6)-Id_1	1-837/837	===============	0/0	100.00	100.00	resfinder	M28829	aph(6)-Id	Streptomycin	aph(6)-Id
SRR2938326	/home/user/ww_amr_batch/contigs/SRR2938326.contigs.fa	k141_110153	1060	1862	-	aph(3'')-Ib_2	2-804/804	===============	0/0	99.88	100.00	resfinder	AF024602	aph(3'')-Ib	Streptomycin	aph(3'')-Ib
SRR2938326	/home/user/ww_amr_batch/contigs/SRR2938326.contigs.fa	k141_111206	23	1305	-	tet(32)_1	1-1283/1920	===========....	0/0	66.82	97.19	resfinder	EU722333	tet(32)	Doxycycline;Minocycline;Tetracycline	tet(32)
SRR2938326	/home/user/ww_amr_batch/contigs/SRR2938326.contigs.fa	k141_113967	983	1471	-	dfrD_1	1-489/489	===============	0/0	100.00	99.80	resfinder	Z50141	dfrD	Trimethoprim	dfrD
SRR2938326	/home/user/ww_amr_batch/contigs/SRR2938326.contigs.fa	k141_114314	777	1997	-	tet(40)_1	1-1221/1221	===============	0/0	100.00	99.92	resfinder	FJ158002	tet(40)	Doxycycline;Tetracycline	tet(40)
SRR2938326	/home/user/ww_amr_batch/contigs/SRR2938326.contigs.fa	k141_116861	60	750	-	aadA7_1	108-798/798	..=============	0/0	86.59	98.41	resfinder	AF224733	aadA7	Spectinomycin;Streptomycin	aadA7
SRR2938326	/home/user/ww_amr_batch/contigs/SRR2938326.contigs.fa	k141_117352	413	1166	-	tet(G)_1	423-1176/1176	.....==========	0/0	64.12	92.71	resfinder	AF133139	tet(G)	Doxycycline;Tetracycline	tet(G)
SRR2938326	/home/user/ww_amr_batch/contigs/SRR2938326.contigs.fa	k141_121045	42	695	+	aadA2_1	18-671/819	=============..	0/0	79.85	99.39	resfinder	NC_010870	aadA2	Spectinomycin;Streptomycin	aadA2
SRR2938326	/home/user/ww_amr_batch/contigs/SRR2938326.contigs.fa	k141_121473	468	1230	+	erm(B)_18	1-762/762	========/======	1/1	100.00	91.61	resfinder	X66468	erm(B)	Clindamycin;Erythromycin;Lincomycin;Pristinamycin_IA;Quinupristin;Virginiamycin_S	erm(B)
SRR2938326	/home/user/ww_amr_batch/contigs/SRR2938326.contigs.fa	k141_125445	556	1487	-	ant(3'')-Ia_1	34-972/972	========/======	3/7	95.88	99.04	resfinder	X02340	ant(3'')-Ia	Streptomycin	ant(3'')-Ia
SRR2938326	/home/user/ww_amr_batch/contigs/SRR2938326.contigs.fa	k141_14416	5546	7465	+	tet(W)_5	1-1920/1920	===============	0/0	100.00	99.90	resfinder	AJ427422	tet(W)	Doxycycline;Minocycline;Tetracycline	tet(W)
SRR2938326	/home/user/ww_amr_batch/contigs/SRR2938326.contigs.fa	k141_14538	35	901	+	ant(6)-Ia_3	1-867/867	===============	0/0	100.00	100.00	resfinder	KF864551	ant(6)-Ia	Streptomycin	ant(6)-Ia
SRR2938326	/home/user/ww_amr_batch/contigs/SRR2938326.contigs.fa	k141_15569	571	1107	+	catS_1	1-537/537	===============	0/0	100.00	98.70	resfinder	X74948	catS	Chloramphenicol	catS
SRR2938326	/home/user/ww_amr_batch/contigs/SRR2938326.contigs.fa	k141_18987	1747	2241	-	lnu(C)_1	1-495/495	===============	0/0	100.00	98.79	resfinder	AY928180	lnu(C)	Lincomycin	lnu(C)
SRR2938326	/home/user/ww_amr_batch/contigs/SRR2938326.contigs.fa	k141_19126	220	1386	-	tet(X)_2	1-1167/1167	===============	0/0	100.00	99.83	resfinder	M37699	tet(X)	Doxycycline;Minocycline;Tetracycline;Tigecycline	tet(X)
SRR2938326	/home/user/ww_amr_batch/contigs/SRR2938326.contigs.fa	k141_19205	158	958	+	erm(F)_3	1-801/801	===============	0/0	100.00	100.00	resfinder	M17808	erm(F)	Clindamycin;Erythromycin;Lincomycin;Pristinamycin_IA;Quinupristin;Virginiamycin_S	erm(F)
SRR2938326	/home/user/ww_amr_batch/contigs/SRR2938326.contigs.fa	k141_27985	299	1451	+	tet(M)_4	1-1153/1920	==========.....	0/0	60.05	97.22	resfinder	X75073	tet(M)	Doxycycline;Minocycline;Tetracycline	tet(M)
SRR2938326	/home/user/ww_amr_batch/contigs/SRR2938326.contigs.fa	k141_28843	338	1291	+	cmx_1	1-954/1176	=============..	0/0	81.12	99.58	resfinder	U85507	cmx	Chloramphenicol	cmx
SRR2938326	/home/user/ww_amr_batch/contigs/SRR2938326.contigs.fa	k141_34128	4243	4740	-	dfrG_1	1-498/498	===============	0/0	100.00	100.00	resfinder	AB205645	dfrG	Trimethoprim	dfrG
SRR2938326	/home/user/ww_amr_batch/contigs/SRR2938326.contigs.fa	k141_34937	1	1358	+	tet(44)_1	566-1923/1923	....===========	0/0	70.62	97.79	resfinder	NZ_ABDU01000081	tet(44)	Doxycycline;Minocycline;Tetracycline	tet(44)
SRR2938326	/home/user/ww_amr_batch/contigs/SRR2938326.contigs.fa	k141_3745	729	1591	-	ant(6)-Ia_3	1-860/867	========/======	1/3	99.19	82.39	resfinder	KF864551	ant(6)-Ia	Streptomycin	ant(6)-Ia
SRR2938326	/home/user/ww_amr_batch/contigs/SRR2938326.contigs.fa	k141_3872	81	554	-	dfrA1_8	1-474/474	===============	0/0	100.00	99.79	resfinder	X00926	dfrA1	Trimethoprim	dfrA1
SRR2938326	/home/user/ww_amr_batch/contigs/SRR2938326.contigs.fa	k141_39409	1	775	+	mph(G)_1	98-872/885	.==============	0/0	87.57	99.61	resfinder	AB571865	mph(G)	Erythromycin	mph(G)
SRR2938326	/home/user/ww_amr_batch/contigs/SRR2938326.contigs.fa	k141_53156	1	575	+	blaOXA-10_1	158-732/801	..============.	0/0	71.79	99.30	resfinder	J03427	blaOXA-10	Amoxicillin;Ampicillin;Aztreonam;Piperacillin;Piperacillin+Tazobactam	blaOXA-10
SRR2938326	/home/user/ww_amr_batch/contigs/SRR2938326.contigs.fa	k141_55483	13331	15256	+	tet(Q)_1	1-1926/1926	===============	0/0	100.00	99.90	resfinder	L33696	tet(Q)	Doxycycline;Minocycline;Tetracycline	tet(Q)
SRR2938326	/home/user/ww_amr_batch/contigs/SRR2938326.contigs.fa	k141_56841	141	1391	+	cfr(C)_2	1-1251/1251	===============	0/0	100.00	100.00	resfinder	CANB01000378	cfr(C)	Chloramphenicol;Clindamycin;Dalfopristin;Florfenicol;Lincomycin;Linezolid;Pristinamycin_IIA;Tiamulin;Virginiamycin_M	cfr(C)
SRR2938326	/home/user/ww_amr_batch/contigs/SRR2938326.contigs.fa	k141_57475	629	1834	+	tet(B)_1	1-1206/1206	===============	0/0	100.00	100.00	resfinder	AP000342	tet(B)	Doxycycline;Minocycline;Tetracycline	tet(B)
SRR2938326	/home/user/ww_amr_batch/contigs/SRR2938326.contigs.fa	k141_58006	699	1258	-	blaSCO-1_1	308-867/867	.....==========	0/0	64.59	100.00	resfinder	EF063111	blaSCO-1	Amoxicillin;Amoxicillin+Clavulanic_acid;Ampicillin;Ampicillin+Clavulanic_acid;Piperacillin;Piperacillin+Clavulanic_acid;Ticarcillin;Ticarcillin+Clavulanic_acid	blaSCO-1
SRR2938326	/home/user/ww_amr_batch/contigs/SRR2938326.contigs.fa	k141_59175	1	635	+	blaOXA-46_1	167-801/801	...============	0/0	79.28	98.58	resfinder	AF317511	blaOXA-46	Amoxicillin;Ampicillin	blaOXA-46
SRR2938326	/home/user/ww_amr_batch/contigs/SRR2938326.contigs.fa	k141_6151	1	536	-	blaOXA-58_1	113-648/843	..==========...	0/0	63.58	100.00	resfinder	AY665723	blaOXA-58	Amoxicillin;Amoxicillin+Clavulanic_acid;Ampicillin;Ampicillin+Clavulanic_acid;Imipenem;Meropenem	blaOXA-58
SRR2938326	/home/user/ww_amr_batch/contigs/SRR2938326.contigs.fa	k141_62910	3	502	-	blaOXA-211_1	157-656/825	..==========...	0/0	60.61	96.60	resfinder	JN861779	blaOXA-211	Amoxicillin;Amoxicillin+Clavulanic_acid;Ampicillin;Ampicillin+Clavulanic_acid	blaOXA-211
SRR2938326	/home/user/ww_amr_batch/contigs/SRR2938326.contigs.fa	k141_63349	69	650	+	aac(6')-IIc_1	1-582/582	===============	0/0	100.00	100.00	resfinder	NC_012555	aac(6')-IIc	Gentamicin;Tobramycin	aac(6')-IIc
SRR2938326	/home/user/ww_amr_batch/contigs/SRR2938326.contigs.fa	k141_70890	91	879	-	aadA5_1	1-789/789	===============	0/0	100.00	99.75	resfinder	AF137361	aadA5	Spectinomycin;Streptomycin	aadA5
SRR2938326	/home/user/ww_amr_batch/contigs/SRR2938326.contigs.fa	k141_71194	1	916	-	tet(G)_2	1-916/1176	============...	0/0	77.89	92.36	resfinder	AF133140	tet(G)	Doxycycline;Tetracycline	tet(G)
SRR2938326	/home/user/ww_amr_batch/contigs/SRR2938326.contigs.fa	k141_85891	1	426	+	cat_2	199-624/624	....===========	0/0	68.27	97.42	resfinder	M35190	cat	Chloramphenicol	cat
SRR2938326	/home/user/ww_amr_batch/contigs/SRR2938326.contigs.fa	k141_86153	1	526	-	blaOXA-3_1	1-526/828	==========.....	0/0	63.53	84.03	resfinder	L07945	blaOXA-3		blaOXA-3
SRR2938326	/home/user/ww_amr_batch/contigs/SRR2938326.contigs.fa	k141_87207	1	1305	-	tet(O)_1	1-1305/1920	===========....	0/0	67.97	99.69	resfinder	M18896	tet(O)	Doxycycline;Minocycline;Tetracycline	tet(O)
SRR2938326	/home/user/ww_amr_batch/contigs/SRR2938326.contigs.fa	k141_87275	1	855	+	mef(A)_2	226-1080/1218	..============.	0/0	70.20	98.83	resfinder	U83667	mef(A)	Azithromycin;Erythromycin	mef(A)
SRR2938326	/home/user/ww_amr_batch/contigs/SRR2938326.contigs.fa	k141_89992	1	1136	+	CmlA9_1	79-1214/1215	===============	0/0	93.50	99.82	resfinder	JN406319	CmlA9	Chloramphenicol	CmlA9
SRR2938326	/home/user/ww_amr_batch/contigs/SRR2938326.contigs.fa	k141_90341	312	971	-	erm(B)_12	79-738/738	.==============	0/0	89.43	100.00	resfinder	U18931	erm(B)	Clindamycin;Erythromycin;Lincomycin;Pristinamycin_IA;Quinupristin;Virginiamycin_S	erm(B)
SRR2938326	/home/user/ww_amr_batch/contigs/SRR2938326.contigs.fa	k141_91712	303	1094	-	erm(50)_1	1-792/792	========/======	2/2	99.87	92.31	resfinder	LC473083	erm(50)	Clindamycin;Erythromycin;Lincomycin;Pristinamycin_IA;Quinupristin;Virginiamycin_S	erm(50)
SRR2938326	/home/user/ww_amr_batch/contigs/SRR2938326.contigs.fa	k141_92766	1	539	+	sul2_12	278-816/816	.....==========	0/0	66.05	100.00	resfinder	AF497970	sul2	Sulfamethoxazole	sul2
SRR2938326	/home/user/ww_amr_batch/contigs/SRR2938326.contigs.fa	k141_97192	417	1892	+	msr(E)_1	1-1476/1476	===============	0/0	100.00	100.00	resfinder	FR751518	msr(E)	Azithromycin;Erythromycin;Pristinamycin_IA;Quinupristin;Virginiamycin_S	msr(E)
SRR2938326	/home/user/ww_amr_batch/contigs/SRR2938326.contigs.fa	k141_97192	1948	2832	+	mph(E)_1	1-885/885	===============	0/0	100.00	100.00	resfinder	DQ839391	mph(E)	Erythromycin	mph(E)
SRR2938326	/home/user/ww_amr_batch/contigs/SRR2938326.contigs.fa	k141_97192	3859	5046	-	tet(39)_2	1-1188/1188	===============	0/0	100.00	99.92	resfinder	CP044518	tet(39)	Doxycycline;Tetracycline;Tigecycline	tet(39)
SRR2938326	/home/user/ww_amr_batch/contigs/SRR2938326.contigs.fa	k141_98021	1	775	+	blaOXA-4_1	57-831/831	.==============	0/0	93.26	100.00	resfinder	AY162283	blaOXA-4		blaOXA-4
SRR2938326	/home/user/ww_amr_batch/contigs/SRR2938326.contigs.fa	k141_98021	1301	2167	+	sul1_5	1-867/867	===============	0/0	100.00	99.89	resfinder	EU780013	sul1	Sulfamethoxazole	sul1
SRR2938327	/home/user/ww_amr_batch/contigs/SRR2938327.contigs.fa	k141_4734	1	838	+	sul1_2	3-840/840	===============	0/0	99.76	99.88	resfinder	U12338	sul1	Sulfamethoxazole	sul1
SRR2938327	/home/user/ww_amr_batch/contigs/SRR2938327.contigs.fa	k141_488	155	957	-	aph(3'')-Ib_2	2-804/804	===============	0/0	99.88	99.25	resfinder	AF024602	aph(3'')-Ib	Streptomycin	aph(3'')-Ib
SRR2938327	/home/user/ww_amr_batch/contigs/SRR2938327.contigs.fa	k141_510	359	1121	-	erm(B)_18	1-762/762	========/======	1/1	100.00	99.34	resfinder	X66468	erm(B)	Clindamycin;Erythromycin;Lincomycin;Pristinamycin_IA;Quinupristin;Virginiamycin_S	erm(B)
SRR2938327	/home/user/ww_amr_batch/contigs/SRR2938327.contigs.fa	k141_6769	1	797	+	ant(3'')-Ia_1	171-967/972	..=============	0/0	82.00	99.88	resfinder	X02340	ant(3'')-Ia	Streptomycin	ant(3'')-Ia
SRR2938327	/home/user/ww_amr_batch/contigs/SRR2938327.contigs.fa	k141_897	133	1832	+	tet(W)_4	1-1700/1920	==============.	0/0	88.54	98.47	resfinder	FN396364	tet(W)	Doxycycline;Minocycline;Tetracycline	tet(W)
SRR2938328	/home/user/ww_amr_batch/contigs/SRR2938328.contigs.fa	k141_1077	32	820	+	aadA5_1	1-789/789	===============	0/0	100.00	99.49	resfinder	AF137361	aadA5	Spectinomycin;Streptomycin	aadA5
SRR2938328	/home/user/ww_amr_batch/contigs/SRR2938328.contigs.fa	k141_11661	1	573	+	blaSCO-1_1	100-672/867	.===========...	0/0	66.09	100.00	resfinder	EF063111	blaSCO-1	Amoxicillin;Amoxicillin+Clavulanic_acid;Ampicillin;Ampicillin+Clavulanic_acid;Piperacillin;Piperacillin+Clavulanic_acid;Ticarcillin;Ticarcillin+Clavulanic_acid	blaSCO-1
SRR2938328	/home/user/ww_amr_batch/contigs/SRR2938328.contigs.fa	k141_11974	1	860	+	mef(C)_1	365-1224/1224	....===========	0/0	70.26	99.77	resfinder	AB571865	mef(C)	Erythromycin	mef(C)
SRR2938328	/home/user/ww_amr_batch/contigs/SRR2938328.contigs.fa	k141_11974	865	1744	+	mph(G)_1	1-880/885	===============	0/0	99.44	100.00	resfinder	AB571865	mph(G)	Erythromycin	mph(G)
SRR2938328	/home/user/ww_amr_batch/contigs/SRR2938328.contigs.fa	k141_12344	144	1900	+	tet(W)_4	75-1831/1920	===============	0/0	91.51	99.03	resfinder	FN396364	tet(W)	Doxycycline;Minocycline;Tetracycline	tet(W)
SRR2938328	/home/user/ww_amr_batch/contigs/SRR2938328.contigs.fa	k141_1394	34	831	+	aadA13_1	1-798/798	===============	0/0	100.00	100.00	resfinder	AY713504	aadA13	Spectinomycin;Streptomycin	aadA13
SRR2938328	/home/user/ww_amr_batch/contigs/SRR2938328.contigs.fa	k141_15531	1417	2301	-	mph(E)_1	1-885/885	===============	0/0	100.00	100.00	resfinder	DQ839391	mph(E)	Erythromycin	mph(E)
SRR2938328	/home/user/ww_amr_batch/contigs/SRR2938328.contigs.fa	k141_15531	2357	3832	-	msr(E)_1	1-1476/1476	===============	0/0	100.00	100.00	resfinder	FR751518	msr(E)	Azithromycin;Erythromycin;Pristinamycin_IA;Quinupristin;Virginiamycin_S	msr(E)
SRR2938328	/home/user/ww_amr_batch/contigs/SRR2938328.contigs.fa	k141_17196	244	1110	-	sul1_5	1-867/867	===============	0/0	100.00	99.77	resfinder	EU780013	sul1	Sulfamethoxazole	sul1
SRR2938328	/home/user/ww_amr_batch/contigs/SRR2938328.contigs.fa	k141_17967	264	1799	+	tet(O)_3	1-1536/1920	=============..	0/0	80.00	99.48	resfinder	Y07780	tet(O)	Doxycycline;Minocycline;Tetracycline	tet(O)
SRR2938328	/home/user/ww_amr_batch/contigs/SRR2938328.contigs.fa	k141_20545	430	1257	-	blaOXA-2_1	1-828/828	===============	0/0	100.00	100.00	resfinder	DQ112222	blaOXA-2	Amoxicillin;Amoxicillin+Clavulanic_acid;Ampicillin;Ampicillin+Clavulanic_acid;Ceftazidime;Piperacillin	blaOXA-2
SRR2938328	/home/user/ww_amr_batch/contigs/SRR2938328.contigs.fa	k141_20604	255	888	-	sul2_2	183-816/816	...============	0/0	77.70	99.69	resfinder	AY034138	sul2	Sulfamethoxazole	sul2
SRR2938328	/home/user/ww_amr_batch/contigs/SRR2938328.contigs.fa	k141_2627	89	919	+	blaOXA-4_1	1-831/831	===============	0/0	100.00	99.76	resfinder	AY162283	blaOXA-4		blaOXA-4
SRR2938328	/home/user/ww_amr_batch/contigs/SRR2938328.contigs.fa	k141_3083	155	957	-	aph(3'')-Ib_2	2-804/804	===============	0/0	99.88	99.38	resfinder	AF024602	aph(3'')-Ib	Streptomycin	aph(3'')-Ib
SRR2938328	/home/user/ww_amr_batch/contigs/SRR2938328.contigs.fa	k141_4459	1	416	-	ant(2'')-Ia_1	1-416/534	============...	0/0	77.90	100.00	resfinder	X04555	ant(2'')-Ia	Gentamicin;Tobramycin	ant(2'')-Ia
SRR2938328	/home/user/ww_amr_batch/contigs/SRR2938328.contigs.fa	k141_6725	1	645	-	aadA10_2	134-778/834	..============.	0/0	77.34	99.69	resfinder	AM087405	aadA10	Spectinomycin;Streptomycin	aadA10
SRR2938328	/home/user/ww_amr_batch/contigs/SRR2938328.contigs.fa	k141_7655	175	690	-	aph(6)-Id_1	322-837/837	.....==========	0/0	61.65	100.00	resfinder	M28829	aph(6)-Id	Streptomycin	aph(6)-Id
SRR2938329	/home/user/ww_amr_batch/contigs/SRR2938329.contigs.fa	k141_10773	156	559	+	qnrB19_1	1-404/645	==========.....	0/0	62.64	100.00	resfinder	EU432277	qnrB19	Ciprofloxacin	qnrB19
SRR2938329	/home/user/ww_amr_batch/contigs/SRR2938329.contigs.fa	k141_11057	312	843	-	cat_2	93-624/624	..=============	0/0	85.26	96.43	resfinder	M35190	cat	Chloramphenicol	cat
SRR2938329	/home/user/ww_amr_batch/contigs/SRR2938329.contigs.fa	k141_11430	22	906	-	mph(E)_1	1-885/885	===============	0/0	100.00	100.00	resfinder	DQ839391	mph(E)	Erythromycin	mph(E)
SRR2938329	/home/user/ww_amr_batch/contigs/SRR2938329.contigs.fa	k141_11430	962	2437	-	msr(E)_1	1-1476/1476	===============	0/0	100.00	100.00	resfinder	FR751518	msr(E)	Azithromycin;Erythromycin;Pristinamycin_IA;Quinupristin;Virginiamycin_S	msr(E)
SRR2938329	/home/user/ww_amr_batch/contigs/SRR2938329.contigs.fa	k141_1351	262	669	-	catS_1	130-537/537	...============	0/0	75.98	98.53	resfinder	X74948	catS	Chloramphenicol	catS
SRR2938329	/home/user/ww_amr_batch/contigs/SRR2938329.contigs.fa	k141_16713	5030	6949	-	tet(O)_1	1-1920/1920	===============	0/0	100.00	99.74	resfinder	M18896	tet(O)	Doxycycline;Minocycline;Tetracycline	tet(O)
SRR2938329	/home/user/ww_amr_batch/contigs/SRR2938329.contigs.fa	k141_16922	1	543	-	catB3_2	50-592/633	.==============	0/0	85.78	100.00	resfinder	U13880	catB3	Chloramphenicol	catB3
SRR2938329	/home/user/ww_amr_batch/contigs/SRR2938329.contigs.fa	k141_17179	815	2734	-	tet(W)_4	1-1920/1920	===============	0/0	100.00	99.01	resfinder	FN396364	tet(W)	Doxycycline;Minocycline;Tetracycline	tet(W)
SRR2938329	/home/user/ww_amr_batch/contigs/SRR2938329.contigs.fa	k141_1766	184	945	-	aadA5_1	28-789/789	===============	0/0	96.58	99.61	resfinder	AF137361	aadA5	Spectinomycin;Streptomycin	aadA5
SRR2938329	/home/user/ww_amr_batch/contigs/SRR2938329.contigs.fa	k141_17724	240	642	+	ant(2'')-Ia_1	1-403/534	============...	0/0	75.47	100.00	resfinder	X04555	ant(2'')-Ia	Gentamicin;Tobramycin	ant(2'')-Ia
SRR2938329	/home/user/ww_amr_batch/contigs/SRR2938329.contigs.fa	k141_20008	4836	5638	+	aph(3'')-Ib_2	2-804/804	===============	0/0	99.88	99.88	resfinder	AF024602	aph(3'')-Ib	Streptomycin	aph(3'')-Ib
SRR2938329	/home/user/ww_amr_batch/contigs/SRR2938329.contigs.fa	k141_20008	5638	6474	+	aph(6)-Id_1	1-837/837	===============	0/0	100.00	100.00	resfinder	M28829	aph(6)-Id	Streptomycin	aph(6)-Id
SRR2938329	/home/user/ww_amr_batch/contigs/SRR2938329.contigs.fa	k141_23190	6	559	+	blaOXA-2_1	194-747/828	...===========.	0/0	66.91	95.85	resfinder	DQ112222	blaOXA-2	Amoxicillin;Amoxicillin+Clavulanic_acid;Ampicillin;Ampicillin+Clavulanic_acid;Ceftazidime;Piperacillin	blaOXA-2
SRR2938329	/home/user/ww_amr_batch/contigs/SRR2938329.contigs.fa	k141_26167	1896	2633	+	erm(B)_12	1-738/738	===============	0/0	100.00	100.00	resfinder	U18931	erm(B)	Clindamycin;Erythromycin;Lincomycin;Pristinamycin_IA;Quinupristin;Virginiamycin_S	erm(B)
SRR2938329	/home/user/ww_amr_batch/contigs/SRR2938329.contigs.fa	k141_26674	1	569	+	mph(A)_2	354-921/921	.....===/======	1/1	61.67	98.42	resfinder	U36578	mph(A)	Azithromycin;Erythromycin;Spiramycin;Telithromycin	mph(A)
SRR2938329	/home/user/ww_amr_batch/contigs/SRR2938329.contigs.fa	k141_28396	1	539	+	sul2_12	278-816/816	.....==========	0/0	66.05	100.00	resfinder	AF497970	sul2	Sulfamethoxazole	sul2
SRR2938329	/home/user/ww_amr_batch/contigs/SRR2938329.contigs.fa	k141_28488	1064	2251	+	tet(39)_2	1-1188/1188	===============	0/0	100.00	99.92	resfinder	CP044518	tet(39)	Doxycycline;Tetracycline;Tigecycline	tet(39)
SRR2938329	/home/user/ww_amr_batch/contigs/SRR2938329.contigs.fa	k141_30387	337	993	-	qnrVC1_1	1-657/657	===============	0/0	100.00	99.85	resfinder	EU436855	qnrVC1	Ciprofloxacin	qnrVC1
SRR2938329	/home/user/ww_amr_batch/contigs/SRR2938329.contigs.fa	k141_3059	184	1404	+	tet(40)_1	1-1221/1221	===============	0/0	100.00	99.84	resfinder	FJ158002	tet(40)	Doxycycline;Tetracycline	tet(40)
SRR2938329	/home/user/ww_amr_batch/contigs/SRR2938329.contigs.fa	k141_32021	381	1247	+	sul1_5	1-867/867	===============	0/0	100.00	99.89	resfinder	EU780013	sul1	Sulfamethoxazole	sul1
SRR2938329	/home/user/ww_amr_batch/contigs/SRR2938329.contigs.fa	k141_32234	1	764	+	mef(C)_1	22-785/1224	==========.....	0/0	62.42	99.87	resfinder	AB571865	mef(C)	Erythromycin	mef(C)
SRR2938329	/home/user/ww_amr_batch/contigs/SRR2938329.contigs.fa	k141_33571	287	1117	-	blaOXA-4_1	1-831/831	===============	0/0	100.00	99.88	resfinder	AY162283	blaOXA-4		blaOXA-4
SRR2938329	/home/user/ww_amr_batch/contigs/SRR2938329.contigs.fa	k141_34013	1	641	-	aadA6_1	183-823/846	...============	0/0	75.77	95.63	resfinder	AF140629	aadA6	Spectinomycin;Streptomycin	aadA6
SRR2938329	/home/user/ww_amr_batch/contigs/SRR2938329.contigs.fa	k141_5217	127	708	-	aac(6')-IIc_1	1-582/582	===============	0/0	100.00	99.83	resfinder	NC_012555	aac(6')-IIc	Gentamicin;Tobramycin	aac(6')-IIc
SRR2938329	/home/user/ww_amr_batch/contigs/SRR2938329.contigs.fa	k141_6611	1170	1664	+	lnu(C)_1	1-495/495	===============	0/0	100.00	99.19	resfinder	AY928180	lnu(C)	Lincomycin	lnu(C)
SRR2938329	/home/user/ww_amr_batch/contigs/SRR2938329.contigs.fa	k141_8646	1	1402	-	tet(M)_4	449-1850/1920	...============	0/0	73.02	97.08	resfinder	X75073	tet(M)	Doxycycline;Minocycline;Tetracycline	tet(M)
SRR2938329	/home/user/ww_amr_batch/contigs/SRR2938329.contigs.fa	k141_8728	1	667	-	blaOXA-212_1	1-667/825	=============..	0/0	80.85	96.10	resfinder	JN861780	blaOXA-212		blaOXA-212
SRR2938329	/home/user/ww_amr_batch/contigs/SRR2938329.contigs.fa	k141_8792	926	2116	+	tet(C)_3	1-1191/1191	===============	0/0	100.00	99.92	resfinder	AF055345	tet(C)	Doxycycline;Tetracycline	tet(C)
SRR2938330	/home/user/ww_amr_batch/contigs/SRR2938330.contigs.fa	k141_10334	107	1327	+	tet(40)_1	1-1221/1221	===============	0/0	100.00	99.92	resfinder	FJ158002	tet(40)	Doxycycline;Tetracycline	tet(40)
SRR2938330	/home/user/ww_amr_batch/contigs/SRR2938330.contigs.fa	k141_11829	1	554	-	blaOXA-427_1	154-707/795	..============.	0/0	69.69	88.09	resfinder	KX827604	blaOXA-427	Amoxicillin;Ampicillin;Aztreonam;Cefepime;Ceftazidime;Ertapenem;Imipenem;Meropenem;Piperacillin;Piperacillin+Tazobactam;Temocillin	blaOXA-427
SRR2938330	/home/user/ww_amr_batch/contigs/SRR2938330.contigs.fa	k141_15336	25	727	+	aadA2_1	18-720/819	==============.	0/0	85.84	96.16	resfinder	NC_010870	aadA2	Spectinomycin;Streptomycin	aadA2
SRR2938330	/home/user/ww_amr_batch/contigs/SRR2938330.contigs.fa	k141_1697	2309	2942	+	cfxA6_1	1-634/996	==========.....	0/0	63.65	99.37	resfinder	GQ342996	cfxA6		cfxA6
SRR2938330	/home/user/ww_amr_batch/contigs/SRR2938330.contigs.fa	k141_18032	1	571	-	aac(6')-Ib-cr_1	21-591/600	===============	0/0	95.17	99.65	resfinder	DQ303918	aac(6')-Ib-cr	Amikacin;Ciprofloxacin;Dibekacin;Fluoroquinolone;Netilmicin;Sisomicin;Tobramycin	aac(6')-Ib-cr
SRR2938330	/home/user/ww_amr_batch/contigs/SRR2938330.contigs.fa	k141_18099	1019	1781	-	erm(B)_18	1-762/762	========/======	1/1	100.00	99.21	resfinder	X66468	erm(B)	Clindamycin;Erythromycin;Lincomycin;Pristinamycin_IA;Quinupristin;Virginiamycin_S	erm(B)
SRR2938330	/home/user/ww_amr_batch/contigs/SRR2938330.contigs.fa	k141_18680	61	591	-	mph(G)_1	355-885/885	......=========	0/0	60.00	99.62	resfinder	AB571865	mph(G)	Erythromycin	mph(G)
SRR2938330	/home/user/ww_amr_batch/contigs/SRR2938330.contigs.fa	k141_24556	732	1598	+	sul1_5	1-867/867	===============	0/0	100.00	99.89	resfinder	EU780013	sul1	Sulfamethoxazole	sul1
SRR2938330	/home/user/ww_amr_batch/contigs/SRR2938330.contigs.fa	k141_24556	4828	6303	+	msr(E)_1	1-1476/1476	===============	0/0	100.00	100.00	resfinder	FR751518	msr(E)	Azithromycin;Erythromycin;Pristinamycin_IA;Quinupristin;Virginiamycin_S	msr(E)
SRR2938330	/home/user/ww_amr_batch/contigs/SRR2938330.contigs.fa	k141_24556	6359	7243	+	mph(E)_1	1-885/885	===============	0/0	100.00	100.00	resfinder	DQ839391	mph(E)	Erythromycin	mph(E)
SRR2938330	/home/user/ww_amr_batch/contigs/SRR2938330.contigs.fa	k141_24556	8270	9457	-	tet(39)_2	1-1188/1188	===============	0/0	100.00	99.92	resfinder	CP044518	tet(39)	Doxycycline;Tetracycline;Tigecycline	tet(39)
SRR2938330	/home/user/ww_amr_batch/contigs/SRR2938330.contigs.fa	k141_28230	1	1268	+	tet(Q)_1	224-1491/1926	.===========...	0/0	65.84	99.84	resfinder	L33696	tet(Q)	Doxycycline;Minocycline;Tetracycline	tet(Q)
SRR2938330	/home/user/ww_amr_batch/contigs/SRR2938330.contigs.fa	k141_28567	192	869	-	aph(3'')-Ib_2	127-804/804	..=============	0/0	84.33	99.26	resfinder	AF024602	aph(3'')-Ib	Streptomycin	aph(3'')-Ib
SRR2938330	/home/user/ww_amr_batch/contigs/SRR2938330.contigs.fa	k141_28580	1	1370	+	tet(O/W)_4	551-1920/1920	....===========	0/0	71.35	99.05	resfinder	AM889121	tet(O/W)	Doxycycline;Minocycline;Tetracycline	tet(O/W)
SRR2938330	/home/user/ww_amr_batch/contigs/SRR2938330.contigs.fa	k141_34345	53	586	-	ant(2'')-Ia_1	1-534/534	===============	0/0	100.00	100.00	resfinder	X04555	ant(2'')-Ia	Gentamicin;Tobramycin	ant(2'')-Ia
SRR2938330	/home/user/ww_amr_batch/contigs/SRR2938330.contigs.fa	k141_35340	917	2268	+	tet(W)_3	1-1352/1920	===========....	0/0	70.42	99.41	resfinder	AJ427421	tet(W)	Doxycycline;Minocycline;Tetracycline	tet(W)
SRR2938330	/home/user/ww_amr_batch/contigs/SRR2938330.contigs.fa	k141_35760	1	623	-	aph(6)-Id_1	201-823/837	...============	0/0	74.43	99.84	resfinder	M28829	aph(6)-Id	Streptomycin	aph(6)-Id
SRR2938330	/home/user/ww_amr_batch/contigs/SRR2938330.contigs.fa	k141_37100	1049	1903	-	erm(X)_1	1-855/855	========/======	2/2	99.88	99.18	resfinder	M36726	erm(X)	Clindamycin;Erythromycin;Lincomycin;Pristinamycin_IA;Quinupristin;Virginiamycin_S	erm(X)
SRR2938330	/home/user/ww_amr_batch/contigs/SRR2938330.contigs.fa	k141_38983	295	1161	+	ant(6)-Ia_3	1-867/867	===============	0/0	100.00	100.00	resfinder	KF864551	ant(6)-Ia	Streptomycin	ant(6)-Ia
SRR2938331	/home/user/ww_amr_batch/contigs/SRR2938331.contigs.fa	k141_10140	1	682	-	blaOXA-4_1	123-804/831	..=============	0/0	82.07	98.83	resfinder	AY162283	blaOXA-4		blaOXA-4
SRR2938331	/home/user/ww_amr_batch/contigs/SRR2938331.contigs.fa	k141_10399	6759	8678	-	tet(O)_1	1-1920/1920	===============	0/0	100.00	99.58	resfinder	M18896	tet(O)	Doxycycline;Minocycline;Tetracycline	tet(O)
SRR2938331	/home/user/ww_amr_batch/contigs/SRR2938331.contigs.fa	k141_13921	85	779	+	aadA2_1	7-701/819	=============..	0/0	84.86	96.83	resfinder	NC_010870	aadA2	Spectinomycin;Streptomycin	aadA2
SRR2938331	/home/user/ww_amr_batch/contigs/SRR2938331.contigs.fa	k141_16014	8781	9275	-	lnu(D)_1	1-495/495	===============	0/0	100.00	82.42	resfinder	EF452177	lnu(D)	Lincomycin	lnu(D)
SRR2938331	/home/user/ww_amr_batch/contigs/SRR2938331.contigs.fa	k141_16612	1	581	-	erm(X)_2	1-581/762	============...	0/0	76.25	98.62	resfinder	X51472	erm(X)	Clindamycin;Erythromycin;Lincomycin;Pristinamycin_IA;Quinupristin;Virginiamycin_S	erm(X)
SRR2938331	/home/user/ww_amr_batch/contigs/SRR2938331.contigs.fa	k141_17474	1	738	-	aph(6)-Id_1	1-738/837	==============.	0/0	88.17	99.32	resfinder	M28829	aph(6)-Id	Streptomycin	aph(6)-Id
SRR2938331	/home/user/ww_amr_batch/contigs/SRR2938331.contigs.fa	k141_19528	348	1248	+	cmx_1	1-901/1176	============...	0/0	76.62	98.22	resfinder	U85507	cmx	Chloramphenicol	cmx
SRR2938331	/home/user/ww_amr_batch/contigs/SRR2938331.contigs.fa	k141_22966	23	932	-	ant(3'')-Ia_1	63-972/972	===============	0/0	93.62	99.56	resfinder	X02340	ant(3'')-Ia	Streptomycin	ant(3'')-Ia
SRR2938331	/home/user/ww_amr_batch/contigs/SRR2938331.contigs.fa	k141_25296	109	911	-	aph(3'')-Ib_2	2-804/804	===============	0/0	99.88	100.00	resfinder	AF024602	aph(3'')-Ib	Streptomycin	aph(3'')-Ib
SRR2938331	/home/user/ww_amr_batch/contigs/SRR2938331.contigs.fa	k141_26704	423	1160	+	erm(B)_12	1-738/738	===============	0/0	100.00	100.00	resfinder	U18931	erm(B)	Clindamycin;Erythromycin;Lincomycin;Pristinamycin_IA;Quinupristin;Virginiamycin_S	erm(B)
SRR2938331	/home/user/ww_amr_batch/contigs/SRR2938331.contigs.fa	k141_2684	462	2025	+	tet(W)_4	1-1564/1920	=============..	0/0	81.46	99.49	resfinder	FN396364	tet(W)	Doxycycline;Minocycline;Tetracycline	tet(W)
SRR2938331	/home/user/ww_amr_batch/contigs/SRR2938331.contigs.fa	k141_27356	1	835	-	aadA11_1	1-835/846	===============	0/0	98.70	98.92	resfinder	AY144590	aadA11	Spectinomycin;Streptomycin	aadA11
SRR2938331	/home/user/ww_amr_batch/contigs/SRR2938331.contigs.fa	k141_30753	82	576	-	lnu(C)_1	1-495/495	===============	0/0	100.00	97.37	resfinder	AY928180	lnu(C)	Lincomycin	lnu(C)
SRR2938331	/home/user/ww_amr_batch/contigs/SRR2938331.contigs.fa	k141_30882	90	881	+	erm(50)_1	1-792/792	========/======	2/2	99.87	92.31	resfinder	LC473083	erm(50)	Clindamycin;Erythromycin;Lincomycin;Pristinamycin_IA;Quinupristin;Virginiamycin_S	erm(50)
SRR2938331	/home/user/ww_amr_batch/contigs/SRR2938331.contigs.fa	k141_32368	632	1435	+	lnu(B)_2	1-804/804	===============	0/0	100.00	99.00	resfinder	JQ861959	lnu(B)	Clindamycin;Lincomycin	lnu(B)
SRR2938331	/home/user/ww_amr_batch/contigs/SRR2938331.contigs.fa	k141_33499	639	2114	+	msr(E)_1	1-1476/1476	===============	0/0	100.00	100.00	resfinder	FR751518	msr(E)	Azithromycin;Erythromycin;Pristinamycin_IA;Quinupristin;Virginiamycin_S	msr(E)
SRR2938331	/home/user/ww_amr_batch/contigs/SRR2938331.contigs.fa	k141_33499	2170	3054	+	mph(E)_1	1-885/885	===============	0/0	100.00	100.00	resfinder	DQ839391	mph(E)	Erythromycin	mph(E)
SRR2938331	/home/user/ww_amr_batch/contigs/SRR2938331.contigs.fa	k141_36812	487	1677	+	tet(C)_3	1-1191/1191	===============	0/0	100.00	99.83	resfinder	AF055345	tet(C)	Doxycycline;Tetracycline	tet(C)
SRR2938331	/home/user/ww_amr_batch/contigs/SRR2938331.contigs.fa	k141_3790	343	1012	+	blaOXA-205_1	1-670/801	=============..	0/0	83.65	99.70	resfinder	JF800667	blaOXA-205	Amoxicillin;Ampicillin;Piperacillin	blaOXA-205
SRR2938331	/home/user/ww_amr_batch/contigs/SRR2938331.contigs.fa	k141_5263	1	1338	-	tet(M)_8	1-1338/1920	===========....	0/0	69.69	99.18	resfinder	X04388	tet(M)	Doxycycline;Minocycline;Tetracycline	tet(M)
SRR2938331	/home/user/ww_amr_batch/contigs/SRR2938331.contigs.fa	k141_5648	492	1358	+	sul1_5	1-867/867	===============	0/0	100.00	99.89	resfinder	EU780013	sul1	Sulfamethoxazole	sul1
SRR2938332	/home/user/ww_amr_batch/contigs/SRR2938332.contigs.fa	k141_12880	199	843	-	qnrB19_1	1-645/645	===============	0/0	100.00	100.00	resfinder	EU432277	qnrB19	Ciprofloxacin	qnrB19
SRR2938332	/home/user/ww_amr_batch/contigs/SRR2938332.contigs.fa	k141_18863	137	793	-	qnrVC1_1	1-657/657	===============	0/0	100.00	99.85	resfinder	EU436855	qnrVC1	Ciprofloxacin	qnrVC1
SRR2938332	/home/user/ww_amr_batch/contigs/SRR2938332.contigs.fa	k141_19594	1031	1775	-	mph(A)_1	162-906/906	..=============	0/0	82.23	99.87	resfinder	D16251	mph(A)	Azithromycin;Erythromycin;Spiramycin;Telithromycin	mph(A)
SRR2938332	/home/user/ww_amr_batch/contigs/SRR2938332.contigs.fa	k141_21775	8372	10291	-	tet(O)_1	1-1920/1920	===============	0/0	100.00	99.74	resfinder	M18896	tet(O)	Doxycycline;Minocycline;Tetracycline	tet(O)
SRR2938332	/home/user/ww_amr_batch/contigs/SRR2938332.contigs.fa	k141_22816	197	1027	+	blaOXA-4_1	1-831/831	===============	0/0	100.00	100.00	resfinder	AY162283	blaOXA-4		blaOXA-4
SRR2938332	/home/user/ww_amr_batch/contigs/SRR2938332.contigs.fa	k141_22816	1165	1797	+	catB3_2	1-633/633	===============	0/0	100.00	100.00	resfinder	U13880	catB3	Chloramphenicol	catB3
SRR2938332	/home/user/ww_amr_batch/contigs/SRR2938332.contigs.fa	k141_22865	223	941	-	aadA1_3	74-792/792	.==============	0/0	90.78	99.58	resfinder	JQ414041	aadA1	Spectinomycin;Streptomycin	aadA1
SRR2938332	/home/user/ww_amr_batch/contigs/SRR2938332.contigs.fa	k141_2566	573	1439	+	sul1_5	1-867/867	===============	0/0	100.00	99.89	resfinder	EU780013	sul1	Sulfamethoxazole	sul1
SRR2938332	/home/user/ww_amr_batch/contigs/SRR2938332.contigs.fa	k141_25949	427	1293	+	blaSCO-1_1	1-867/867	===============	0/0	100.00	100.00	resfinder	EF063111	blaSCO-1	Amoxicillin;Amoxicillin+Clavulanic_acid;Ampicillin;Ampicillin+Clavulanic_acid;Piperacillin;Piperacillin+Clavulanic_acid;Ticarcillin;Ticarcillin+Clavulanic_acid	blaSCO-1
SRR2938332	/home/user/ww_amr_batch/contigs/SRR2938332.contigs.fa	k141_26278	1	625	+	erm(B)_12	114-738/738	..=============	0/0	84.69	99.84	resfinder	U18931	erm(B)	Clindamycin;Erythromycin;Lincomycin;Pristinamycin_IA;Quinupristin;Virginiamycin_S	erm(B)
SRR2938332	/home/user/ww_amr_batch/contigs/SRR2938332.contigs.fa	k141_28190	331	1197	+	ant(6)-Ia_3	1-867/867	===============	0/0	100.00	100.00	resfinder	KF864551	ant(6)-Ia	Streptomycin	ant(6)-Ia
SRR2938332	/home/user/ww_amr_batch/contigs/SRR2938332.contigs.fa	k141_32474	1	576	-	blaGES-14_1	1-576/864	===========....	0/0	66.67	100.00	resfinder	GU207844	blaGES-14	Amoxicillin;Amoxicillin+Clavulanic_acid;Ampicillin;Ampicillin+Clavulanic_acid;Cefoxitin;Ceftazidime;Piperacillin;Ticarcillin	blaGES-14
SRR2938332	/home/user/ww_amr_batch/contigs/SRR2938332.contigs.fa	k141_35102	24	482	-	aac(6')-Il_1	1-459/459	===============	0/0	100.00	99.78	resfinder	U13880	aac(6')-Il	Amikacin;Tobramycin	aac(6')-Il
SRR2938332	/home/user/ww_amr_batch/contigs/SRR2938332.contigs.fa	k141_35102	541	1074	-	ant(2'')-Ia_20	1-534/534	===============	0/0	100.00	99.81	resfinder	AY139599	ant(2'')-Ia	Gentamicin;Tobramycin	ant(2'')-Ia
SRR2938332	/home/user/ww_amr_batch/contigs/SRR2938332.contigs.fa	k141_36579	1	889	+	mef(C)_1	75-963/1224	============...	0/0	72.63	99.89	resfinder	AB571865	mef(C)	Erythromycin	mef(C)
SRR2938332	/home/user/ww_amr_batch/contigs/SRR2938332.contigs.fa	k141_36752	441	1046	+	aac(6')-Ib_1	1-606/606	===============	0/0	100.00	99.67	resfinder	M21682	aac(6')-Ib	Amikacin;Kanamycin;Tobramycin	aac(6')-Ib
SRR2938332	/home/user/ww_amr_batch/contigs/SRR2938332.contigs.fa	k141_36899	146	727	+	aac(6')-IIc_1	1-582/582	===============	0/0	100.00	100.00	resfinder	NC_012555	aac(6')-IIc	Gentamicin;Tobramycin	aac(6')-IIc
SRR2938332	/home/user/ww_amr_batch/contigs/SRR2938332.contigs.fa	k141_38674	200	1084	+	mph(G)_1	1-885/885	===============	0/0	100.00	98.98	resfinder	AB571865	mph(G)	Erythromycin	mph(G)
SRR2938332	/home/user/ww_amr_batch/contigs/SRR2938332.contigs.fa	k141_41031	54	763	-	erm(X)_1	146-855/855	..======/======	2/2	82.92	98.73	resfinder	M36726	erm(X)	Clindamycin;Erythromycin;Lincomycin;Pristinamycin_IA;Quinupristin;Virginiamycin_S	erm(X)
SRR2938332	/home/user/ww_amr_batch/contigs/SRR2938332.contigs.fa	k141_41849	1	559	+	aac(3)-VIa_2	186-744/903	...==========..	0/0	61.90	99.64	resfinder	NC_009838	aac(3)-VIa	Gentamicin	aac(3)-VIa
SRR2938332	/home/user/ww_amr_batch/contigs/SRR2938332.contigs.fa	k141_41873	131	943	-	aadA2_1	7-819/819	===============	0/0	99.27	99.88	resfinder	NC_010870	aadA2	Spectinomycin;Streptomycin	aadA2
SRR2938332	/home/user/ww_amr_batch/contigs/SRR2938332.contigs.fa	k141_41880	357	895	-	sul2_12	278-816/816	.....==========	0/0	66.05	100.00	resfinder	AF497970	sul2	Sulfamethoxazole	sul2
SRR2938332	/home/user/ww_amr_batch/contigs/SRR2938332.contigs.fa	k141_44387	1	777	+	tet(A)_3	424-1200/1200	.....==========	0/0	64.75	99.36	resfinder	AY196695	tet(A)	Doxycycline;Tetracycline	tet(A)
SRR2938332	/home/user/ww_amr_batch/contigs/SRR2938332.contigs.fa	k141_44924	2601	3806	-	tet(B)_1	1-1206/1206	===============	0/0	100.00	100.00	resfinder	AP000342	tet(B)	Doxycycline;Minocycline;Tetracycline	tet(B)
SRR2938332	/home/user/ww_amr_batch/contigs/SRR2938332.contigs.fa	k141_48045	55	642	+	blaOXA-212_1	238-825/825	....===========	0/0	71.27	96.77	resfinder	JN861780	blaOXA-212		blaOXA-212
SRR2938332	/home/user/ww_amr_batch/contigs/SRR2938332.contigs.fa	k141_48249	2	1175	-	tet(39)_2	1-1174/1188	===============	0/0	98.82	99.74	resfinder	CP044518	tet(39)	Doxycycline;Tetracycline;Tigecycline	tet(39)
SRR2938332	/home/user/ww_amr_batch/contigs/SRR2938332.contigs.fa	k141_48956	161	1271	-	tet(40)_1	111-1221/1221	.==============	0/0	90.99	99.82	resfinder	FJ158002	tet(40)	Doxycycline;Tetracycline	tet(40)
SRR2938332	/home/user/ww_amr_batch/contigs/SRR2938332.contigs.fa	k141_4993	1051	1935	-	mph(E)_1	1-885/885	===============	0/0	100.00	100.00	resfinder	DQ839391	mph(E)	Erythromycin	mph(E)
SRR2938332	/home/user/ww_amr_batch/contigs/SRR2938332.contigs.fa	k141_4993	1991	3466	-	msr(E)_1	1-1476/1476	===============	0/0	100.00	100.00	resfinder	FR751518	msr(E)	Azithromycin;Erythromycin;Pristinamycin_IA;Quinupristin;Virginiamycin_S	msr(E)
SRR2938332	/home/user/ww_amr_batch/contigs/SRR2938332.contigs.fa	k141_52232	145	676	-	aadA5_1	258-789/789	....===========	0/0	67.43	99.62	resfinder	AF137361	aadA5	Spectinomycin;Streptomycin	aadA5
SRR2938332	/home/user/ww_amr_batch/contigs/SRR2938332.contigs.fa	k141_58206	1188	2779	+	tet(W)_4	1-1592/1920	=============..	0/0	82.92	99.50	resfinder	FN396364	tet(W)	Doxycycline;Minocycline;Tetracycline	tet(W)
SRR2938332	/home/user/ww_amr_batch/contigs/SRR2938332.contigs.fa	k141_5905	32	877	-	aadA11_1	1-846/846	===============	0/0	100.00	99.53	resfinder	AY144590	aadA11	Spectinomycin;Streptomycin	aadA11
SRR2938332	/home/user/ww_amr_batch/contigs/SRR2938332.contigs.fa	k141_60074	114	916	+	blaTEM-104_1	1-803/861	==============.	0/0	93.26	100.00	resfinder	AF516719	blaTEM-104		blaTEM-104
SRR2938332	/home/user/ww_amr_batch/contigs/SRR2938332.contigs.fa	k141_60886	435	1058	+	cat_2	1-624/624	===============	0/0	100.00	99.84	resfinder	M35190	cat	Chloramphenicol	cat
SRR2938332	/home/user/ww_amr_batch/contigs/SRR2938332.contigs.fa	k141_891	183	1019	-	aph(6)-Id_1	1-837/837	===============	0/0	100.00	100.00	resfinder	M28829	aph(6)-Id	Streptomycin	aph(6)-Id
SRR2938332	/home/user/ww_amr_batch/contigs/SRR2938332.contigs.fa	k141_891	1019	1822	-	aph(3'')-Ib_5	1-804/804	===============	0/0	100.00	99.38	resfinder	AF321551	aph(3'')-Ib	Streptomycin	aph(3'')-Ib
SRR2938333	/home/user/ww_amr_batch/contigs/SRR2938333.contigs.fa	k141_1185	1463	1957	+	lnu(D)_1	1-495/495	===============	0/0	100.00	83.23	resfinder	EF452177	lnu(D)	Lincomycin	lnu(D)
SRR2938333	/home/user/ww_amr_batch/contigs/SRR2938333.contigs.fa	k141_13469	189	1409	+	tet(40)_1	1-1221/1221	===============	0/0	100.00	99.75	resfinder	FJ158002	tet(40)	Doxycycline;Tetracycline	tet(40)
SRR2938333	/home/user/ww_amr_batch/contigs/SRR2938333.contigs.fa	k141_14554	36	860	+	blaOXA-211_1	1-825/825	===============	0/0	100.00	95.39	resfinder	JN861779	blaOXA-211	Amoxicillin;Amoxicillin+Clavulanic_acid;Ampicillin;Ampicillin+Clavulanic_acid	blaOXA-211
SRR2938333	/home/user/ww_amr_batch/contigs/SRR2938333.contigs.fa	k141_15579	238	1040	+	aph(3'')-Ib_2	2-804/804	===============	0/0	99.88	100.00	resfinder	AF024602	aph(3'')-Ib	Streptomycin	aph(3'')-Ib
SRR2938333	/home/user/ww_amr_batch/contigs/SRR2938333.contigs.fa	k141_15579	1040	1876	+	aph(6)-Id_1	1-837/837	===============	0/0	100.00	100.00	resfinder	M28829	aph(6)-Id	Streptomycin	aph(6)-Id
SRR2938333	/home/user/ww_amr_batch/contigs/SRR2938333.contigs.fa	k141_19753	1	730	+	mph(A)_1	177-906/906	..=============	0/0	80.57	99.86	resfinder	D16251	mph(A)	Azithromycin;Erythromycin;Spiramycin;Telithromycin	mph(A)
SRR2938333	/home/user/ww_amr_batch/contigs/SRR2938333.contigs.fa	k141_19943	186	1361	+	cmx_1	1-1176/1176	===============	0/0	100.00	99.92	resfinder	U85507	cmx	Chloramphenicol	cmx
SRR2938333	/home/user/ww_amr_batch/contigs/SRR2938333.contigs.fa	k141_21816	371	1173	-	aadA16_1	13-815/846	===============	0/0	94.92	99.38	resfinder	EU675686	aadA16	Spectinomycin;Streptomycin	aadA16
SRR2938333	/home/user/ww_amr_batch/contigs/SRR2938333.contigs.fa	k141_22723	2	579	+	cat_2	47-624/624	.==============	0/0	92.63	97.58	resfinder	M35190	cat	Chloramphenicol	cat
SRR2938333	/home/user/ww_amr_batch/contigs/SRR2938333.contigs.fa	k141_24416	1	1366	-	tet(O)_1	1-1366/1920	===========....	0/0	71.15	99.49	resfinder	M18896	tet(O)	Doxycycline;Minocycline;Tetracycline	tet(O)
SRR2938333	/home/user/ww_amr_batch/contigs/SRR2938333.contigs.fa	k141_25039	616	1027	-	qnrVC1_1	246-657/657	.....==========	0/0	62.71	100.00	resfinder	EU436855	qnrVC1	Ciprofloxacin	qnrVC1
SRR2938333	/home/user/ww_amr_batch/contigs/SRR2938333.contigs.fa	k141_25643	1	842	+	mph(G)_1	44-885/885	===============	0/0	95.14	99.29	resfinder	AB571865	mph(G)	Erythromycin	mph(G)
SRR2938333	/home/user/ww_amr_batch/contigs/SRR2938333.contigs.fa	k141_26698	251	1047	+	aadA11_1	1-797/846	===============	0/0	94.21	99.37	resfinder	AY144590	aadA11	Spectinomycin;Streptomycin	aadA11
SRR2938333	/home/user/ww_amr_batch/contigs/SRR2938333.contigs.fa	k141_27168	456	950	-	lnu(D)_1	1-495/495	===============	0/0	100.00	99.80	resfinder	EF452177	lnu(D)	Lincomycin	lnu(D)
SRR2938333	/home/user/ww_amr_batch/contigs/SRR2938333.contigs.fa	k141_28942	125	988	-	blaGES-1_1	1-864/864	===============	0/0	100.00	99.88	resfinder	HQ170511	blaGES-1	Amoxicillin;Amoxicillin+Clavulanic_acid;Ampicillin;Ampicillin+Clavulanic_acid;Cefoxitin;Ceftazidime;Piperacillin;Ticarcillin	blaGES-1
SRR2938333	/home/user/ww_amr_batch/contigs/SRR2938333.contigs.fa	k141_28942	1062	1520	-	aac(6')-Il_1	1-459/459	===============	0/0	100.00	100.00	resfinder	U13880	aac(6')-Il	Amikacin;Tobramycin	aac(6')-Il
SRR2938333	/home/user/ww_amr_batch/contigs/SRR2938333.contigs.fa	k141_31579	3244	4006	+	erm(B)_18	1-762/762	========/======	1/1	100.00	99.48	resfinder	X66468	erm(B)	Clindamycin;Erythromycin;Lincomycin;Pristinamycin_IA;Quinupristin;Virginiamycin_S	erm(B)
SRR2938333	/home/user/ww_amr_batch/contigs/SRR2938333.contigs.fa	k141_32087	45	518	-	dfrA6_2	1-474/474	===============	0/0	100.00	99.58	resfinder	FJ905898	dfrA6	Trimethoprim	dfrA6
SRR2938333	/home/user/ww_amr_batch/contigs/SRR2938333.contigs.fa	k141_32315	179	673	-	lnu(C)_1	1-495/495	===============	0/0	100.00	99.19	resfinder	AY928180	lnu(C)	Lincomycin	lnu(C)
SRR2938333	/home/user/ww_amr_batch/contigs/SRR2938333.contigs.fa	k141_37295	61	597	-	catS_1	1-537/537	===============	0/0	100.00	96.83	resfinder	X74948	catS	Chloramphenicol	catS
SRR2938333	/home/user/ww_amr_batch/contigs/SRR2938333.contigs.fa	k141_40079	467	1297	-	blaOXA-4_1	1-831/831	===============	0/0	100.00	99.88	resfinder	AY162283	blaOXA-4		blaOXA-4
SRR2938333	/home/user/ww_amr_batch/contigs/SRR2938333.contigs.fa	k141_43204	7	914	+	blaBRO-2_1	1-908/945	===============	0/0	96.08	100.00	resfinder	Z54181	blaBRO-2	Amoxicillin;Ampicillin;Penicillin;Piperacillin	blaBRO-2
SRR2938333	/home/user/ww_amr_batch/contigs/SRR2938333.contigs.fa	k141_43713	966	2885	+	tet(W)_4	1-1920/1920	===============	0/0	100.00	99.11	resfinder	FN396364	tet(W)	Doxycycline;Minocycline;Tetracycline	tet(W)
SRR2938333	/home/user/ww_amr_batch/contigs/SRR2938333.contigs.fa	k141_46497	2054	3241	+	tet(39)_2	1-1188/1188	===============	0/0	100.00	99.92	resfinder	CP044518	tet(39)	Doxycycline;Tetracycline;Tigecycline	tet(39)
SRR2938333	/home/user/ww_amr_batch/contigs/SRR2938333.contigs.fa	k141_48401	1157	2347	-	tet(C)_3	1-1191/1191	===============	0/0	100.00	99.92	resfinder	AF055345	tet(C)	Doxycycline;Tetracycline	tet(C)
SRR2938333	/home/user/ww_amr_batch/contigs/SRR2938333.contigs.fa	k141_48600	1	349	+	dfrA21_1	150-498/498	....===========	0/0	70.08	100.00	resfinder	AY552589	dfrA21	Trimethoprim	dfrA21
SRR2938333	/home/user/ww_amr_batch/contigs/SRR2938333.contigs.fa	k141_48600	850	1716	+	sul1_5	1-867/867	===============	0/0	100.00	99.89	resfinder	EU780013	sul1	Sulfamethoxazole	sul1
SRR2938333	/home/user/ww_amr_batch/contigs/SRR2938333.contigs.fa	k141_49186	982	1866	-	mph(E)_1	1-885/885	===============	0/0	100.00	100.00	resfinder	DQ839391	mph(E)	Erythromycin	mph(E)
SRR2938333	/home/user/ww_amr_batch/contigs/SRR2938333.contigs.fa	k141_49186	1922	3397	-	msr(E)_1	1-1476/1476	===============	0/0	100.00	100.00	resfinder	FR751518	msr(E)	Azithromycin;Erythromycin;Pristinamycin_IA;Quinupristin;Virginiamycin_S	msr(E)
SRR2938333	/home/user/ww_amr_batch/contigs/SRR2938333.contigs.fa	k141_5426	1	539	+	sul2_12	278-816/816	.....==========	0/0	66.05	100.00	resfinder	AF497970	sul2	Sulfamethoxazole	sul2
SRR2938333	/home/user/ww_amr_batch/contigs/SRR2938333.contigs.fa	k141_54365	444	1661	+	mef(A)_2	1-1218/1218	===============	0/0	100.00	95.40	resfinder	U83667	mef(A)	Azithromycin;Erythromycin	mef(A)
SRR2938333	/home/user/ww_amr_batch/contigs/SRR2938333.contigs.fa	k141_54365	1781	3244	+	msr(D)_3	1-1464/1464	===============	0/0	100.00	98.50	resfinder	AF227520	msr(D)	Azithromycin;Erythromycin;Pristinamycin_IA;Quinupristin;Telithromycin;Virginiamycin_S	msr(D)
SRR2938333	/home/user/ww_amr_batch/contigs/SRR2938333.contigs.fa	k141_54365	4700	5194	+	lnu(D)_1	1-495/495	===============	0/0	100.00	84.04	resfinder	EF452177	lnu(D)	Lincomycin	lnu(D)
SRR2938333	/home/user/ww_amr_batch/contigs/SRR2938333.contigs.fa	k141_55448	1	1027	-	cmlB1_1	137-1163/1266	.=============.	0/0	81.12	86.86	resfinder	AM296481	cmlB1	Chloramphenicol	cmlB1
SRR2938333	/home/user/ww_amr_batch/contigs/SRR2938333.contigs.fa	k141_55487	2	844	+	blaOXA-58_1	1-843/843	===============	0/0	100.00	99.88	resfinder	AY665723	blaOXA-58	Amoxicillin;Amoxicillin+Clavulanic_acid;Ampicillin;Ampicillin+Clavulanic_acid;Imipenem;Meropenem	blaOXA-58
SRR2938333	/home/user/ww_amr_batch/contigs/SRR2938333.contigs.fa	k141_56073	105	930	+	mef(C)_1	1-826/1224	===========....	0/0	67.48	98.79	resfinder	AB571865	mef(C)	Erythromycin	mef(C)
SRR2938333	/home/user/ww_amr_batch/contigs/SRR2938333.contigs.fa	k141_56330	382	1184	+	ant(3'')-Ia_1	167-972/972	..======/======	1/3	82.61	99.13	resfinder	X02340	ant(3'')-Ia	Streptomycin	ant(3'')-Ia
SRR2938333	/home/user/ww_amr_batch/contigs/SRR2938333.contigs.fa	k141_6905	33	566	-	ant(2'')-Ia_1	1-534/534	===============	0/0	100.00	100.00	resfinder	X04555	ant(2'')-Ia	Gentamicin;Tobramycin	ant(2'')-Ia
SRR2938334	/home/user/ww_amr_batch/contigs/SRR2938334.contigs.fa	k141_10443	613	1414	-	sul2_2	15-816/816	===============	0/0	98.28	100.00	resfinder	AY034138	sul2	Sulfamethoxazole	sul2
SRR2938334	/home/user/ww_amr_batch/contigs/SRR2938334.contigs.fa	k141_11868	1	619	-	blaOXA-2_1	1-619/828	============...	0/0	74.76	100.00	resfinder	DQ112222	blaOXA-2	Amoxicillin;Amoxicillin+Clavulanic_acid;Ampicillin;Ampicillin+Clavulanic_acid;Ceftazidime;Piperacillin	blaOXA-2
SRR2938334	/home/user/ww_amr_batch/contigs/SRR2938334.contigs.fa	k141_11868	696	1660	-	ant(3'')-Ia_1	1-972/972	========/======	3/7	99.28	98.77	resfinder	X02340	ant(3'')-Ia	Streptomycin	ant(3'')-Ia
SRR2938334	/home/user/ww_amr_batch/contigs/SRR2938334.contigs.fa	k141_2233	802	1992	-	tet(C)_3	1-1191/1191	===============	0/0	100.00	99.92	resfinder	AF055345	tet(C)	Doxycycline;Tetracycline	tet(C)
SRR2938334	/home/user/ww_amr_batch/contigs/SRR2938334.contigs.fa	k141_3789	654	1520	+	sul1_5	1-867/867	===============	0/0	100.00	99.77	resfinder	EU780013	sul1	Sulfamethoxazole	sul1
SRR2938335	/home/user/ww_amr_batch/contigs/SRR2938335.contigs.fa	k141_10978	42	665	+	cat_2	1-624/624	===============	0/0	100.00	100.00	resfinder	M35190	cat	Chloramphenicol	cat
SRR2938335	/home/user/ww_amr_batch/contigs/SRR2938335.contigs.fa	k141_14417	361	1227	+	sul1_5	1-867/867	===============	0/0	100.00	99.89	resfinder	EU780013	sul1	Sulfamethoxazole	sul1
SRR2938335	/home/user/ww_amr_batch/contigs/SRR2938335.contigs.fa	k141_17126	1945	2481	-	catS_1	1-537/537	===============	0/0	100.00	98.14	resfinder	X74948	catS	Chloramphenicol	catS
SRR2938335	/home/user/ww_amr_batch/contigs/SRR2938335.contigs.fa	k141_18070	171	1016	-	aadA6_1	1-846/846	===============	0/0	100.00	98.82	resfinder	AF140629	aadA6	Spectinomycin;Streptomycin	aadA6
SRR2938335	/home/user/ww_amr_batch/contigs/SRR2938335.contigs.fa	k141_1820	1	589	-	blaGES-11_1	1-589/864	===========....	0/0	68.17	99.83	resfinder	FJ854362	blaGES-11	Amoxicillin;Amoxicillin+Clavulanic_acid;Ampicillin;Ampicillin+Clavulanic_acid;Cefoxitin;Ceftazidime;Piperacillin;Ticarcillin	blaGES-11
SRR2938335	/home/user/ww_amr_batch/contigs/SRR2938335.contigs.fa	k141_1820	663	1121	-	aac(6')-Il_1	1-459/459	===============	0/0	100.00	100.00	resfinder	U13880	aac(6')-Il	Amikacin;Tobramycin	aac(6')-Il
SRR2938335	/home/user/ww_amr_batch/contigs/SRR2938335.contigs.fa	k141_20676	251	1048	-	aadA13_1	1-798/798	===============	0/0	100.00	99.88	resfinder	AY713504	aadA13	Spectinomycin;Streptomycin	aadA13
SRR2938335	/home/user/ww_amr_batch/contigs/SRR2938335.contigs.fa	k141_22244	402	1238	-	aph(6)-Id_1	1-837/837	===============	0/0	100.00	100.00	resfinder	M28829	aph(6)-Id	Streptomycin	aph(6)-Id
SRR2938335	/home/user/ww_amr_batch/contigs/SRR2938335.contigs.fa	k141_22244	1238	2040	-	aph(3'')-Ib_2	2-804/804	===============	0/0	99.88	100.00	resfinder	AF024602	aph(3'')-Ib	Streptomycin	aph(3'')-Ib
SRR2938335	/home/user/ww_amr_batch/contigs/SRR2938335.contigs.fa	k141_27469	1238	1732	+	lnu(C)_1	1-495/495	===============	0/0	100.00	99.19	resfinder	AY928180	lnu(C)	Lincomycin	lnu(C)
SRR2938335	/home/user/ww_amr_batch/contigs/SRR2938335.contigs.fa	k141_33797	100	573	+	dfrA6_2	1-474/474	===============	0/0	100.00	99.58	resfinder	FJ905898	dfrA6	Trimethoprim	dfrA6
SRR2938335	/home/user/ww_amr_batch/contigs/SRR2938335.contigs.fa	k141_33797	2292	2948	+	qnrVC1_1	1-657/657	===============	0/0	100.00	100.00	resfinder	EU436855	qnrVC1	Ciprofloxacin	qnrVC1
SRR2938335	/home/user/ww_amr_batch/contigs/SRR2938335.contigs.fa	k141_37946	307	1137	-	blaOXA-4_1	1-831/831	===============	0/0	100.00	99.88	resfinder	AY162283	blaOXA-4		blaOXA-4
SRR2938335	/home/user/ww_amr_batch/contigs/SRR2938335.contigs.fa	k141_3796	1614	2558	-	blaBRO-2_1	1-945/945	===============	0/0	100.00	99.89	resfinder	Z54181	blaBRO-2	Amoxicillin;Ampicillin;Penicillin;Piperacillin	blaBRO-2
SRR2938335	/home/user/ww_amr_batch/contigs/SRR2938335.contigs.fa	k141_38556	154	978	-	blaOXA-211_1	1-825/825	===============	0/0	100.00	97.82	resfinder	JN861779	blaOXA-211	Amoxicillin;Amoxicillin+Clavulanic_acid;Ampicillin;Ampicillin+Clavulanic_acid	blaOXA-211
SRR2938335	/home/user/ww_amr_batch/contigs/SRR2938335.contigs.fa	k141_40172	1	773	+	cfr(C)_2	348-1120/1251	....==========.	0/0	61.79	100.00	resfinder	CANB01000378	cfr(C)	Chloramphenicol;Clindamycin;Dalfopristin;Florfenicol;Lincomycin;Linezolid;Pristinamycin_IIA;Tiamulin;Virginiamycin_M	cfr(C)
SRR2938335	/home/user/ww_amr_batch/contigs/SRR2938335.contigs.fa	k141_43265	1753	2769	-	msr(D)_3	448-1464/1464	....===========	0/0	69.47	96.95	resfinder	AF227520	msr(D)	Azithromycin;Erythromycin;Pristinamycin_IA;Quinupristin;Telithromycin;Virginiamycin_S	msr(D)
SRR2938335	/home/user/ww_amr_batch/contigs/SRR2938335.contigs.fa	k141_45385	940	1728	-	mef(A)_1	430-1218/1218	.....==========	0/0	64.78	90.11	resfinder	AJ971089	mef(A)	Azithromycin;Erythromycin	mef(A)
SRR2938335	/home/user/ww_amr_batch/contigs/SRR2938335.contigs.fa	k141_45612	1	707	-	cfxA6_1	206-912/996	...===========.	0/0	70.98	96.61	resfinder	GQ342996	cfxA6		cfxA6
SRR2938335	/home/user/ww_amr_batch/contigs/SRR2938335.contigs.fa	k141_47973	50	853	-	lnu(B)_2	1-804/804	===============	0/0	100.00	99.75	resfinder	JQ861959	lnu(B)	Clindamycin;Lincomycin	lnu(B)
SRR2938335	/home/user/ww_amr_batch/contigs/SRR2938335.contigs.fa	k141_52681	1690	2334	-	qnrB19_1	1-645/645	===============	0/0	100.00	100.00	resfinder	EU432277	qnrB19	Ciprofloxacin	qnrB19
SRR2938335	/home/user/ww_amr_batch/contigs/SRR2938335.contigs.fa	k141_533	114	1405	-	CmlA7_1	23-1314/1314	===============	0/0	98.33	99.69	resfinder	JQ639792	CmlA7	Chloramphenicol	CmlA7
SRR2938335	/home/user/ww_amr_batch/contigs/SRR2938335.contigs.fa	k141_54598	1	1739	-	tet(M)_4	156-1894/1920	.==============	0/0	90.57	99.37	resfinder	X75073	tet(M)	Doxycycline;Minocycline;Tetracycline	tet(M)
SRR2938335	/home/user/ww_amr_batch/contigs/SRR2938335.contigs.fa	k141_56498	335	686	-	lnu(D)_1	144-495/495	....===========	0/0	71.11	83.52	resfinder	EF452177	lnu(D)	Lincomycin	lnu(D)
SRR2938335	/home/user/ww_amr_batch/contigs/SRR2938335.contigs.fa	k141_60727	449	1028	-	aac(6')-Ib_1	27-606/606	===============	0/0	95.71	99.83	resfinder	M21682	aac(6')-Ib	Amikacin;Kanamycin;Tobramycin	aac(6')-Ib
SRR2938335	/home/user/ww_amr_batch/contigs/SRR2938335.contigs.fa	k141_60727	1422	2648	-	ere(A)_2	1-1227/1227	===============	0/0	100.00	99.84	resfinder	AF099140	ere(A)	Erythromycin	ere(A)
SRR2938335	/home/user/ww_amr_batch/contigs/SRR2938335.contigs.fa	k141_60765	4022	4516	-	lnu(D)_1	1-495/495	===============	0/0	100.00	84.04	resfinder	EF452177	lnu(D)	Lincomycin	lnu(D)
SRR2938335	/home/user/ww_amr_batch/contigs/SRR2938335.contigs.fa	k141_61821	1841	3316	+	msr(E)_1	1-1476/1476	===============	0/0	100.00	100.00	resfinder	FR751518	msr(E)	Azithromycin;Erythromycin;Pristinamycin_IA;Quinupristin;Virginiamycin_S	msr(E)
SRR2938335	/home/user/ww_amr_batch/contigs/SRR2938335.contigs.fa	k141_61821	3372	4256	+	mph(E)_1	1-885/885	===============	0/0	100.00	100.00	resfinder	DQ839391	mph(E)	Erythromycin	mph(E)
SRR2938335	/home/user/ww_amr_batch/contigs/SRR2938335.contigs.fa	k141_61821	5283	6470	-	tet(39)_2	1-1188/1188	===============	0/0	100.00	99.92	resfinder	CP044518	tet(39)	Doxycycline;Tetracycline;Tigecycline	tet(39)
SRR2938335	/home/user/ww_amr_batch/contigs/SRR2938335.contigs.fa	k141_61905	613	2532	+	tet(W)_1	1-1920/1920	===============	0/0	100.00	99.27	resfinder	DQ060146	tet(W)	Doxycycline;Minocycline;Tetracycline	tet(W)
SRR2938335	/home/user/ww_amr_batch/contigs/SRR2938335.contigs.fa	k141_66120	21	683	-	aadA7_1	136-798/798	..=============	0/0	83.08	99.09	resfinder	AF224733	aadA7	Spectinomycin;Streptomycin	aadA7
SRR2938335	/home/user/ww_amr_batch/contigs/SRR2938335.contigs.fa	k141_67603	590	1289	+	erm(B)_18	1-699/762	========/=====.	1/1	91.73	99.29	resfinder	X66468	erm(B)	Clindamycin;Erythromycin;Lincomycin;Pristinamycin_IA;Quinupristin;Virginiamycin_S	erm(B)
SRR2938335	/home/user/ww_amr_batch/contigs/SRR2938335.contigs.fa	k141_68141	5851	7068	+	mef(A)_2	1-1218/1218	===============	0/0	100.00	95.07	resfinder	U83667	mef(A)	Azithromycin;Erythromycin	mef(A)
SRR2938335	/home/user/ww_amr_batch/contigs/SRR2938335.contigs.fa	k141_68141	7188	8651	+	msr(D)_3	1-1464/1464	===============	0/0	100.00	98.43	resfinder	AF227520	msr(D)	Azithromycin;Erythromycin;Pristinamycin_IA;Quinupristin;Telithromycin;Virginiamycin_S	msr(D)
SRR2938335	/home/user/ww_amr_batch/contigs/SRR2938335.contigs.fa	k141_70591	87	719	+	catB3_2	1-633/633	===============	0/0	100.00	100.00	resfinder	U13880	catB3	Chloramphenicol	catB3
SRR2938335	/home/user/ww_amr_batch/contigs/SRR2938335.contigs.fa	k141_70591	767	1142	+	ARR-3_4	54-429/543	.===========...	0/0	69.24	99.47	resfinder	FM207631	ARR-3	Rifampicin	ARR-3
SRR2938335	/home/user/ww_amr_batch/contigs/SRR2938335.contigs.fa	k141_72160	1	539	+	sul2_12	278-816/816	.....==========	0/0	66.05	100.00	resfinder	AF497970	sul2	Sulfamethoxazole	sul2
SRR2938335	/home/user/ww_amr_batch/contigs/SRR2938335.contigs.fa	k141_72767	184	1404	+	tet(40)_1	1-1221/1221	===============	0/0	100.00	99.75	resfinder	FJ158002	tet(40)	Doxycycline;Tetracycline	tet(40)
SRR2938335	/home/user/ww_amr_batch/contigs/SRR2938335.contigs.fa	k141_77331	63	851	+	aadA5_1	1-789/789	===============	0/0	100.00	99.62	resfinder	AF137361	aadA5	Spectinomycin;Streptomycin	aadA5
SRR2938335	/home/user/ww_amr_batch/contigs/SRR2938335.contigs.fa	k141_77331	970	1797	+	blaOXA-2_1	1-828/828	===============	0/0	100.00	100.00	resfinder	DQ112222	blaOXA-2	Amoxicillin;Amoxicillin+Clavulanic_acid;Ampicillin;Ampicillin+Clavulanic_acid;Ceftazidime;Piperacillin	blaOXA-2
SRR2938335	/home/user/ww_amr_batch/contigs/SRR2938335.contigs.fa	k141_77804	363	896	+	ant(2'')-Ia_1	1-534/534	===============	0/0	100.00	99.44	resfinder	X04555	ant(2'')-Ia	Gentamicin;Tobramycin	ant(2'')-Ia
SRR2938335	/home/user/ww_amr_batch/contigs/SRR2938335.contigs.fa	k141_77825	187	768	-	aac(6')-IIc_1	1-582/582	===============	0/0	100.00	100.00	resfinder	NC_012555	aac(6')-IIc	Gentamicin;Tobramycin	aac(6')-IIc
SRR2938335	/home/user/ww_amr_batch/contigs/SRR2938335.contigs.fa	k141_77988	125	795	+	aadA2_1	7-677/819	=============..	0/0	81.93	99.85	resfinder	NC_010870	aadA2	Spectinomycin;Streptomycin	aadA2
SRR2938335	/home/user/ww_amr_batch/contigs/SRR2938335.contigs.fa	k141_79276	927	2117	+	tet(C)_3	1-1191/1191	===============	0/0	100.00	99.92	resfinder	AF055345	tet(C)	Doxycycline;Tetracycline	tet(C)
SRR2938335	/home/user/ww_amr_batch/contigs/SRR2938335.contigs.fa	k141_81010	30	616	+	blaOXA-427_1	1-587/795	============...	0/0	73.84	90.80	resfinder	KX827604	blaOXA-427	Amoxicillin;Ampicillin;Aztreonam;Cefepime;Ceftazidime;Ertapenem;Imipenem;Meropenem;Piperacillin;Piperacillin+Tazobactam;Temocillin	blaOXA-427
SRR2938335	/home/user/ww_amr_batch/contigs/SRR2938335.contigs.fa	k141_81490	1	552	-	aph(3')-III_1	58-609/795	.===========...	0/0	69.43	100.00	resfinder	M26832	aph(3')-III	Amikacin;Butirosin;Isepamicin;Kanamycin;Lividomycin;Neomycin;Paromomycin;Ribostamycin	aph(3')-III
SRR2938335	/home/user/ww_amr_batch/contigs/SRR2938335.contigs.fa	k141_8160	420	1595	+	cmx_1	1-1176/1176	===============	0/0	100.00	99.92	resfinder	U85507	cmx	Chloramphenicol	cmx
SRR2938335	/home/user/ww_amr_batch/contigs/SRR2938335.contigs.fa	k141_8202	3721	4642	-	mph(A)_2	1-921/921	========/======	1/1	100.00	99.67	resfinder	U36578	mph(A)	Azithromycin;Erythromycin;Spiramycin;Telithromycin	mph(A)
SRR2938335	/home/user/ww_amr_batch/contigs/SRR2938335.contigs.fa	k141_8408	278	1501	+	mef(C)_1	1-1224/1224	===============	0/0	100.00	99.92	resfinder	AB571865	mef(C)	Erythromycin	mef(C)
SRR2938335	/home/user/ww_amr_batch/contigs/SRR2938335.contigs.fa	k141_8408	1506	2390	+	mph(G)_1	1-885/885	===============	0/0	100.00	99.77	resfinder	AB571865	mph(G)	Erythromycin	mph(G)
SRR2938335	/home/user/ww_amr_batch/contigs/SRR2938335.contigs.fa	k141_84981	6759	8678	-	tet(O)_1	1-1920/1920	===============	0/0	100.00	99.79	resfinder	M18896	tet(O)	Doxycycline;Minocycline;Tetracycline	tet(O)
SRR2938335	/home/user/ww_amr_batch/contigs/SRR2938335.contigs.fa	k141_85101	151	1591	-	tet(Q)_1	486-1926/1926	...============	0/0	74.82	99.65	resfinder	L33696	tet(Q)	Doxycycline;Minocycline;Tetracycline	tet(Q)
SRR2938335	/home/user/ww_amr_batch/contigs/SRR2938335.contigs.fa	k141_86491	122	922	-	blaOXA-10_1	1-801/801	===============	0/0	100.00	99.75	resfinder	J03427	blaOXA-10	Amoxicillin;Ampicillin;Aztreonam;Piperacillin;Piperacillin+Tazobactam	blaOXA-10
SRR2938335	/home/user/ww_amr_batch/contigs/SRR2938335.contigs.fa	k141_86491	941	1509	-	aadA16_1	247-815/846	....===========	0/0	67.26	99.12	resfinder	EU675686	aadA16	Spectinomycin;Streptomycin	aadA16
SRR2938335	/home/user/ww_amr_batch/contigs/SRR2938335.contigs.fa	k141_86496	17	514	+	dfrA21_1	1-498/498	===============	0/0	100.00	100.00	resfinder	AY552589	dfrA21	Trimethoprim	dfrA21
SRR2938335	/home/user/ww_amr_batch/contigs/SRR2938335.contigs.fa	k141_88337	91	957	-	ant(6)-Ia_3	1-867/867	===============	0/0	100.00	100.00	resfinder	KF864551	ant(6)-Ia	Streptomycin	ant(6)-Ia
SRR2938335	/home/user/ww_amr_batch/contigs/SRR2938335.contigs.fa	k141_88716	211	1012	+	ant(3'')-Ia_1	171-972/972	..=============	0/0	82.51	99.75	resfinder	X02340	ant(3'')-Ia	Streptomycin	ant(3'')-Ia
SRR2938335	/home/user/ww_amr_batch/contigs/SRR2938335.contigs.fa	k141_9083	1	627	+	blaOXA-58_1	217-843/843	...============	0/0	74.38	100.00	resfinder	AY665723	blaOXA-58	Amoxicillin;Amoxicillin+Clavulanic_acid;Ampicillin;Ampicillin+Clavulanic_acid;Imipenem;Meropenem	blaOXA-58
SRR2938335	/home/user/ww_amr_batch/contigs/SRR2938335.contigs.fa	k141_91355	3478	3972	+	lnu(D)_1	1-495/495	===============	0/0	100.00	99.80	resfinder	EF452177	lnu(D)	Lincomycin	lnu(D)
SRR2938336	/home/user/ww_amr_batch/contigs/SRR2938336.contigs.fa	k141_7092	2108	2959	-	sul1_9	1-852/852	===============	0/0	100.00	100.00	resfinder	AY963803	sul1	Sulfamethoxazole	sul1
SRR2938336	/home/user/ww_amr_batch/contigs/SRR2938336.contigs.fa	k141_9608	491	1306	+	sul2_2	1-816/816	===============	0/0	100.00	100.00	resfinder	AY034138	sul2	Sulfamethoxazole	sul2
SRR33902036	/home/user/ww_amr_batch/contigs/SRR33902036.contigs.fa	k141_102010	1345	2160	-	sul2_2	1-816/816	===============	0/0	100.00	100.00	resfinder	AY034138	sul2	Sulfamethoxazole	sul2
SRR33902036	/home/user/ww_amr_batch/contigs/SRR33902036.contigs.fa	k141_113459	548	952	+	fosE_1	1-405/405	===============	0/0	100.00	100.00	resfinder	AB901041	fosE	Fosfomycin	fosE
SRR33902036	/home/user/ww_amr_batch/contigs/SRR33902036.contigs.fa	k141_142628	311	1088	+	aph(6)-Id_1	1-778/837	==============.	0/0	92.95	99.87	resfinder	M28829	aph(6)-Id	Streptomycin	aph(6)-Id
SRR33902036	/home/user/ww_amr_batch/contigs/SRR33902036.contigs.fa	k141_169554	1	356	+	aac(6')-Il_1	104-459/459	...============	0/0	77.56	100.00	resfinder	U13880	aac(6')-Il	Amikacin;Tobramycin	aac(6')-Il
SRR33902036	/home/user/ww_amr_batch/contigs/SRR33902036.contigs.fa	k141_191266	731	1921	-	tet(C)_3	1-1191/1191	===============	0/0	100.00	99.83	resfinder	AF055345	tet(C)	Doxycycline;Tetracycline	tet(C)
SRR33902036	/home/user/ww_amr_batch/contigs/SRR33902036.contigs.fa	k141_194687	6326	7192	+	sul1_5	1-867/867	===============	0/0	100.00	99.89	resfinder	EU780013	sul1	Sulfamethoxazole	sul1
SRR33902036	/home/user/ww_amr_batch/contigs/SRR33902036.contigs.fa	k141_33385	179	1042	+	blaGES-5_1	1-864/864	===============	0/0	100.00	100.00	resfinder	DQ236171	blaGES-5	Amoxicillin;Amoxicillin+Clavulanic_acid;Ampicillin;Ampicillin+Clavulanic_acid;Cefoxitin;Ceftazidime;Piperacillin;Ticarcillin	blaGES-5
SRR33902036	/home/user/ww_amr_batch/contigs/SRR33902036.contigs.fa	k141_33385	1216	1734	+	aac(6')-31_1	1-519/519	===============	0/0	100.00	99.23	resfinder	AM283489	aac(6')-31	Amikacin;Gentamicin;Isepamicin;Kanamycin;Neomycin;Netilmicin;Sisomicin;Tobramycin	aac(6')-31
SRR33902036	/home/user/ww_amr_batch/contigs/SRR33902036.contigs.fa	k141_33401	2	936	+	ant(3'')-Ia_1	34-972/972	========/======	2/4	96.19	93.08	resfinder	X02340	ant(3'')-Ia	Streptomycin	ant(3'')-Ia
SRR33902036	/home/user/ww_amr_batch/contigs/SRR33902036.contigs.fa	k141_35866	1	510	+	blaOXA-2_1	319-828/828	.....==========	0/0	61.59	99.80	resfinder	DQ112222	blaOXA-2	Amoxicillin;Amoxicillin+Clavulanic_acid;Ampicillin;Ampicillin+Clavulanic_acid;Ceftazidime;Piperacillin	blaOXA-2
SRR33902036	/home/user/ww_amr_batch/contigs/SRR33902036.contigs.fa	k141_70067	214	1008	-	ere(A)_2	433-1227/1227	.....==========	0/0	64.79	98.74	resfinder	AF099140	ere(A)	Erythromycin	ere(A)
SRR33902036	/home/user/ww_amr_batch/contigs/SRR33902036.contigs.fa	k141_70460	121	542	-	catB8_1	212-633/633	.....==========	0/0	66.67	97.87	resfinder	AF227506	catB8	Chloramphenicol	catB8
SRR33902036	/home/user/ww_amr_batch/contigs/SRR33902036.contigs.fa	k141_96067	263	1003	+	blaIMP-1_1	1-741/741	===============	0/0	100.00	100.00	resfinder	EF027105	blaIMP-1	Amoxicillin;Amoxicillin+Clavulanic_acid;Ampicillin;Ampicillin+Clavulanic_acid;Cefepime;Cefixime;Cefotaxime;Cefoxitin;Ceftazidime;Ertapenem;Imipenem;Meropenem;Piperacillin;Piperacillin+Tazobactam	blaIMP-1
SRR33902050	/home/user/ww_amr_batch/contigs/SRR33902050.contigs.fa	k141_102143	1591	2837	-	tet(A)_6	1-1247/1275	===============	0/0	97.80	100.00	resfinder	AF534183	tet(A)	Doxycycline;Tetracycline	tet(A)
SRR33902050	/home/user/ww_amr_batch/contigs/SRR33902050.contigs.fa	k141_105156	1	1109	+	tet(X)_1	59-1167/1167	===============	0/0	95.03	99.82	resfinder	GU014535	tet(X)	Doxycycline;Minocycline;Tetracycline;Tigecycline	tet(X)
SRR33902050	/home/user/ww_amr_batch/contigs/SRR33902050.contigs.fa	k141_127431	1	517	+	blaOXA-224_1	181-697/831	...==========..	0/0	62.21	98.84	resfinder	JN412067	blaOXA-224		blaOXA-224
SRR33902050	/home/user/ww_amr_batch/contigs/SRR33902050.contigs.fa	k141_128189	1	561	+	blaOXA-347_1	265-825/825	....===========	0/0	68.00	100.00	resfinder	ACWG01000053	blaOXA-347		blaOXA-347
SRR33902050	/home/user/ww_amr_batch/contigs/SRR33902050.contigs.fa	k141_142816	109874	110740	-	sul1_5	1-867/867	===============	0/0	100.00	99.65	resfinder	EU780013	sul1	Sulfamethoxazole	sul1
SRR33902050	/home/user/ww_amr_batch/contigs/SRR33902050.contigs.fa	k141_143653	371	1174	+	lnu(B)_2	1-804/804	===============	0/0	100.00	98.88	resfinder	JQ861959	lnu(B)	Clindamycin;Lincomycin	lnu(B)
SRR33902050	/home/user/ww_amr_batch/contigs/SRR33902050.contigs.fa	k141_144794	85	885	+	erm(F)_3	1-801/801	===============	0/0	100.00	99.75	resfinder	M17808	erm(F)	Clindamycin;Erythromycin;Lincomycin;Pristinamycin_IA;Quinupristin;Virginiamycin_S	erm(F)
SRR33902050	/home/user/ww_amr_batch/contigs/SRR33902050.contigs.fa	k141_42069	1	420	+	aac(6')-Ib-Hangzhou_1	100-519/519	..=============	0/0	80.92	99.76	resfinder	FJ503047	aac(6')-Ib-Hangzhou	Amikacin;Tobramycin	aac(6')-Ib-Hangzhou
SRR33902050	/home/user/ww_amr_batch/contigs/SRR33902050.contigs.fa	k141_52723	44	1039	-	cfxA6_1	1-996/996	===============	0/0	100.00	99.80	resfinder	GQ342996	cfxA6		cfxA6
SRR33902050	/home/user/ww_amr_batch/contigs/SRR33902050.contigs.fa	k141_59493	428	1243	+	sul2_2	1-816/816	===============	0/0	100.00	100.00	resfinder	AY034138	sul2	Sulfamethoxazole	sul2
SRR33902050	/home/user/ww_amr_batch/contigs/SRR33902050.contigs.fa	k141_61252	1	1016	-	FloR_4	1-1016/1215	=============..	0/0	83.62	95.77	resfinder	CP136914	FloR	Chloramphenicol;Florfenicol	FloR
SRR33902050	/home/user/ww_amr_batch/contigs/SRR33902050.contigs.fa	k141_62337	1	599	-	ant(3'')-Ia_1	1-606/972	========/=.....	3/7	61.63	98.52	resfinder	X02340	ant(3'')-Ia	Streptomycin	ant(3'')-Ia
SRR33902050	/home/user/ww_amr_batch/contigs/SRR33902050.contigs.fa	k141_63643	1	638	-	cfxA3_1	1-638/966	==========.....	0/0	66.05	100.00	resfinder	AF472622	cfxA3	Ampicillin	cfxA3
SRR33902050	/home/user/ww_amr_batch/contigs/SRR33902050.contigs.fa	k141_6726	1	1302	-	tet(W)_3	1-1302/1920	===========....	0/0	67.81	99.54	resfinder	AJ427421	tet(W)	Doxycycline;Minocycline;Tetracycline	tet(W)
SRR33902050	/home/user/ww_amr_batch/contigs/SRR33902050.contigs.fa	k141_7399	1	532	-	erm(G)_1	1-532/735	===========....	0/0	72.38	99.25	resfinder	M15332	erm(G)	Clindamycin;Erythromycin;Lincomycin;Pristinamycin_IA;Quinupristin;Virginiamycin_S	erm(G)
SRR33902050	/home/user/ww_amr_batch/contigs/SRR33902050.contigs.fa	k141_86726	251	2163	+	tet(Q)_1	1-1913/1926	===============	0/0	99.33	99.48	resfinder	L33696	tet(Q)	Doxycycline;Minocycline;Tetracycline	tet(Q)
SRR33902050	/home/user/ww_amr_batch/contigs/SRR33902050.contigs.fa	k141_89262	10487	11323	-	aph(6)-Id_1	1-837/837	===============	0/0	100.00	99.88	resfinder	M28829	aph(6)-Id	Streptomycin	aph(6)-Id
SRR33902050	/home/user/ww_amr_batch/contigs/SRR33902050.contigs.fa	k141_89262	11323	12125	-	aph(3'')-Ib_2	2-804/804	===============	0/0	99.88	99.88	resfinder	AF024602	aph(3'')-Ib	Streptomycin	aph(3'')-Ib
SRR35815511	/home/user/ww_amr_batch/contigs/SRR35815511.contigs.fa	k141_108137	581	2056	+	msr(E)_1	1-1476/1476	===============	0/0	100.00	100.00	resfinder	FR751518	msr(E)	Azithromycin;Erythromycin;Pristinamycin_IA;Quinupristin;Virginiamycin_S	msr(E)
SRR35815511	/home/user/ww_amr_batch/contigs/SRR35815511.contigs.fa	k141_108137	2112	2996	+	mph(E)_1	1-885/885	===============	0/0	100.00	100.00	resfinder	DQ839391	mph(E)	Erythromycin	mph(E)
SRR35815511	/home/user/ww_amr_batch/contigs/SRR35815511.contigs.fa	k141_175489	130	1356	+	ere(D)_1	1-1227/1227	===============	0/0	100.00	98.53	resfinder	KP265721	ere(D)	Erythromycin	ere(D)
SRR35815511	/home/user/ww_amr_batch/contigs/SRR35815511.contigs.fa	k141_175489	1569	2372	-	tet(X)_2	364-1167/1167	....===========	0/0	68.89	99.88	resfinder	M37699	tet(X)	Doxycycline;Minocycline;Tetracycline;Tigecycline	tet(X)
SRR35815511	/home/user/ww_amr_batch/contigs/SRR35815511.contigs.fa	k141_299024	614	1414	-	erm(F)_3	1-801/801	===============	0/0	100.00	99.75	resfinder	M17808	erm(F)	Clindamycin;Erythromycin;Lincomycin;Pristinamycin_IA;Quinupristin;Virginiamycin_S	erm(F)
SRR35815511	/home/user/ww_amr_batch/contigs/SRR35815511.contigs.fa	k141_416253	1594	2390	-	mph(G)_1	89-885/885	.==============	0/0	90.06	99.75	resfinder	AB571865	mph(G)	Erythromycin	mph(G)
SRR35815511	/home/user/ww_amr_batch/contigs/SRR35815511.contigs.fa	k141_519645	60	678	-	aadA1_5	174-792/792	...============	0/0	78.16	99.52	resfinder	JX185132	aadA1	Spectinomycin;Streptomycin	aadA1
SRR35815511	/home/user/ww_amr_batch/contigs/SRR35815511.contigs.fa	k141_61797	1747	2631	-	mph(G)_1	1-885/885	===============	0/0	100.00	89.49	resfinder	AB571865	mph(G)	Erythromycin	mph(G)
SRR35815511	/home/user/ww_amr_batch/contigs/SRR35815511.contigs.fa	k141_61797	2635	3370	-	mef(C)_1	489-1224/1224	.....==========	0/0	60.13	93.75	resfinder	AB571865	mef(C)	Erythromycin	mef(C)
SRR35815513	/home/user/ww_amr_batch/contigs/SRR35815513.contigs.fa	k141_232976	176	976	-	erm(F)_3	1-801/801	===============	0/0	100.00	99.62	resfinder	M17808	erm(F)	Clindamycin;Erythromycin;Lincomycin;Pristinamycin_IA;Quinupristin;Virginiamycin_S	erm(F)
SRR35815513	/home/user/ww_amr_batch/contigs/SRR35815513.contigs.fa	k141_299489	284	1168	+	mph(G)_1	1-885/885	===============	0/0	100.00	99.32	resfinder	AB571865	mph(G)	Erythromycin	mph(G)
SRR35815513	/home/user/ww_amr_batch/contigs/SRR35815513.contigs.fa	k141_572553	1181	2347	+	tet(X)_2	1-1167/1167	===============	0/0	100.00	99.91	resfinder	M37699	tet(X)	Doxycycline;Minocycline;Tetracycline;Tigecycline	tet(X)
SRR35815513	/home/user/ww_amr_batch/contigs/SRR35815513.contigs.fa	k141_627699	1	1078	+	mef(C)_1	147-1224/1224	.==============	0/0	88.07	97.87	resfinder	AB571865	mef(C)	Erythromycin	mef(C)
SRR35815513	/home/user/ww_amr_batch/contigs/SRR35815513.contigs.fa	k141_645879	4590	5474	-	mph(G)_1	1-885/885	===============	0/0	100.00	89.38	resfinder	AB571865	mph(G)	Erythromycin	mph(G)
SRR35815514	/home/user/ww_amr_batch/contigs/SRR35815514.contigs.fa	k141_106335	7867	8769	-	tet(E)_2	316-1218/1218	...============	0/0	74.14	99.89	resfinder	L06940	tet(E)	Doxycycline;Tetracycline	tet(E)
SRR35815514	/home/user/ww_amr_batch/contigs/SRR35815514.contigs.fa	k141_110785	41	871	+	blaOXA-1_1	1-831/831	===============	0/0	100.00	100.00	resfinder	HQ170510	blaOXA-1	Amoxicillin;Amoxicillin+Clavulanic_acid;Ampicillin;Ampicillin+Clavulanic_acid;Cefepime;Piperacillin;Piperacillin+Tazobactam	blaOXA-1
SRR35815514	/home/user/ww_amr_batch/contigs/SRR35815514.contigs.fa	k141_119929	172	1298	+	blaFOX-2_1	23-1149/1149	===============	0/0	98.09	84.21	resfinder	Y10282	blaFOX-2	Amoxicillin;Amoxicillin+Clavulanic_acid;Ampicillin;Ampicillin+Clavulanic_acid;Cefotaxime;Cefoxitin;Ceftazidime;Piperacillin;Piperacillin+Tazobactam;Ticarcillin;Ticarcillin+Clavulanic_acid	blaFOX-2
SRR35815514	/home/user/ww_amr_batch/contigs/SRR35815514.contigs.fa	k141_131651	137	938	+	aadA2_1	18-819/819	===============	0/0	97.92	99.88	resfinder	NC_010870	aadA2	Spectinomycin;Streptomycin	aadA2
SRR35815514	/home/user/ww_amr_batch/contigs/SRR35815514.contigs.fa	k141_136403	2992	3740	+	cphA1_3	1-749/765	===============	0/0	97.91	95.19	resfinder	AY261378	cphA1		cphA1
SRR35815514	/home/user/ww_amr_batch/contigs/SRR35815514.contigs.fa	k141_141285	2	650	+	blaOXA-490_1	113-762/762	..======/======	3/5	84.91	81.14	resfinder	KU721147	blaOXA-490		blaOXA-490
SRR35815514	/home/user/ww_amr_batch/contigs/SRR35815514.contigs.fa	k141_186708	285	772	+	blaOXA-13_1	1-488/801	==========.....	0/0	60.92	98.97	resfinder	U59183	blaOXA-13		blaOXA-13
SRR35815514	/home/user/ww_amr_batch/contigs/SRR35815514.contigs.fa	k141_196875	194	690	-	aadA1_3	296-792/792	.....==========	0/0	62.75	98.99	resfinder	JQ414041	aadA1	Spectinomycin;Streptomycin	aadA1
SRR35815514	/home/user/ww_amr_batch/contigs/SRR35815514.contigs.fa	k141_197144	3	758	+	blaFOX-1_1	297-1052/1149	...=====/=====.	4/6	65.54	80.24	resfinder	X77455	blaFOX-1	Amoxicillin;Amoxicillin+Clavulanic_acid;Ampicillin;Ampicillin+Clavulanic_acid;Cefotaxime;Cefoxitin;Ceftazidime;Piperacillin;Piperacillin+Tazobactam;Ticarcillin;Ticarcillin+Clavulanic_acid	blaFOX-1
SRR35815514	/home/user/ww_amr_batch/contigs/SRR35815514.contigs.fa	k141_199022	1073	1729	-	qnrVC4_1	1-657/657	===============	0/0	100.00	100.00	resfinder	GQ891757	qnrVC4	Ciprofloxacin	qnrVC4
SRR35815514	/home/user/ww_amr_batch/contigs/SRR35815514.contigs.fa	k141_200601	178	1077	-	blaVEB-3_1	1-900/900	===============	0/0	100.00	100.00	resfinder	AY536519	blaVEB-3		blaVEB-3
SRR35815514	/home/user/ww_amr_batch/contigs/SRR35815514.contigs.fa	k141_200601	2188	3054	+	sul1_5	1-867/867	===============	0/0	100.00	99.89	resfinder	EU780013	sul1	Sulfamethoxazole	sul1
SRR35815514	/home/user/ww_amr_batch/contigs/SRR35815514.contigs.fa	k141_203599	629	1444	-	sul2_2	1-816/816	===============	0/0	100.00	100.00	resfinder	AY034138	sul2	Sulfamethoxazole	sul2
SRR35815514	/home/user/ww_amr_batch/contigs/SRR35815514.contigs.fa	k141_21272	1508	2344	-	aph(6)-Id_1	1-837/837	===============	0/0	100.00	100.00	resfinder	M28829	aph(6)-Id	Streptomycin	aph(6)-Id
SRR35815514	/home/user/ww_amr_batch/contigs/SRR35815514.contigs.fa	k141_21272	2344	3146	-	aph(3'')-Ib_2	2-804/804	===============	0/0	99.88	100.00	resfinder	AF024602	aph(3'')-Ib	Streptomycin	aph(3'')-Ib
SRR35815514	/home/user/ww_amr_batch/contigs/SRR35815514.contigs.fa	k141_213492	278	1093	-	aph(3')-Ia_1	1-816/816	===============	0/0	100.00	100.00	resfinder	V00359	aph(3')-Ia	Kanamycin	aph(3')-Ia
SRR35815514	/home/user/ww_amr_batch/contigs/SRR35815514.contigs.fa	k141_233294	73	525	-	ARR-8_1	1-453/453	===============	0/0	100.00	99.56	resfinder	KC199968	ARR-8	Rifampicin	ARR-8
SRR35815514	/home/user/ww_amr_batch/contigs/SRR35815514.contigs.fa	k141_243049	261	886	-	blaOXA-296_1	229-854/855	....===========	0/0	73.22	98.08	resfinder	APOH01000009	blaOXA-296		blaOXA-296
SRR35815514	/home/user/ww_amr_batch/contigs/SRR35815514.contigs.fa	k141_267688	1049	1643	-	ampS_1	201-795/795	...============	0/0	74.84	95.97	resfinder	X80276	ampS		ampS
SRR35815514	/home/user/ww_amr_batch/contigs/SRR35815514.contigs.fa	k141_268679	145	627	+	dfrA14_5	1-483/483	===============	0/0	100.00	99.79	resfinder	DQ388123	dfrA14	Trimethoprim	dfrA14
SRR35815514	/home/user/ww_amr_batch/contigs/SRR35815514.contigs.fa	k141_270871	492	1589	-	mcr-3.19_1	529-1626/1626	....====/======	4/6	67.34	92.37	resfinder	NG055497	mcr-3.19	Colistin	mcr-3.19
SRR35815514	/home/user/ww_amr_batch/contigs/SRR35815514.contigs.fa	k141_282440	12046	12840	+	blaOXA-427_1	1-795/795	===============	0/0	100.00	86.67	resfinder	KX827604	blaOXA-427	Amoxicillin;Ampicillin;Aztreonam;Cefepime;Ceftazidime;Ertapenem;Imipenem;Meropenem;Piperacillin;Piperacillin+Tazobactam;Temocillin	blaOXA-427
SRR35815514	/home/user/ww_amr_batch/contigs/SRR35815514.contigs.fa	k141_288056	189	821	-	catB3_2	1-633/633	===============	0/0	100.00	100.00	resfinder	U13880	catB3	Chloramphenicol	catB3
SRR35815514	/home/user/ww_amr_batch/contigs/SRR35815514.contigs.fa	k141_290675	501	1145	+	qnrD1_1	1-645/645	===============	0/0	100.00	100.00	resfinder	FJ228229	qnrD1	Ciprofloxacin	qnrD1
SRR35815514	/home/user/ww_amr_batch/contigs/SRR35815514.contigs.fa	k141_296565	126	971	-	aadA11_1	1-846/846	===============	0/0	100.00	99.76	resfinder	AY144590	aadA11	Spectinomycin;Streptomycin	aadA11
SRR35815514	/home/user/ww_amr_batch/contigs/SRR35815514.contigs.fa	k141_296565	1041	1673	-	catB2_1	1-633/633	===============	0/0	100.00	100.00	resfinder	AF047479	catB2	Chloramphenicol	catB2
SRR35815514	/home/user/ww_amr_batch/contigs/SRR35815514.contigs.fa	k141_328041	95	739	+	qnrB19_1	1-645/645	===============	0/0	100.00	97.67	resfinder	EU432277	qnrB19	Ciprofloxacin	qnrB19
SRR35815514	/home/user/ww_amr_batch/contigs/SRR35815514.contigs.fa	k141_331687	1413	2630	+	tet(E)_3	1-1218/1218	===============	0/0	100.00	99.26	resfinder	CP000645	tet(E)	Doxycycline;Tetracycline	tet(E)
SRR35815514	/home/user/ww_amr_batch/contigs/SRR35815514.contigs.fa	k141_332998	83	556	+	dfrA27_1	1-474/474	===============	0/0	100.00	99.79	resfinder	FJ459817	dfrA27	Trimethoprim	dfrA27
SRR35815514	/home/user/ww_amr_batch/contigs/SRR35815514.contigs.fa	k141_332998	737	1582	+	aadA16_1	1-846/846	===============	0/0	100.00	99.29	resfinder	EU675686	aadA16	Spectinomycin;Streptomycin	aadA16
SRR35815514	/home/user/ww_amr_batch/contigs/SRR35815514.contigs.fa	k141_339519	29	792	+	blaOXA-491_1	1-758/762	========/======	1/6	99.48	80.24	resfinder	KU721148	blaOXA-491		blaOXA-491
SRR35815514	/home/user/ww_amr_batch/contigs/SRR35815514.contigs.fa	k141_384789	1460	2706	+	tet(A)_6	1-1247/1275	===============	0/0	97.80	100.00	resfinder	AF534183	tet(A)	Doxycycline;Tetracycline	tet(A)
SRR35815514	/home/user/ww_amr_batch/contigs/SRR35815514.contigs.fa	k141_394588	121	873	+	blaOXA-464_1	10-762/762	===============	0/0	98.82	81.67	resfinder	KU721146	blaOXA-464		blaOXA-464
SRR35815514	/home/user/ww_amr_batch/contigs/SRR35815514.contigs.fa	k141_402586	254	916	+	blaOXA-464_1	10-672/762	==============.	0/0	87.01	92.76	resfinder	KU721146	blaOXA-464		blaOXA-464
SRR35815514	/home/user/ww_amr_batch/contigs/SRR35815514.contigs.fa	k141_406270	10	815	+	aadA10_1	1-806/834	===============	0/0	96.64	98.88	resfinder	U37105	aadA10	Spectinomycin;Streptomycin	aadA10
SRR35815514	/home/user/ww_amr_batch/contigs/SRR35815514.contigs.fa	k141_438488	154	515	+	dfrA5_1	1-362/474	============...	0/0	76.37	99.45	resfinder	X12868	dfrA5	Trimethoprim	dfrA5
SRR35815514	/home/user/ww_amr_batch/contigs/SRR35815514.contigs.fa	k141_440108	358	985	-	blaOXA-333_1	198-825/825	...============	0/0	76.12	96.81	resfinder	KF203107	blaOXA-333		blaOXA-333
SRR35815514	/home/user/ww_amr_batch/contigs/SRR35815514.contigs.fa	k141_44200	1	546	+	blaOXA-281_1	184-729/825	...===========.	0/0	66.18	98.17	resfinder	APON01000041	blaOXA-281		blaOXA-281
SRR35815514	/home/user/ww_amr_batch/contigs/SRR35815514.contigs.fa	k141_445490	623	1096	-	dfrA15_1	1-474/474	===============	0/0	100.00	99.79	resfinder	AF156486	dfrA15	Trimethoprim	dfrA15
SRR35815514	/home/user/ww_amr_batch/contigs/SRR35815514.contigs.fa	k141_446545	187	1374	-	tet(39)_2	1-1188/1188	===============	0/0	100.00	99.92	resfinder	CP044518	tet(39)	Doxycycline;Tetracycline;Tigecycline	tet(39)
SRR35815514	/home/user/ww_amr_batch/contigs/SRR35815514.contigs.fa	k141_461268	2511	3335	+	blaOXA-211_1	1-825/825	===============	0/0	100.00	96.97	resfinder	JN861779	blaOXA-211	Amoxicillin;Amoxicillin+Clavulanic_acid;Ampicillin;Ampicillin+Clavulanic_acid	blaOXA-211
SRR35815514	/home/user/ww_amr_batch/contigs/SRR35815514.contigs.fa	k141_463383	6426	7286	-	blaTEM-1B_1	1-861/861	===============	0/0	100.00	100.00	resfinder	AY458016	blaTEM-1B	Amoxicillin;Ampicillin;Cephalothin;Piperacillin;Ticarcillin	blaTEM-1B
SRR35815514	/home/user/ww_amr_batch/contigs/SRR35815514.contigs.fa	k141_484812	1	615	-	blaOXA-21_1	1-615/828	============...	0/0	74.28	100.00	resfinder	AB626885	blaOXA-21		blaOXA-21
SRR35815514	/home/user/ww_amr_batch/contigs/SRR35815514.contigs.fa	k141_484812	685	1239	-	aac(6')-IIa_1	1-555/555	===============	0/0	100.00	99.64	resfinder	M29695	aac(6')-IIa	Dibekacin;Gentamicin;Netilmicin;Sisomicin;Tobramycin	aac(6')-IIa
SRR35815514	/home/user/ww_amr_batch/contigs/SRR35815514.contigs.fa	k141_489684	462	1775	+	CmlA7_1	1-1314/1314	===============	0/0	100.00	100.00	resfinder	JQ639792	CmlA7	Chloramphenicol	CmlA7
SRR35815514	/home/user/ww_amr_batch/contigs/SRR35815514.contigs.fa	k141_489684	2040	2840	+	blaOXA-10_1	1-801/801	===============	0/0	100.00	100.00	resfinder	J03427	blaOXA-10	Amoxicillin;Ampicillin;Aztreonam;Piperacillin;Piperacillin+Tazobactam	blaOXA-10
SRR35815514	/home/user/ww_amr_batch/contigs/SRR35815514.contigs.fa	k141_489684	2837	3578	+	ant(3'')-Ia_1	161-902/972	..============.	0/0	76.34	100.00	resfinder	X02340	ant(3'')-Ia	Streptomycin	ant(3'')-Ia
SRR35815514	/home/user/ww_amr_batch/contigs/SRR35815514.contigs.fa	k141_494398	2071	2997	-	blaPER-4_1	1-927/927	===============	0/0	100.00	100.00	resfinder	EU748544	blaPER-4	Amoxicillin;Amoxicillin+Clavulanic_acid;Ampicillin;Ampicillin+Clavulanic_acid;Aztreonam;Cefepime;Cefotaxime;Cefoxitin;Ceftazidime;Piperacillin;Piperacillin+Tazobactam;Ticarcillin;Ticarcillin+Clavulanic_acid	blaPER-4
SRR35815514	/home/user/ww_amr_batch/contigs/SRR35815514.contigs.fa	k141_502973	1	461	+	dfrA7_5	114-570/570	..======/======	3/4	80.18	94.36	resfinder	AJ419170	dfrA7	Trimethoprim	dfrA7
SRR35815514	/home/user/ww_amr_batch/contigs/SRR35815514.contigs.fa	k141_545108	3165	3959	+	blaOXA-427_1	1-795/795	===============	0/0	100.00	98.87	resfinder	KX827604	blaOXA-427	Amoxicillin;Ampicillin;Aztreonam;Cefepime;Ceftazidime;Ertapenem;Imipenem;Meropenem;Piperacillin;Piperacillin+Tazobactam;Temocillin	blaOXA-427
SRR35815514	/home/user/ww_amr_batch/contigs/SRR35815514.contigs.fa	k141_555263	3306	3962	+	qnrS2_1	1-657/657	===============	0/0	100.00	100.00	resfinder	DQ485530	qnrS2	Ciprofloxacin	qnrS2
SRR35815514	/home/user/ww_amr_batch/contigs/SRR35815514.contigs.fa	k141_565491	1	609	+	blaCEPH-A3_1	156-764/765	...============	0/0	79.61	95.73	resfinder	AY112998	blaCEPH-A3		blaCEPH-A3
SRR35815514	/home/user/ww_amr_batch/contigs/SRR35815514.contigs.fa	k141_567237	1	1082	-	msr(D)_2	1-1082/1464	============...	0/0	73.91	93.62	resfinder	AF274302	msr(D)	Azithromycin;Erythromycin;Pristinamycin_IA;Quinupristin;Telithromycin;Virginiamycin_S	msr(D)
SRR35815514	/home/user/ww_amr_batch/contigs/SRR35815514.contigs.fa	k141_56837	3281	4155	+	blaCTX-M-3_1	1-875/876	===============	0/0	99.89	99.66	resfinder	Y10278	blaCTX-M-3	Amoxicillin;Ampicillin;Aztreonam;Cefepime;Cefotaxime;Ceftazidime;Ceftriaxone;Piperacillin;Ticarcillin	blaCTX-M-3
SRR35815514	/home/user/ww_amr_batch/contigs/SRR35815514.contigs.fa	k141_581016	2283	3191	+	mph(N)_1	1-909/909	===============	0/0	100.00	95.60	resfinder	KF648874	mph(N)	Erythromycin	mph(N)
SRR35815514	/home/user/ww_amr_batch/contigs/SRR35815514.contigs.fa	k141_598115	275	1389	+	mef(C)_1	1-1115/1224	==============.	0/0	91.09	94.44	resfinder	AB571865	mef(C)	Erythromycin	mef(C)
SRR35815514	/home/user/ww_amr_batch/contigs/SRR35815514.contigs.fa	k141_627427	355	1459	+	blaCMY-1_1	36-1131/1149	========/======	2/9	95.39	80.63	resfinder	X92508	blaCMY-1	Amoxicillin;Amoxicillin+Clavulanic_acid;Ampicillin;Ampicillin+Clavulanic_acid;Cefotaxime;Cefoxitin;Ceftazidime;Piperacillin;Piperacillin+Tazobactam;Ticarcillin;Ticarcillin+Clavulanic_acid	blaCMY-1
SRR35815514	/home/user/ww_amr_batch/contigs/SRR35815514.contigs.fa	k141_628737	213	1073	+	blaSHV-12_1	1-861/861	===============	0/0	100.00	100.00	resfinder	KF976405	blaSHV-12	Amoxicillin;Ampicillin;Aztreonam;Cefepime;Cefotaxime;Ceftazidime;Ceftriaxone;Piperacillin;Ticarcillin	blaSHV-12
SRR35815514	/home/user/ww_amr_batch/contigs/SRR35815514.contigs.fa	k141_637244	336	1115	+	aph(3')-VIb_1	1-780/780	===============	0/0	100.00	100.00	resfinder	AJ627643	aph(3')-VIb	Amikacin;Butirosin;Gentamicin;Kanamycin;Neomycin;Paromomycin;Ribostamycin	aph(3')-VIb
SRR35815514	/home/user/ww_amr_batch/contigs/SRR35815514.contigs.fa	k141_664339	20	782	-	erm(B)_18	1-762/762	========/======	1/1	100.00	99.48	resfinder	X66468	erm(B)	Clindamycin;Erythromycin;Lincomycin;Pristinamycin_IA;Quinupristin;Virginiamycin_S	erm(B)
SRR35815514	/home/user/ww_amr_batch/contigs/SRR35815514.contigs.fa	k141_674208	123	737	-	blaOXA-549_1	259-873/873	....===========	0/0	70.45	88.29	resfinder	KY682751	blaOXA-549		blaOXA-549
SRR35815514	/home/user/ww_amr_batch/contigs/SRR35815514.contigs.fa	k141_675421	2405	3133	+	blaCMY-8b_1	39-767/1149	===========....	0/0	63.45	83.27	resfinder	DQ094251	blaCMY-8b	Amoxicillin;Amoxicillin+Clavulanic_acid;Ampicillin;Ampicillin+Clavulanic_acid;Cefotaxime;Cefoxitin;Ceftazidime;Piperacillin;Piperacillin+Tazobactam;Ticarcillin;Ticarcillin+Clavulanic_acid	blaCMY-8b
SRR35815514	/home/user/ww_amr_batch/contigs/SRR35815514.contigs.fa	k141_678685	1	609	+	blaCEPH-A3_1	156-764/765	...============	0/0	79.61	96.72	resfinder	AY112998	blaCEPH-A3		blaCEPH-A3
SRR35815514	/home/user/ww_amr_batch/contigs/SRR35815514.contigs.fa	k141_68865	1	501	+	blaOXA-427_1	135-635/795	..==========...	0/0	63.02	90.02	resfinder	KX827604	blaOXA-427	Amoxicillin;Ampicillin;Aztreonam;Cefepime;Ceftazidime;Ertapenem;Imipenem;Meropenem;Piperacillin;Piperacillin+Tazobactam;Temocillin	blaOXA-427
SRR35815514	/home/user/ww_amr_batch/contigs/SRR35815514.contigs.fa	k141_711536	549	1830	+	mcr-3.19_1	18-1299/1626	========/====..	11/16	78.35	80.85	resfinder	NG055497	mcr-3.19	Colistin	mcr-3.19
SRR35815514	/home/user/ww_amr_batch/contigs/SRR35815514.contigs.fa	k141_721794	38	519	-	ampS_1	312-793/795	.....==========	0/0	60.63	94.81	resfinder	X80276	ampS		ampS
SRR35815514	/home/user/ww_amr_batch/contigs/SRR35815514.contigs.fa	k141_722481	3454	4929	+	msr(E)_1	1-1476/1476	===============	0/0	100.00	100.00	resfinder	FR751518	msr(E)	Azithromycin;Erythromycin;Pristinamycin_IA;Quinupristin;Virginiamycin_S	msr(E)
SRR35815514	/home/user/ww_amr_batch/contigs/SRR35815514.contigs.fa	k141_722481	4985	5869	+	mph(E)_1	1-885/885	===============	0/0	100.00	100.00	resfinder	DQ839391	mph(E)	Erythromycin	mph(E)
SRR35815514	/home/user/ww_amr_batch/contigs/SRR35815514.contigs.fa	k141_732531	2648	3508	-	aac(3)-IId_1	1-861/861	===============	0/0	100.00	99.88	resfinder	EU022314	aac(3)-IId	Apramycin;Dibekacin;Gentamicin;Netilmicin;Sisomicin;Tobramycin	aac(3)-IId
SRR35815514	/home/user/ww_amr_batch/contigs/SRR35815514.contigs.fa	k141_741280	6844	7995	-	blaMOX-6_1	1-1152/1152	========/======	2/2	99.91	97.83	resfinder	GQ152601	blaMOX-6		blaMOX-6
SRR35815514	/home/user/ww_amr_batch/contigs/SRR35815514.contigs.fa	k141_7565	632	1479	+	blaOXA-296_1	1-848/855	===============	0/0	99.18	96.34	resfinder	APOH01000009	blaOXA-296		blaOXA-296
SRR35815514	/home/user/ww_amr_batch/contigs/SRR35815514.contigs.fa	k141_756810	3058	3979	+	mph(A)_2	1-921/921	========/======	1/1	100.00	99.67	resfinder	U36578	mph(A)	Azithromycin;Erythromycin;Spiramycin;Telithromycin	mph(A)
SRR35815514	/home/user/ww_amr_batch/contigs/SRR35815514.contigs.fa	k141_756896	177	805	-	catB8_1	5-633/633	===============	0/0	99.37	100.00	resfinder	AF227506	catB8	Chloramphenicol	catB8
SRR35815514	/home/user/ww_amr_batch/contigs/SRR35815514.contigs.fa	k141_770904	294	767	+	dfrA1_10	1-474/474	===============	0/0	100.00	99.58	resfinder	AF203818	dfrA1	Trimethoprim	dfrA1
SRR35815514	/home/user/ww_amr_batch/contigs/SRR35815514.contigs.fa	k141_782666	1	630	-	blaOXA-280_1	103-732/828	.=============.	0/0	76.09	96.51	resfinder	APPZ01000001	blaOXA-280		blaOXA-280
SRR35815514	/home/user/ww_amr_batch/contigs/SRR35815514.contigs.fa	k141_804910	509	1657	-	blaFOX-2_1	1-1149/1149	===============	0/0	100.00	95.82	resfinder	Y10282	blaFOX-2	Amoxicillin;Amoxicillin+Clavulanic_acid;Ampicillin;Ampicillin+Clavulanic_acid;Cefotaxime;Cefoxitin;Ceftazidime;Piperacillin;Piperacillin+Tazobactam;Ticarcillin;Ticarcillin+Clavulanic_acid	blaFOX-2
SRR35815514	/home/user/ww_amr_batch/contigs/SRR35815514.contigs.fa	k141_829841	1	490	+	ARR-3_4	54-543/543	.==============	0/0	90.24	99.39	resfinder	FM207631	ARR-3	Rifampicin	ARR-3
SRR35815514	/home/user/ww_amr_batch/contigs/SRR35815514.contigs.fa	k141_834244	268	849	-	aac(6')-IIc_1	1-582/582	===============	0/0	100.00	100.00	resfinder	NC_012555	aac(6')-IIc	Gentamicin;Tobramycin	aac(6')-IIc
SRR35815514	/home/user/ww_amr_batch/contigs/SRR35815514.contigs.fa	k141_834244	989	1852	-	blaGES-1_1	1-864/864	===============	0/0	100.00	100.00	resfinder	HQ170511	blaGES-1	Amoxicillin;Amoxicillin+Clavulanic_acid;Ampicillin;Ampicillin+Clavulanic_acid;Cefoxitin;Ceftazidime;Piperacillin;Ticarcillin	blaGES-1
SRR35815514	/home/user/ww_amr_batch/contigs/SRR35815514.contigs.fa	k141_840162	1	853	-	blaOXA-296_1	1-853/855	===============	0/0	99.77	95.55	resfinder	APOH01000009	blaOXA-296		blaOXA-296
SRR35815514	/home/user/ww_amr_batch/contigs/SRR35815514.contigs.fa	k141_846182	79	574	-	blaOXA-490_1	67-562/762	.===========...	0/0	65.09	80.24	resfinder	KU721147	blaOXA-490		blaOXA-490
SRR35815514	/home/user/ww_amr_batch/contigs/SRR35815514.contigs.fa	k141_849252	858	1617	-	cphA4_1	2-762/765	========/======	1/1	99.35	94.35	resfinder	AY227050	cphA4		cphA4
SRR35815514	/home/user/ww_amr_batch/contigs/SRR35815514.contigs.fa	k141_87593	243	479	-	dfrB4_1	1-237/237	===============	0/0	100.00	100.00	resfinder	AJ429132	dfrB4	Trimethoprim	dfrB4
SRR35815514	/home/user/ww_amr_batch/contigs/SRR35815514.contigs.fa	k141_87616	243	479	-	dfrB1_1	1-237/237	===============	0/0	100.00	100.00	resfinder	U36276	dfrB1	Trimethoprim	dfrB1
SRR35815514	/home/user/ww_amr_batch/contigs/SRR35815514.contigs.fa	k141_87616	577	1404	-	blaOXA-2_1	1-828/828	===============	0/0	100.00	100.00	resfinder	DQ112222	blaOXA-2	Amoxicillin;Amoxicillin+Clavulanic_acid;Ampicillin;Ampicillin+Clavulanic_acid;Ceftazidime;Piperacillin	blaOXA-2
SRR35815514	/home/user/ww_amr_batch/contigs/SRR35815514.contigs.fa	k141_889049	383	1107	-	blaBEL-1_1	128-852/852	..=============	0/0	85.09	100.00	resfinder	DQ089809	blaBEL-1	Amoxicillin;Amoxicillin+Clavulanic_acid;Ampicillin;Ampicillin+Clavulanic_acid;Cefotaxime;Cefoxitin;Ceftazidime;Piperacillin;Piperacillin+Tazobactam;Ticarcillin;Ticarcillin+Clavulanic_acid	blaBEL-1
SRR35815514	/home/user/ww_amr_batch/contigs/SRR35815514.contigs.fa	k141_92079	627	1817	-	tet(C)_3	1-1191/1191	===============	0/0	100.00	99.83	resfinder	AF055345	tet(C)	Doxycycline;Tetracycline	tet(C)
SRR35815514	/home/user/ww_amr_batch/contigs/SRR35815514.contigs.fa	k141_92721	5567	6050	+	aac(3)-Ia_1	51-534/534	.==============	0/0	90.64	97.73	resfinder	X15852	aac(3)-Ia	Astromicin;Fortimicin;Gentamicin	aac(3)-Ia
SRR35815514	/home/user/ww_amr_batch/contigs/SRR35815514.contigs.fa	k141_98406	391	1745	+	mcr-3.17_1	1-1355/1623	=============..	0/0	83.49	99.85	resfinder	MH332767	mcr-3.17	Colistin	mcr-3.17
SRR35815516	/home/user/ww_amr_batch/contigs/SRR35815516.contigs.fa	k141_100735	428	2353	-	tet(Q)_1	1-1926/1926	===============	0/0	100.00	99.01	resfinder	L33696	tet(Q)	Doxycycline;Minocycline;Tetracycline	tet(Q)
SRR35815516	/home/user/ww_amr_batch/contigs/SRR35815516.contigs.fa	k141_114254	1	520	+	cat_2	9-528/624	=============..	0/0	83.33	96.54	resfinder	M35190	cat	Chloramphenicol	cat
SRR35815516	/home/user/ww_amr_batch/contigs/SRR35815516.contigs.fa	k141_140445	679	1411	-	ant(6)-Ia_3	135-867/867	..=============	0/0	84.54	99.73	resfinder	KF864551	ant(6)-Ia	Streptomycin	ant(6)-Ia
SRR35815516	/home/user/ww_amr_batch/contigs/SRR35815516.contigs.fa	k141_161355	735	1901	+	tet(X)_2	1-1167/1167	===============	0/0	100.00	99.91	resfinder	M37699	tet(X)	Doxycycline;Minocycline;Tetracycline;Tigecycline	tet(X)
SRR35815516	/home/user/ww_amr_batch/contigs/SRR35815516.contigs.fa	k141_161355	2114	2914	-	erm(F)_3	1-801/801	===============	0/0	100.00	99.88	resfinder	M17808	erm(F)	Clindamycin;Erythromycin;Lincomycin;Pristinamycin_IA;Quinupristin;Virginiamycin_S	erm(F)
SRR35815516	/home/user/ww_amr_batch/contigs/SRR35815516.contigs.fa	k141_174103	1	1383	+	tet(Q)_1	544-1926/1926	....===========	0/0	71.81	90.46	resfinder	L33696	tet(Q)	Doxycycline;Minocycline;Tetracycline	tet(Q)
SRR35815516	/home/user/ww_amr_batch/contigs/SRR35815516.contigs.fa	k141_176608	361	1469	-	blaCMY-8b_1	39-1144/1149	========/======	1/3	96.26	82.87	resfinder	DQ094251	blaCMY-8b	Amoxicillin;Amoxicillin+Clavulanic_acid;Ampicillin;Ampicillin+Clavulanic_acid;Cefotaxime;Cefoxitin;Ceftazidime;Piperacillin;Piperacillin+Tazobactam;Ticarcillin;Ticarcillin+Clavulanic_acid	blaCMY-8b
SRR35815516	/home/user/ww_amr_batch/contigs/SRR35815516.contigs.fa	k141_179415	718	1708	-	cfxA6_1	6-996/996	===============	0/0	99.50	99.50	resfinder	GQ342996	cfxA6		cfxA6
SRR35815516	/home/user/ww_amr_batch/contigs/SRR35815516.contigs.fa	k141_188087	2073	2867	+	blaOXA-427_1	1-795/795	===============	0/0	100.00	98.99	resfinder	KX827604	blaOXA-427	Amoxicillin;Ampicillin;Aztreonam;Cefepime;Ceftazidime;Ertapenem;Imipenem;Meropenem;Piperacillin;Piperacillin+Tazobactam;Temocillin	blaOXA-427
SRR35815516	/home/user/ww_amr_batch/contigs/SRR35815516.contigs.fa	k141_19133	1616	2440	-	blaOXA-333_1	1-825/825	===============	0/0	100.00	97.82	resfinder	KF203107	blaOXA-333		blaOXA-333
SRR35815516	/home/user/ww_amr_batch/contigs/SRR35815516.contigs.fa	k141_195638	94	785	-	blaCEPH-A3_1	73-764/765	.==============	0/0	90.46	94.80	resfinder	AY112998	blaCEPH-A3		blaCEPH-A3
SRR35815516	/home/user/ww_amr_batch/contigs/SRR35815516.contigs.fa	k141_196084	1	581	-	erm(G)_1	1-581/735	============...	0/0	79.05	99.31	resfinder	M15332	erm(G)	Clindamycin;Erythromycin;Lincomycin;Pristinamycin_IA;Quinupristin;Virginiamycin_S	erm(G)
SRR35815516	/home/user/ww_amr_batch/contigs/SRR35815516.contigs.fa	k141_204839	144	944	+	blaOXA-10_1	1-801/801	===============	0/0	100.00	100.00	resfinder	J03427	blaOXA-10	Amoxicillin;Ampicillin;Aztreonam;Piperacillin;Piperacillin+Tazobactam	blaOXA-10
SRR35815516	/home/user/ww_amr_batch/contigs/SRR35815516.contigs.fa	k141_237409	1514	2479	-	cfxA3_1	1-966/966	===============	0/0	100.00	100.00	resfinder	AF472622	cfxA3	Ampicillin	cfxA3
SRR35815516	/home/user/ww_amr_batch/contigs/SRR35815516.contigs.fa	k141_255431	464	1271	+	cfxA6_1	175-981/996	..======/======	3/5	80.82	85.68	resfinder	GQ342996	cfxA6		cfxA6
SRR35815516	/home/user/ww_amr_batch/contigs/SRR35815516.contigs.fa	k141_25922	267	2186	+	tet(O)_1	1-1920/1920	===============	0/0	100.00	99.43	resfinder	M18896	tet(O)	Doxycycline;Minocycline;Tetracycline	tet(O)
SRR35815516	/home/user/ww_amr_batch/contigs/SRR35815516.contigs.fa	k141_302615	157	609	+	ARR-8_1	1-453/453	===============	0/0	100.00	99.56	resfinder	KC199968	ARR-8	Rifampicin	ARR-8
SRR35815516	/home/user/ww_amr_batch/contigs/SRR35815516.contigs.fa	k141_309826	201	717	+	erm(B)_15	1-517/753	===========....	0/0	68.66	99.81	resfinder	U48430	erm(B)	Clindamycin;Erythromycin;Lincomycin;Pristinamycin_IA;Quinupristin;Virginiamycin_S	erm(B)
SRR35815516	/home/user/ww_amr_batch/contigs/SRR35815516.contigs.fa	k141_32212	687	1571	+	mph(G)_1	1-885/885	===============	0/0	100.00	99.77	resfinder	AB571865	mph(G)	Erythromycin	mph(G)
SRR35815516	/home/user/ww_amr_batch/contigs/SRR35815516.contigs.fa	k141_333695	1033	1836	+	aph(3'')-Ib_5	1-804/804	===============	0/0	100.00	99.88	resfinder	AF321551	aph(3'')-Ib	Streptomycin	aph(3'')-Ib
SRR35815516	/home/user/ww_amr_batch/contigs/SRR35815516.contigs.fa	k141_333695	1836	2447	+	aph(6)-Id_1	1-612/837	===========....	0/0	73.12	100.00	resfinder	M28829	aph(6)-Id	Streptomycin	aph(6)-Id
SRR35815516	/home/user/ww_amr_batch/contigs/SRR35815516.contigs.fa	k141_349616	1	683	-	blaOXA-58_1	1-683/843	=============..	0/0	81.02	99.85	resfinder	AY665723	blaOXA-58	Amoxicillin;Amoxicillin+Clavulanic_acid;Ampicillin;Ampicillin+Clavulanic_acid;Imipenem;Meropenem	blaOXA-58
SRR35815516	/home/user/ww_amr_batch/contigs/SRR35815516.contigs.fa	k141_349665	3831	4752	+	mph(A)_2	1-921/921	========/======	1/1	100.00	99.67	resfinder	U36578	mph(A)	Azithromycin;Erythromycin;Spiramycin;Telithromycin	mph(A)
SRR35815516	/home/user/ww_amr_batch/contigs/SRR35815516.contigs.fa	k141_35569	1407	2199	+	ampS_1	1-793/795	===============	0/0	99.75	95.46	resfinder	X80276	ampS		ampS
SRR35815516	/home/user/ww_amr_batch/contigs/SRR35815516.contigs.fa	k141_385262	466	1218	+	blaOXA-464_1	10-762/762	===============	0/0	98.82	81.67	resfinder	KU721146	blaOXA-464		blaOXA-464
SRR35815516	/home/user/ww_amr_batch/contigs/SRR35815516.contigs.fa	k141_39442	2055	3530	+	msr(E)_1	1-1476/1476	===============	0/0	100.00	100.00	resfinder	FR751518	msr(E)	Azithromycin;Erythromycin;Pristinamycin_IA;Quinupristin;Virginiamycin_S	msr(E)
SRR35815516	/home/user/ww_amr_batch/contigs/SRR35815516.contigs.fa	k141_39442	3586	4470	+	mph(E)_1	1-885/885	===============	0/0	100.00	100.00	resfinder	DQ839391	mph(E)	Erythromycin	mph(E)
SRR35815516	/home/user/ww_amr_batch/contigs/SRR35815516.contigs.fa	k141_397437	1257	1913	+	qnrS2_1	1-657/657	===============	0/0	100.00	100.00	resfinder	DQ485530	qnrS2	Ciprofloxacin	qnrS2
SRR35815516	/home/user/ww_amr_batch/contigs/SRR35815516.contigs.fa	k141_466017	1	882	-	CmlA7_1	1-882/1314	===========....	0/0	67.12	99.89	resfinder	JQ639792	CmlA7	Chloramphenicol	CmlA7
SRR35815516	/home/user/ww_amr_batch/contigs/SRR35815516.contigs.fa	k141_466017	1764	2420	-	qnrVC4_1	1-657/657	===============	0/0	100.00	100.00	resfinder	GQ891757	qnrVC4	Ciprofloxacin	qnrVC4
SRR35815516	/home/user/ww_amr_batch/contigs/SRR35815516.contigs.fa	k141_473157	4522	5709	-	tet(39)_2	1-1188/1188	===============	0/0	100.00	99.92	resfinder	CP044518	tet(39)	Doxycycline;Tetracycline;Tigecycline	tet(39)
SRR35815516	/home/user/ww_amr_batch/contigs/SRR35815516.contigs.fa	k141_52789	2181	3398	+	tet(E)_3	1-1218/1218	===============	0/0	100.00	98.85	resfinder	CP000645	tet(E)	Doxycycline;Tetracycline	tet(E)
SRR35815516	/home/user/ww_amr_batch/contigs/SRR35815516.contigs.fa	k141_5958	1	922	+	ant(3'')-Ia_1	48-972/972	========/======	1/3	94.86	99.57	resfinder	X02340	ant(3'')-Ia	Streptomycin	ant(3'')-Ia
SRR35815516	/home/user/ww_amr_batch/contigs/SRR35815516.contigs.fa	k141_76815	1	635	+	sul2_2	182-816/816	...============	0/0	77.82	100.00	resfinder	AY034138	sul2	Sulfamethoxazole	sul2
SRR35815516	/home/user/ww_amr_batch/contigs/SRR35815516.contigs.fa	k141_78299	571	1437	+	sul1_5	1-867/867	===============	0/0	100.00	99.89	resfinder	EU780013	sul1	Sulfamethoxazole	sul1
SRR35815516	/home/user/ww_amr_batch/contigs/SRR35815516.contigs.fa	k141_84636	42	575	-	ant(2'')-Ia_1	1-534/534	===============	0/0	100.00	99.25	resfinder	X04555	ant(2'')-Ia	Gentamicin;Tobramycin	ant(2'')-Ia
SRR35815516	/home/user/ww_amr_batch/contigs/SRR35815516.contigs.fa	k141_84636	720	1619	-	blaVEB-1_3	1-900/900	===============	0/0	100.00	100.00	resfinder	DQ393569	blaVEB-1	Amoxicillin;Amoxicillin+Clavulanic_acid;Ampicillin;Ampicillin+Clavulanic_acid;Aztreonam;Cefepime;Cefotaxime;Cefoxitin;Ceftazidime;Piperacillin;Piperacillin+Tazobactam;Ticarcillin;Ticarcillin+Clavulanic_acid	blaVEB-1
SRR35815516	/home/user/ww_amr_batch/contigs/SRR35815516.contigs.fa	k141_94575	333	2252	-	tet(W)_5	1-1920/1920	===============	0/0	100.00	99.84	resfinder	AJ427422	tet(W)	Doxycycline;Minocycline;Tetracycline	tet(W)
SRR35815517	/home/user/ww_amr_batch/contigs/SRR35815517.contigs.fa	k141_288847	551	1024	+	dfrA1_3	1-474/474	===============	0/0	100.00	100.00	resfinder	GU726913	dfrA1	Trimethoprim	dfrA1
SRR35815518	/home/user/ww_amr_batch/contigs/SRR35815518.contigs.fa	k141_1018	14864	15715	+	sul1_9	1-852/852	===============	0/0	100.00	100.00	resfinder	AY963803	sul1	Sulfamethoxazole	sul1
SRR35815518	/home/user/ww_amr_batch/contigs/SRR35815518.contigs.fa	k141_143729	1	657	-	blaOXA-119_1	70-726/801	.=============.	0/0	82.02	89.80	resfinder	DQ767903	blaOXA-119		blaOXA-119
SRR35815518	/home/user/ww_amr_batch/contigs/SRR35815518.contigs.fa	k141_333668	268	1743	+	msr(E)_1	1-1476/1476	===============	0/0	100.00	100.00	resfinder	FR751518	msr(E)	Azithromycin;Erythromycin;Pristinamycin_IA;Quinupristin;Virginiamycin_S	msr(E)
SRR35815518	/home/user/ww_amr_batch/contigs/SRR35815518.contigs.fa	k141_333668	1799	2683	+	mph(E)_1	1-885/885	===============	0/0	100.00	100.00	resfinder	DQ839391	mph(E)	Erythromycin	mph(E)
SRR35815518	/home/user/ww_amr_batch/contigs/SRR35815518.contigs.fa	k141_390155	96	715	-	aadA11_1	227-846/846	....===========	0/0	73.29	100.00	resfinder	AY144590	aadA11	Spectinomycin;Streptomycin	aadA11
SRR35815518	/home/user/ww_amr_batch/contigs/SRR35815518.contigs.fa	k141_393833	148	888	-	blaIMP-54_1	1-741/741	===============	0/0	100.00	93.25	resfinder	KU052795	blaIMP-54	Amoxicillin;Amoxicillin+Clavulanic_acid;Ampicillin;Ampicillin+Clavulanic_acid;Cefepime;Cefixime;Cefotaxime;Cefoxitin;Ceftazidime;Ertapenem;Imipenem;Meropenem;Piperacillin;Piperacillin+Tazobactam	blaIMP-54
SRR35815518	/home/user/ww_amr_batch/contigs/SRR35815518.contigs.fa	k141_496504	3	684	-	ant(3'')-Ia_1	168-849/972	..============.	0/0	70.16	98.09	resfinder	X02340	ant(3'')-Ia	Streptomycin	ant(3'')-Ia
SRR35815518	/home/user/ww_amr_batch/contigs/SRR35815518.contigs.fa	k141_68859	1	482	+	blaIMP-16_1	260-741/741	.....==========	0/0	65.05	100.00	resfinder	AJ584652	blaIMP-16	Amoxicillin;Amoxicillin+Clavulanic_acid;Ampicillin;Ampicillin+Clavulanic_acid;Cefepime;Cefixime;Cefotaxime;Cefoxitin;Ceftazidime;Ertapenem;Imipenem;Meropenem;Piperacillin;Piperacillin+Tazobactam	blaIMP-16
SRR35815518	/home/user/ww_amr_batch/contigs/SRR35815518.contigs.fa	k141_71100	1	780	-	blaOXA-4_1	1-780/831	===============	0/0	93.86	100.00	resfinder	AY162283	blaOXA-4		blaOXA-4
SRR35815519	/home/user/ww_amr_batch/contigs/SRR35815519.contigs.fa	k141_113601	418	1170	-	blaOXA-464_1	10-762/762	===============	0/0	98.82	81.67	resfinder	KU721146	blaOXA-464		blaOXA-464
SRR35815519	/home/user/ww_amr_batch/contigs/SRR35815519.contigs.fa	k141_1245	195	1058	+	blaGES-5_1	1-864/864	===============	0/0	100.00	100.00	resfinder	DQ236171	blaGES-5	Amoxicillin;Amoxicillin+Clavulanic_acid;Ampicillin;Ampicillin+Clavulanic_acid;Cefoxitin;Ceftazidime;Piperacillin;Ticarcillin	blaGES-5
SRR35815519	/home/user/ww_amr_batch/contigs/SRR35815519.contigs.fa	k141_131181	121	921	+	blaOXA-20_2	1-801/801	===============	0/0	100.00	100.00	resfinder	AF024602	blaOXA-20	Amoxicillin;Amoxicillin+Clavulanic_acid;Ampicillin;Ampicillin+Clavulanic_acid	blaOXA-20
SRR35815519	/home/user/ww_amr_batch/contigs/SRR35815519.contigs.fa	k141_13499	5525	6340	+	sul2_2	1-816/816	===============	0/0	100.00	100.00	resfinder	AY034138	sul2	Sulfamethoxazole	sul2
SRR35815519	/home/user/ww_amr_batch/contigs/SRR35815519.contigs.fa	k141_15798	2339	3304	+	cfxA3_1	1-966/966	===============	0/0	100.00	99.90	resfinder	AF472622	cfxA3	Ampicillin	cfxA3
SRR35815519	/home/user/ww_amr_batch/contigs/SRR35815519.contigs.fa	k141_165995	208	1011	-	blaOXA-129_1	1-804/804	===============	0/0	100.00	99.88	resfinder	FJWZ01000025	blaOXA-129		blaOXA-129
SRR35815519	/home/user/ww_amr_batch/contigs/SRR35815519.contigs.fa	k141_168818	985	2904	+	tet(32)_2	1-1920/1920	===============	0/0	100.00	99.84	resfinder	EF626943	tet(32)	Doxycycline;Minocycline;Tetracycline	tet(32)
SRR35815519	/home/user/ww_amr_batch/contigs/SRR35815519.contigs.fa	k141_16913	1	582	+	erm(X)_1	274-855/855	....====/======	2/2	67.95	98.97	resfinder	M36726	erm(X)	Clindamycin;Erythromycin;Lincomycin;Pristinamycin_IA;Quinupristin;Virginiamycin_S	erm(X)
SRR35815519	/home/user/ww_amr_batch/contigs/SRR35815519.contigs.fa	k141_17207	557	2476	-	tet(W)_4	1-1920/1920	===============	0/0	100.00	99.69	resfinder	FN396364	tet(W)	Doxycycline;Minocycline;Tetracycline	tet(W)
SRR35815519	/home/user/ww_amr_batch/contigs/SRR35815519.contigs.fa	k141_182140	134	732	+	blaOXA-9_1	1-599/825	===========....	0/0	72.61	99.83	resfinder	KQ089875	blaOXA-9	Amoxicillin;Ampicillin	blaOXA-9
SRR35815519	/home/user/ww_amr_batch/contigs/SRR35815519.contigs.fa	k141_187670	204	1103	+	aph(2'')-Ib_3	1-900/900	===============	0/0	100.00	98.78	resfinder	KF652098	aph(2'')-Ib	Amikacin;Gentamicin;Kanamycin;Tobramycin	aph(2'')-Ib
SRR35815519	/home/user/ww_amr_batch/contigs/SRR35815519.contigs.fa	k141_187670	1147	1683	+	aac(6')-Im_1	1-537/537	===============	0/0	100.00	96.28	resfinder	AF337947	aac(6')-Im	Amikacin;Netilmicin;Tobramycin	aac(6')-Im
SRR35815519	/home/user/ww_amr_batch/contigs/SRR35815519.contigs.fa	k141_195097	291	914	+	catP_1	1-624/624	===============	0/0	100.00	100.00	resfinder	U15027	catP	Chloramphenicol	catP
SRR35815519	/home/user/ww_amr_batch/contigs/SRR35815519.contigs.fa	k141_201523	229	831	+	aph(3')-Ia_1	1-603/816	============...	0/0	73.90	100.00	resfinder	V00359	aph(3')-Ia	Kanamycin	aph(3')-Ia
SRR35815519	/home/user/ww_amr_batch/contigs/SRR35815519.contigs.fa	k141_205358	11818	12497	+	erm(B)_18	20-699/762	==============.	0/0	89.24	99.71	resfinder	X66468	erm(B)	Clindamycin;Erythromycin;Lincomycin;Pristinamycin_IA;Quinupristin;Virginiamycin_S	erm(B)
SRR35815519	/home/user/ww_amr_batch/contigs/SRR35815519.contigs.fa	k141_211244	4443	6362	-	tet(M)_1	1-1920/1920	===============	0/0	100.00	99.79	resfinder	X92947	tet(M)	Doxycycline;Minocycline;Tetracycline	tet(M)
SRR35815519	/home/user/ww_amr_batch/contigs/SRR35815519.contigs.fa	k141_243211	368	862	+	lnu(D)_1	1-495/495	===============	0/0	100.00	83.84	resfinder	EF452177	lnu(D)	Lincomycin	lnu(D)
SRR35815519	/home/user/ww_amr_batch/contigs/SRR35815519.contigs.fa	k141_253896	428	2353	-	tet(Q)_1	1-1926/1926	===============	0/0	100.00	99.12	resfinder	L33696	tet(Q)	Doxycycline;Minocycline;Tetracycline	tet(Q)
SRR35815519	/home/user/ww_amr_batch/contigs/SRR35815519.contigs.fa	k141_255058	977	1784	-	cfxA6_1	175-981/996	..======/======	3/5	80.82	85.68	resfinder	GQ342996	cfxA6		cfxA6
SRR35815519	/home/user/ww_amr_batch/contigs/SRR35815519.contigs.fa	k141_267085	1368	1900	+	nimA_1	1-531/531	========/======	2/2	100.00	98.31	resfinder	X71444	nimA	Metronidazole	nimA
SRR35815519	/home/user/ww_amr_batch/contigs/SRR35815519.contigs.fa	k141_273481	57	1979	+	tet(44)_2	1-1923/1923	===============	0/0	100.00	98.86	resfinder	FN594949	tet(44)	Doxycycline;Minocycline;Tetracycline	tet(44)
SRR35815519	/home/user/ww_amr_batch/contigs/SRR35815519.contigs.fa	k141_338178	4	851	-	blaOXA-296_1	1-848/855	===============	0/0	99.18	97.17	resfinder	APOH01000009	blaOXA-296		blaOXA-296
SRR35815519	/home/user/ww_amr_batch/contigs/SRR35815519.contigs.fa	k141_349750	164	994	+	blaOXA-4_1	1-831/831	===============	0/0	100.00	100.00	resfinder	AY162283	blaOXA-4		blaOXA-4
SRR35815519	/home/user/ww_amr_batch/contigs/SRR35815519.contigs.fa	k141_355202	3530	4163	-	cepA_6	260-893/903	....====/======	4/4	69.99	80.66	resfinder	FR688022	cepA		cepA
SRR35815519	/home/user/ww_amr_batch/contigs/SRR35815519.contigs.fa	k141_363192	448	1290	+	blaOXA-58_1	1-843/843	===============	0/0	100.00	100.00	resfinder	AY665723	blaOXA-58	Amoxicillin;Amoxicillin+Clavulanic_acid;Ampicillin;Ampicillin+Clavulanic_acid;Imipenem;Meropenem	blaOXA-58
SRR35815519	/home/user/ww_amr_batch/contigs/SRR35815519.contigs.fa	k141_382282	89	595	-	blaOXA-212_1	319-825/825	.....==========	0/0	61.45	97.04	resfinder	JN861780	blaOXA-212		blaOXA-212
SRR35815519	/home/user/ww_amr_batch/contigs/SRR35815519.contigs.fa	k141_388960	88	882	+	aph(3')-III_1	1-795/795	===============	0/0	100.00	100.00	resfinder	M26832	aph(3')-III	Amikacin;Butirosin;Isepamicin;Kanamycin;Lividomycin;Neomycin;Paromomycin;Ribostamycin	aph(3')-III
SRR35815519	/home/user/ww_amr_batch/contigs/SRR35815519.contigs.fa	k141_4000	1490	3415	+	tet(Q)_1	1-1926/1926	===============	0/0	100.00	90.55	resfinder	L33696	tet(Q)	Doxycycline;Minocycline;Tetracycline	tet(Q)
SRR35815519	/home/user/ww_amr_batch/contigs/SRR35815519.contigs.fa	k141_409056	238	1137	+	blaVEB-3_1	1-900/900	===============	0/0	100.00	100.00	resfinder	AY536519	blaVEB-3		blaVEB-3
SRR35815519	/home/user/ww_amr_batch/contigs/SRR35815519.contigs.fa	k141_409111	524	1180	+	qnrS2_1	1-657/657	===============	0/0	100.00	100.00	resfinder	DQ485530	qnrS2	Ciprofloxacin	qnrS2
SRR35815519	/home/user/ww_amr_batch/contigs/SRR35815519.contigs.fa	k141_412252	3	515	-	blaOXA-427_1	255-767/795	....===========	0/0	64.53	89.86	resfinder	KX827604	blaOXA-427	Amoxicillin;Ampicillin;Aztreonam;Cefepime;Ceftazidime;Ertapenem;Imipenem;Meropenem;Piperacillin;Piperacillin+Tazobactam;Temocillin	blaOXA-427
SRR35815519	/home/user/ww_amr_batch/contigs/SRR35815519.contigs.fa	k141_428938	1	1119	+	tet(A)_4	82-1200/1200	.==============	0/0	93.25	100.00	resfinder	AJ517790	tet(A)	Doxycycline;Tetracycline	tet(A)
SRR35815519	/home/user/ww_amr_batch/contigs/SRR35815519.contigs.fa	k141_430888	967	1457	-	ARR-3_4	53-543/543	.==============	0/0	90.42	99.39	resfinder	FM207631	ARR-3	Rifampicin	ARR-3
SRR35815519	/home/user/ww_amr_batch/contigs/SRR35815519.contigs.fa	k141_432512	522	1517	+	cfxA6_1	1-996/996	===============	0/0	100.00	99.60	resfinder	GQ342996	cfxA6		cfxA6
SRR35815519	/home/user/ww_amr_batch/contigs/SRR35815519.contigs.fa	k141_434511	139	984	+	aadA6_1	1-846/846	===============	0/0	100.00	99.76	resfinder	AF140629	aadA6	Spectinomycin;Streptomycin	aadA6
SRR35815519	/home/user/ww_amr_batch/contigs/SRR35815519.contigs.fa	k141_446264	1	607	+	blaOXA-333_1	111-717/825	..============.	0/0	73.58	100.00	resfinder	KF203107	blaOXA-333		blaOXA-333
SRR35815519	/home/user/ww_amr_batch/contigs/SRR35815519.contigs.fa	k141_446838	1	713	-	erm(47)_1	1-713/741	===============	0/0	96.22	99.16	resfinder	KU612222	erm(47)	Clindamycin;Erythromycin;Lincomycin;Pristinamycin_IA;Quinupristin;Virginiamycin_S	erm(47)
SRR35815519	/home/user/ww_amr_batch/contigs/SRR35815519.contigs.fa	k141_458313	4986	5789	-	lnu(B)_2	1-804/804	===============	0/0	100.00	98.26	resfinder	JQ861959	lnu(B)	Clindamycin;Lincomycin	lnu(B)
SRR35815519	/home/user/ww_amr_batch/contigs/SRR35815519.contigs.fa	k141_458313	5843	7327	-	lsa(E)_1	1-1485/1485	===============	0/0	100.00	97.98	resfinder	JX560992	lsa(E)	Clindamycin;Dalfopristin;Lincomycin;Pristinamycin_IIA;Tiamulin;Virginiamycin_M	lsa(E)
SRR35815519	/home/user/ww_amr_batch/contigs/SRR35815519.contigs.fa	k141_460229	1775	2269	+	nimD_1	1-495/495	===============	0/0	100.00	99.19	resfinder	X76949	nimD	Metronidazole	nimD
SRR35815519	/home/user/ww_amr_batch/contigs/SRR35815519.contigs.fa	k141_471722	1	511	-	blaOXA-280_1	50-560/828	===========....	0/0	61.71	97.46	resfinder	APPZ01000001	blaOXA-280		blaOXA-280
SRR35815519	/home/user/ww_amr_batch/contigs/SRR35815519.contigs.fa	k141_482769	1	807	-	blaACI-1_1	1-807/855	===============	0/0	94.39	99.88	resfinder	AJ007350	blaACI-1	Amoxicillin;Ampicillin;Cefotaxime;Ceftazidime;Ticarcillin	blaACI-1
SRR35815519	/home/user/ww_amr_batch/contigs/SRR35815519.contigs.fa	k141_487217	1	525	-	erm(Q)_1	1-525/774	===========....	0/0	67.83	99.62	resfinder	L22689	erm(Q)	Clindamycin;Erythromycin;Lincomycin;Pristinamycin_IA;Quinupristin;Virginiamycin_S	erm(Q)
SRR35815519	/home/user/ww_amr_batch/contigs/SRR35815519.contigs.fa	k141_488373	353	1461	-	blaCMY-8b_1	39-1144/1149	========/======	1/3	96.26	82.60	resfinder	DQ094251	blaCMY-8b	Amoxicillin;Amoxicillin+Clavulanic_acid;Ampicillin;Ampicillin+Clavulanic_acid;Cefotaxime;Cefoxitin;Ceftazidime;Piperacillin;Piperacillin+Tazobactam;Ticarcillin;Ticarcillin+Clavulanic_acid	blaCMY-8b
SRR35815519	/home/user/ww_amr_batch/contigs/SRR35815519.contigs.fa	k141_490186	753	1976	+	mef(C)_1	1-1224/1224	===============	0/0	100.00	92.73	resfinder	AB571865	mef(C)	Erythromycin	mef(C)
SRR35815519	/home/user/ww_amr_batch/contigs/SRR35815519.contigs.fa	k141_490186	1980	2864	+	mph(G)_1	1-885/885	===============	0/0	100.00	89.04	resfinder	AB571865	mph(G)	Erythromycin	mph(G)
SRR35815519	/home/user/ww_amr_batch/contigs/SRR35815519.contigs.fa	k141_495294	375	1601	-	ere(D)_1	1-1227/1227	===============	0/0	100.00	98.45	resfinder	KP265721	ere(D)	Erythromycin	ere(D)
SRR35815519	/home/user/ww_amr_batch/contigs/SRR35815519.contigs.fa	k141_514434	1	503	-	aadA2_1	18-520/819	==========.....	0/0	61.42	99.80	resfinder	NC_010870	aadA2	Spectinomycin;Streptomycin	aadA2
SRR35815519	/home/user/ww_amr_batch/contigs/SRR35815519.contigs.fa	k141_5169	8659	10578	-	tet(O)_1	1-1920/1920	===============	0/0	100.00	99.53	resfinder	M18896	tet(O)	Doxycycline;Minocycline;Tetracycline	tet(O)
SRR35815519	/home/user/ww_amr_batch/contigs/SRR35815519.contigs.fa	k141_528556	2455	3291	-	aph(6)-Id_1	1-837/837	===============	0/0	100.00	100.00	resfinder	M28829	aph(6)-Id	Streptomycin	aph(6)-Id
SRR35815519	/home/user/ww_amr_batch/contigs/SRR35815519.contigs.fa	k141_528556	3291	4093	-	aph(3'')-Ib_2	2-804/804	===============	0/0	99.88	100.00	resfinder	AF024602	aph(3'')-Ib	Streptomycin	aph(3'')-Ib
SRR35815519	/home/user/ww_amr_batch/contigs/SRR35815519.contigs.fa	k141_539636	135	1355	+	tet(40)_1	1-1221/1221	===============	0/0	100.00	99.92	resfinder	FJ158002	tet(40)	Doxycycline;Tetracycline	tet(40)
SRR35815519	/home/user/ww_amr_batch/contigs/SRR35815519.contigs.fa	k141_540198	227	1093	-	sul1_5	1-867/867	===============	0/0	100.00	99.89	resfinder	EU780013	sul1	Sulfamethoxazole	sul1
SRR35815519	/home/user/ww_amr_batch/contigs/SRR35815519.contigs.fa	k141_540198	2291	2743	-	ARR-8_1	1-453/453	===============	0/0	100.00	99.56	resfinder	KC199968	ARR-8	Rifampicin	ARR-8
SRR35815519	/home/user/ww_amr_batch/contigs/SRR35815519.contigs.fa	k141_540208	302	1102	-	blaOXA-10_1	1-801/801	===============	0/0	100.00	100.00	resfinder	J03427	blaOXA-10	Amoxicillin;Ampicillin;Aztreonam;Piperacillin;Piperacillin+Tazobactam	blaOXA-10
SRR35815519	/home/user/ww_amr_batch/contigs/SRR35815519.contigs.fa	k141_540939	5031	5831	-	erm(F)_3	1-801/801	===============	0/0	100.00	99.88	resfinder	M17808	erm(F)	Clindamycin;Erythromycin;Lincomycin;Pristinamycin_IA;Quinupristin;Virginiamycin_S	erm(F)
SRR35815519	/home/user/ww_amr_batch/contigs/SRR35815519.contigs.fa	k141_5419	393	1559	-	tet(X)_2	1-1167/1167	===============	0/0	100.00	99.91	resfinder	M37699	tet(X)	Doxycycline;Minocycline;Tetracycline;Tigecycline	tet(X)
SRR35815519	/home/user/ww_amr_batch/contigs/SRR35815519.contigs.fa	k141_542144	168	902	+	erm(G)_1	1-735/735	===============	0/0	100.00	99.32	resfinder	M15332	erm(G)	Clindamycin;Erythromycin;Lincomycin;Pristinamycin_IA;Quinupristin;Virginiamycin_S	erm(G)
SRR35815519	/home/user/ww_amr_batch/contigs/SRR35815519.contigs.fa	k141_542936	362	1376	-	tet(C)_2	1-1015/1176	=============..	0/0	86.31	100.00	resfinder	AY046276	tet(C)	Doxycycline;Tetracycline	tet(C)
SRR35815519	/home/user/ww_amr_batch/contigs/SRR35815519.contigs.fa	k141_558196	2383	3304	-	mph(A)_2	1-921/921	========/======	1/1	100.00	99.67	resfinder	U36578	mph(A)	Azithromycin;Erythromycin;Spiramycin;Telithromycin	mph(A)
SRR35815519	/home/user/ww_amr_batch/contigs/SRR35815519.contigs.fa	k141_59319	623	2098	+	msr(E)_1	1-1476/1476	===============	0/0	100.00	100.00	resfinder	FR751518	msr(E)	Azithromycin;Erythromycin;Pristinamycin_IA;Quinupristin;Virginiamycin_S	msr(E)
SRR35815519	/home/user/ww_amr_batch/contigs/SRR35815519.contigs.fa	k141_59319	2154	3038	+	mph(E)_1	1-885/885	===============	0/0	100.00	100.00	resfinder	DQ839391	mph(E)	Erythromycin	mph(E)
SRR35815519	/home/user/ww_amr_batch/contigs/SRR35815519.contigs.fa	k141_613675	1	761	+	cml_1	160-909/909	..======/======	15/21	81.96	96.21	resfinder	M22614	cml	Chloramphenicol	cml
SRR35815519	/home/user/ww_amr_batch/contigs/SRR35815519.contigs.fa	k141_618089	85	1067	+	mef(A)_4	114-1096/1218	.=============.	0/0	80.71	97.97	resfinder	HG423652	mef(A)	Azithromycin;Erythromycin	mef(A)
SRR35815519	/home/user/ww_amr_batch/contigs/SRR35815519.contigs.fa	k141_618548	1	1268	-	msr(D)_3	1-1268/1464	=============..	0/0	86.61	94.40	resfinder	AF227520	msr(D)	Azithromycin;Erythromycin;Pristinamycin_IA;Quinupristin;Telithromycin;Virginiamycin_S	msr(D)
SRR35815519	/home/user/ww_amr_batch/contigs/SRR35815519.contigs.fa	k141_621959	1	624	-	blaPAU-1_1	1-624/882	===========....	0/0	70.75	96.95	resfinder	MH053445	blaPAU-1	Amoxicillin;Ampicillin;Piperacillin	blaPAU-1
SRR35815519	/home/user/ww_amr_batch/contigs/SRR35815519.contigs.fa	k141_628969	400	985	-	blaOXA-296_1	271-855/855	....====/======	1/1	68.42	94.88	resfinder	APOH01000009	blaOXA-296		blaOXA-296
SRR35815519	/home/user/ww_amr_batch/contigs/SRR35815519.contigs.fa	k141_637530	1	1105	-	cmx_1	30-1134/1176	===============	0/0	93.96	94.48	resfinder	U85507	cmx	Chloramphenicol	cmx
SRR35815519	/home/user/ww_amr_batch/contigs/SRR35815519.contigs.fa	k141_648711	127	978	-	blaBEL-1_1	1-852/852	===============	0/0	100.00	100.00	resfinder	DQ089809	blaBEL-1	Amoxicillin;Amoxicillin+Clavulanic_acid;Ampicillin;Ampicillin+Clavulanic_acid;Cefotaxime;Cefoxitin;Ceftazidime;Piperacillin;Piperacillin+Tazobactam;Ticarcillin;Ticarcillin+Clavulanic_acid	blaBEL-1
SRR35815519	/home/user/ww_amr_batch/contigs/SRR35815519.contigs.fa	k141_64994	398	1132	-	erm(G)_1	1-735/735	===============	0/0	100.00	96.60	resfinder	M15332	erm(G)	Clindamycin;Erythromycin;Lincomycin;Pristinamycin_IA;Quinupristin;Virginiamycin_S	erm(G)
SRR35815519	/home/user/ww_amr_batch/contigs/SRR35815519.contigs.fa	k141_651759	1225	1708	+	aac(3)-Ia_1	51-534/534	.==============	0/0	90.64	97.73	resfinder	X15852	aac(3)-Ia	Astromicin;Fortimicin;Gentamicin	aac(3)-Ia
SRR35815519	/home/user/ww_amr_batch/contigs/SRR35815519.contigs.fa	k141_652194	1	504	+	erm(A)_2	229-732/732	....===========	0/0	68.85	91.86	resfinder	AF002716	erm(A)	Clindamycin;Erythromycin;Lincomycin;Pristinamycin_IA;Quinupristin;Virginiamycin_S	erm(A)
SRR35815519	/home/user/ww_amr_batch/contigs/SRR35815519.contigs.fa	k141_694266	476	958	-	dfrA14_5	1-483/483	===============	0/0	100.00	99.59	resfinder	DQ388123	dfrA14	Trimethoprim	dfrA14
SRR35815519	/home/user/ww_amr_batch/contigs/SRR35815519.contigs.fa	k141_694266	984	1693	-	aadA1_5	83-792/792	.==============	0/0	89.65	100.00	resfinder	JX185132	aadA1	Spectinomycin;Streptomycin	aadA1
SRR35815519	/home/user/ww_amr_batch/contigs/SRR35815519.contigs.fa	k141_699457	192	995	-	lnu(G)_1	1-804/804	===============	0/0	100.00	99.25	resfinder	KX470419	lnu(G)	Lincomycin	lnu(G)
SRR35815519	/home/user/ww_amr_batch/contigs/SRR35815519.contigs.fa	k141_705682	1	1550	-	tet(M)_8	1-1550/1920	=============..	0/0	80.73	99.74	resfinder	X04388	tet(M)	Doxycycline;Minocycline;Tetracycline	tet(M)
SRR35815519	/home/user/ww_amr_batch/contigs/SRR35815519.contigs.fa	k141_707075	1	740	+	cfxA3_1	227-966/966	...============	0/0	76.60	87.03	resfinder	AF472622	cfxA3	Ampicillin	cfxA3
SRR35815519	/home/user/ww_amr_batch/contigs/SRR35815519.contigs.fa	k141_707823	20722	21516	-	blaOXA-427_1	1-795/795	===============	0/0	100.00	98.99	resfinder	KX827604	blaOXA-427	Amoxicillin;Ampicillin;Aztreonam;Cefepime;Ceftazidime;Ertapenem;Imipenem;Meropenem;Piperacillin;Piperacillin+Tazobactam;Temocillin	blaOXA-427
SRR35815519	/home/user/ww_amr_batch/contigs/SRR35815519.contigs.fa	k141_71251	369	1025	-	qnrVC4_1	1-657/657	===============	0/0	100.00	100.00	resfinder	GQ891757	qnrVC4	Ciprofloxacin	qnrVC4
SRR35815519	/home/user/ww_amr_batch/contigs/SRR35815519.contigs.fa	k141_731891	1672	2208	+	catS_1	1-537/537	===============	0/0	100.00	98.70	resfinder	X74948	catS	Chloramphenicol	catS
SRR35815519	/home/user/ww_amr_batch/contigs/SRR35815519.contigs.fa	k141_759265	2459	3316	+	blaOXA-296_1	1-855/855	========/======	1/3	100.00	91.49	resfinder	APOH01000009	blaOXA-296		blaOXA-296
SRR35815519	/home/user/ww_amr_batch/contigs/SRR35815519.contigs.fa	k141_763574	558	1745	-	tet(39)_2	1-1188/1188	===============	0/0	100.00	99.92	resfinder	CP044518	tet(39)	Doxycycline;Tetracycline;Tigecycline	tet(39)
SRR35815519	/home/user/ww_amr_batch/contigs/SRR35815519.contigs.fa	k141_792872	371	1171	+	blaOXA-119_1	1-801/801	===============	0/0	100.00	99.00	resfinder	DQ767903	blaOXA-119		blaOXA-119
SRR35815519	/home/user/ww_amr_batch/contigs/SRR35815519.contigs.fa	k141_792872	1220	2018	+	aadA13_1	1-798/798	========/======	1/1	100.00	94.99	resfinder	AY713504	aadA13	Spectinomycin;Streptomycin	aadA13
SRR35815519	/home/user/ww_amr_batch/contigs/SRR35815519.contigs.fa	k141_799255	323	1111	-	aadA5_1	1-789/789	===============	0/0	100.00	99.87	resfinder	AF137361	aadA5	Spectinomycin;Streptomycin	aadA5
SRR35815519	/home/user/ww_amr_batch/contigs/SRR35815519.contigs.fa	k141_799255	1161	1960	-	blaOXA-46_1	1-801/801	========/======	1/1	99.88	99.75	resfinder	AF317511	blaOXA-46	Amoxicillin;Ampicillin	blaOXA-46
SRR35815519	/home/user/ww_amr_batch/contigs/SRR35815519.contigs.fa	k141_801372	107	967	+	aac(3)-IIa_1	1-861/861	===============	0/0	100.00	100.00	resfinder	X51534	aac(3)-IIa	Gentamicin;Tobramycin	aac(3)-IIa
SRR35815519	/home/user/ww_amr_batch/contigs/SRR35815519.contigs.fa	k141_801985	93	959	+	ant(6)-Ia_3	1-867/867	===============	0/0	100.00	100.00	resfinder	KF864551	ant(6)-Ia	Streptomycin	ant(6)-Ia
SRR35815519	/home/user/ww_amr_batch/contigs/SRR35815519.contigs.fa	k141_812629	1423	1917	+	lnu(C)_1	1-495/495	===============	0/0	100.00	99.19	resfinder	AY928180	lnu(C)	Lincomycin	lnu(C)
SRR35815519	/home/user/ww_amr_batch/contigs/SRR35815519.contigs.fa	k141_824408	6	515	+	blaOXA-464_1	253-762/762	....====/======	2/2	66.80	80.04	resfinder	KU721146	blaOXA-464		blaOXA-464
SRR35815519	/home/user/ww_amr_batch/contigs/SRR35815519.contigs.fa	k141_842092	481	1104	-	cat_2	1-624/624	===============	0/0	100.00	96.95	resfinder	M35190	cat	Chloramphenicol	cat
SRR35815519	/home/user/ww_amr_batch/contigs/SRR35815519.contigs.fa	k141_842440	316	1017	-	blaOXA-2_1	127-828/828	..=============	0/0	84.78	100.00	resfinder	DQ112222	blaOXA-2	Amoxicillin;Amoxicillin+Clavulanic_acid;Ampicillin;Ampicillin+Clavulanic_acid;Ceftazidime;Piperacillin	blaOXA-2
SRR35815519	/home/user/ww_amr_batch/contigs/SRR35815519.contigs.fa	k141_96641	362	1585	+	mef(C)_1	1-1224/1224	===============	0/0	100.00	99.92	resfinder	AB571865	mef(C)	Erythromycin	mef(C)
SRR35815519	/home/user/ww_amr_batch/contigs/SRR35815519.contigs.fa	k141_96641	1590	2474	+	mph(G)_1	1-885/885	===============	0/0	100.00	100.00	resfinder	AB571865	mph(G)	Erythromycin	mph(G)
SRR35815520	/home/user/ww_amr_batch/contigs/SRR35815520.contigs.fa	k141_108786	3	790	+	ere(B)_1	244-1031/1260	..===========..	0/0	62.54	88.20	resfinder	A15097	ere(B)	Azithromycin;Erythromycin	ere(B)
SRR35815520	/home/user/ww_amr_batch/contigs/SRR35815520.contigs.fa	k141_110288	384	1512	-	CmlA7_1	186-1314/1314	..=============	0/0	85.92	100.00	resfinder	JQ639792	CmlA7	Chloramphenicol	CmlA7
SRR35815520	/home/user/ww_amr_batch/contigs/SRR35815520.contigs.fa	k141_117636	655	1506	-	blaBEL-1_1	1-852/852	===============	0/0	100.00	100.00	resfinder	DQ089809	blaBEL-1	Amoxicillin;Amoxicillin+Clavulanic_acid;Ampicillin;Ampicillin+Clavulanic_acid;Cefotaxime;Cefoxitin;Ceftazidime;Piperacillin;Piperacillin+Tazobactam;Ticarcillin;Ticarcillin+Clavulanic_acid	blaBEL-1
SRR35815520	/home/user/ww_amr_batch/contigs/SRR35815520.contigs.fa	k141_127879	1	781	+	tet(A)_3	420-1200/1200	.....==========	0/0	65.08	100.00	resfinder	AY196695	tet(A)	Doxycycline;Tetracycline	tet(A)
SRR35815520	/home/user/ww_amr_batch/contigs/SRR35815520.contigs.fa	k141_133092	1	1202	-	ere(A)_2	26-1227/1227	===============	0/0	97.96	98.00	resfinder	AF099140	ere(A)	Erythromycin	ere(A)
SRR35815520	/home/user/ww_amr_batch/contigs/SRR35815520.contigs.fa	k141_133970	8494	9459	-	cfxA3_1	1-966/966	===============	0/0	100.00	100.00	resfinder	AF472622	cfxA3	Ampicillin	cfxA3
SRR35815520	/home/user/ww_amr_batch/contigs/SRR35815520.contigs.fa	k141_138880	5833	6941	+	blaCMY-8b_1	39-1144/1149	========/======	1/3	96.26	82.60	resfinder	DQ094251	blaCMY-8b	Amoxicillin;Amoxicillin+Clavulanic_acid;Ampicillin;Ampicillin+Clavulanic_acid;Cefotaxime;Cefoxitin;Ceftazidime;Piperacillin;Piperacillin+Tazobactam;Ticarcillin;Ticarcillin+Clavulanic_acid	blaCMY-8b
SRR35815520	/home/user/ww_amr_batch/contigs/SRR35815520.contigs.fa	k141_145647	3436	4236	-	blaOXA-101_1	1-801/801	===============	0/0	100.00	99.88	resfinder	AM412777	blaOXA-101	Amoxicillin;Ampicillin	blaOXA-101
SRR35815520	/home/user/ww_amr_batch/contigs/SRR35815520.contigs.fa	k141_149602	1	1340	+	tet(M)_8	581-1920/1920	....===========	0/0	69.79	98.28	resfinder	X04388	tet(M)	Doxycycline;Minocycline;Tetracycline	tet(M)
SRR35815520	/home/user/ww_amr_batch/contigs/SRR35815520.contigs.fa	k141_150758	1	1051	+	mef(B)_1	180-1230/1230	..=============	0/0	85.45	92.86	resfinder	FJ196385	mef(B)	Azithromycin;Erythromycin	mef(B)
SRR35815520	/home/user/ww_amr_batch/contigs/SRR35815520.contigs.fa	k141_166786	3232	5157	+	tet(Q)_1	1-1926/1926	===============	0/0	100.00	99.64	resfinder	L33696	tet(Q)	Doxycycline;Minocycline;Tetracycline	tet(Q)
SRR35815520	/home/user/ww_amr_batch/contigs/SRR35815520.contigs.fa	k141_168722	373	1203	+	blaOXA-4_1	1-831/831	===============	0/0	100.00	100.00	resfinder	AY162283	blaOXA-4		blaOXA-4
SRR35815520	/home/user/ww_amr_batch/contigs/SRR35815520.contigs.fa	k141_170576	168	968	-	blaOXA-205_1	1-801/801	===============	0/0	100.00	98.88	resfinder	JF800667	blaOXA-205	Amoxicillin;Ampicillin;Piperacillin	blaOXA-205
SRR35815520	/home/user/ww_amr_batch/contigs/SRR35815520.contigs.fa	k141_171261	1766	2422	+	qnrS2_1	1-657/657	===============	0/0	100.00	100.00	resfinder	DQ485530	qnrS2	Ciprofloxacin	qnrS2
SRR35815520	/home/user/ww_amr_batch/contigs/SRR35815520.contigs.fa	k141_17524	2	635	+	cepA_6	260-893/903	....====/======	4/4	69.99	80.19	resfinder	FR688022	cepA		cepA
SRR35815520	/home/user/ww_amr_batch/contigs/SRR35815520.contigs.fa	k141_212040	1	503	-	aadA2_1	18-520/819	==========.....	0/0	61.42	99.80	resfinder	NC_010870	aadA2	Spectinomycin;Streptomycin	aadA2
SRR35815520	/home/user/ww_amr_batch/contigs/SRR35815520.contigs.fa	k141_218651	61	906	-	aadA6_1	1-846/846	===============	0/0	100.00	99.64	resfinder	AF140629	aadA6	Spectinomycin;Streptomycin	aadA6
SRR35815520	/home/user/ww_amr_batch/contigs/SRR35815520.contigs.fa	k141_224538	8455	9217	+	erm(B)_18	1-762/762	========/======	1/1	100.00	99.61	resfinder	X66468	erm(B)	Clindamycin;Erythromycin;Lincomycin;Pristinamycin_IA;Quinupristin;Virginiamycin_S	erm(B)
SRR35815520	/home/user/ww_amr_batch/contigs/SRR35815520.contigs.fa	k141_233599	509	1261	-	blaOXA-464_1	10-762/762	===============	0/0	98.82	81.67	resfinder	KU721146	blaOXA-464		blaOXA-464
SRR35815520	/home/user/ww_amr_batch/contigs/SRR35815520.contigs.fa	k141_237465	1511	2278	+	blaOXA-464_1	1-762/762	========/======	3/10	99.74	80.52	resfinder	KU721146	blaOXA-464		blaOXA-464
SRR35815520	/home/user/ww_amr_batch/contigs/SRR35815520.contigs.fa	k141_266666	629	1795	+	tet(X)_2	1-1167/1167	===============	0/0	100.00	99.91	resfinder	M37699	tet(X)	Doxycycline;Minocycline;Tetracycline;Tigecycline	tet(X)
SRR35815520	/home/user/ww_amr_batch/contigs/SRR35815520.contigs.fa	k141_266666	2008	2808	-	erm(F)_3	1-801/801	===============	0/0	100.00	100.00	resfinder	M17808	erm(F)	Clindamycin;Erythromycin;Lincomycin;Pristinamycin_IA;Quinupristin;Virginiamycin_S	erm(F)
SRR35815520	/home/user/ww_amr_batch/contigs/SRR35815520.contigs.fa	k141_26712	62	504	+	ARR-3_4	54-496/543	.=============.	0/0	81.58	99.55	resfinder	FM207631	ARR-3	Rifampicin	ARR-3
SRR35815520	/home/user/ww_amr_batch/contigs/SRR35815520.contigs.fa	k141_281743	340	1074	-	erm(G)_1	1-735/735	===============	0/0	100.00	99.46	resfinder	M15332	erm(G)	Clindamycin;Erythromycin;Lincomycin;Pristinamycin_IA;Quinupristin;Virginiamycin_S	erm(G)
SRR35815520	/home/user/ww_amr_batch/contigs/SRR35815520.contigs.fa	k141_281743	1853	3316	-	msr(D)_3	1-1464/1464	===============	0/0	100.00	94.40	resfinder	AF227520	msr(D)	Azithromycin;Erythromycin;Pristinamycin_IA;Quinupristin;Telithromycin;Virginiamycin_S	msr(D)
SRR35815520	/home/user/ww_amr_batch/contigs/SRR35815520.contigs.fa	k141_285567	1728	3653	+	tet(Q)_1	1-1926/1926	===============	0/0	100.00	90.55	resfinder	L33696	tet(Q)	Doxycycline;Minocycline;Tetracycline	tet(Q)
SRR35815520	/home/user/ww_amr_batch/contigs/SRR35815520.contigs.fa	k141_287325	308	967	+	catQ_1	1-660/660	===============	0/0	100.00	99.70	resfinder	M55620	catQ	Chloramphenicol	catQ
SRR35815520	/home/user/ww_amr_batch/contigs/SRR35815520.contigs.fa	k141_299861	1686	2873	+	tet(39)_2	1-1188/1188	===============	0/0	100.00	99.92	resfinder	CP044518	tet(39)	Doxycycline;Tetracycline;Tigecycline	tet(39)
SRR35815520	/home/user/ww_amr_batch/contigs/SRR35815520.contigs.fa	k141_302446	836	2026	+	tet(C)_3	1-1191/1191	===============	0/0	100.00	99.83	resfinder	AF055345	tet(C)	Doxycycline;Tetracycline	tet(C)
SRR35815520	/home/user/ww_amr_batch/contigs/SRR35815520.contigs.fa	k141_313571	478	1254	+	blaOXA-372_1	1-774/774	========/======	1/3	100.00	85.71	resfinder	KJ746496	blaOXA-372	Amoxicillin;Ampicillin;Ertapenem;Imipenem;Meropenem;Temocillin	blaOXA-372
SRR35815520	/home/user/ww_amr_batch/contigs/SRR35815520.contigs.fa	k141_317606	353	847	-	lnu(C)_1	1-495/495	===============	0/0	100.00	99.19	resfinder	AY928180	lnu(C)	Lincomycin	lnu(C)
SRR35815520	/home/user/ww_amr_batch/contigs/SRR35815520.contigs.fa	k141_31898	2892	3692	+	blaOXA-129_1	1-804/804	========/======	1/3	99.63	88.68	resfinder	FJWZ01000025	blaOXA-129		blaOXA-129
SRR35815520	/home/user/ww_amr_batch/contigs/SRR35815520.contigs.fa	k141_321586	997	1314	-	lnu(D)_1	178-495/495	.....==========	0/0	64.24	83.65	resfinder	EF452177	lnu(D)	Lincomycin	lnu(D)
SRR35815520	/home/user/ww_amr_batch/contigs/SRR35815520.contigs.fa	k141_359540	2383	3304	-	mph(A)_2	1-921/921	========/======	1/1	100.00	99.67	resfinder	U36578	mph(A)	Azithromycin;Erythromycin;Spiramycin;Telithromycin	mph(A)
SRR35815520	/home/user/ww_amr_batch/contigs/SRR35815520.contigs.fa	k141_365476	3	674	+	mph(G)_1	214-885/885	...============	0/0	75.93	88.84	resfinder	AB571865	mph(G)	Erythromycin	mph(G)
SRR35815520	/home/user/ww_amr_batch/contigs/SRR35815520.contigs.fa	k141_36922	212	913	+	blaSHV-129_1	1-702/861	=============..	0/0	81.53	99.29	resfinder	GU827715	blaSHV-129	Amoxicillin;Ampicillin;Aztreonam;Cefepime;Cefotaxime;Ceftazidime;Ceftriaxone;Piperacillin;Ticarcillin	blaSHV-129
SRR35815520	/home/user/ww_amr_batch/contigs/SRR35815520.contigs.fa	k141_411354	6	626	+	aph(3')-Ia_7	196-816/816	...============	0/0	76.10	99.84	resfinder	X62115	aph(3')-Ia	Kanamycin	aph(3')-Ia
SRR35815520	/home/user/ww_amr_batch/contigs/SRR35815520.contigs.fa	k141_433424	1	1076	+	lsa(E)_1	131-1206/1485	.============..	0/0	72.46	98.61	resfinder	JX560992	lsa(E)	Clindamycin;Dalfopristin;Lincomycin;Pristinamycin_IIA;Tiamulin;Virginiamycin_M	lsa(E)
SRR35815520	/home/user/ww_amr_batch/contigs/SRR35815520.contigs.fa	k141_437225	351	1091	-	blaIMP-16_1	1-741/741	===============	0/0	100.00	100.00	resfinder	AJ584652	blaIMP-16	Amoxicillin;Amoxicillin+Clavulanic_acid;Ampicillin;Ampicillin+Clavulanic_acid;Cefepime;Cefixime;Cefotaxime;Cefoxitin;Ceftazidime;Ertapenem;Imipenem;Meropenem;Piperacillin;Piperacillin+Tazobactam	blaIMP-16
SRR35815520	/home/user/ww_amr_batch/contigs/SRR35815520.contigs.fa	k141_459357	8	695	-	blaOXA-296_1	168-855/855	..=============	0/0	80.47	96.51	resfinder	APOH01000009	blaOXA-296		blaOXA-296
SRR35815520	/home/user/ww_amr_batch/contigs/SRR35815520.contigs.fa	k141_464482	4547	5341	+	blaOXA-427_1	1-795/795	===============	0/0	100.00	98.99	resfinder	KX827604	blaOXA-427	Amoxicillin;Ampicillin;Aztreonam;Cefepime;Ceftazidime;Ertapenem;Imipenem;Meropenem;Piperacillin;Piperacillin+Tazobactam;Temocillin	blaOXA-427
SRR35815520	/home/user/ww_amr_batch/contigs/SRR35815520.contigs.fa	k141_468396	1	548	-	ant(6)-Ia_2	1-548/864	==========.....	0/0	63.43	100.00	resfinder	KF421157	ant(6)-Ia	Streptomycin	ant(6)-Ia
SRR35815520	/home/user/ww_amr_batch/contigs/SRR35815520.contigs.fa	k141_472840	133	927	+	aph(3')-III_1	1-795/795	===============	0/0	100.00	99.62	resfinder	M26832	aph(3')-III	Amikacin;Butirosin;Isepamicin;Kanamycin;Lividomycin;Neomycin;Paromomycin;Ribostamycin	aph(3')-III
SRR35815520	/home/user/ww_amr_batch/contigs/SRR35815520.contigs.fa	k141_487164	95	727	-	catB3_2	1-633/633	===============	0/0	100.00	100.00	resfinder	U13880	catB3	Chloramphenicol	catB3
SRR35815520	/home/user/ww_amr_batch/contigs/SRR35815520.contigs.fa	k141_487164	1543	2199	-	qnrVC4_1	1-657/657	===============	0/0	100.00	100.00	resfinder	GQ891757	qnrVC4	Ciprofloxacin	qnrVC4
SRR35815520	/home/user/ww_amr_batch/contigs/SRR35815520.contigs.fa	k141_494538	719	1714	-	cfxA6_1	1-996/996	===============	0/0	100.00	99.60	resfinder	GQ342996	cfxA6		cfxA6
SRR35815520	/home/user/ww_amr_batch/contigs/SRR35815520.contigs.fa	k141_49580	87	323	+	dfrB1_1	1-237/237	===============	0/0	100.00	99.58	resfinder	U36276	dfrB1	Trimethoprim	dfrB1
SRR35815520	/home/user/ww_amr_batch/contigs/SRR35815520.contigs.fa	k141_506157	76	633	+	blaOXA-20_1	1-558/801	===========....	0/0	69.66	99.64	resfinder	AY307114	blaOXA-20	Amoxicillin;Amoxicillin+Clavulanic_acid;Ampicillin;Ampicillin+Clavulanic_acid	blaOXA-20
SRR35815520	/home/user/ww_amr_batch/contigs/SRR35815520.contigs.fa	k141_543241	213	1097	-	mph(G)_1	1-885/885	===============	0/0	100.00	99.10	resfinder	AB571865	mph(G)	Erythromycin	mph(G)
SRR35815520	/home/user/ww_amr_batch/contigs/SRR35815520.contigs.fa	k141_543241	1102	2325	-	mef(C)_1	1-1224/1224	===============	0/0	100.00	94.04	resfinder	AB571865	mef(C)	Erythromycin	mef(C)
SRR35815520	/home/user/ww_amr_batch/contigs/SRR35815520.contigs.fa	k141_545875	1	378	-	ARR-8_1	1-378/453	=============..	0/0	83.44	99.21	resfinder	KC199968	ARR-8	Rifampicin	ARR-8
SRR35815520	/home/user/ww_amr_batch/contigs/SRR35815520.contigs.fa	k141_547698	107	910	-	lnu(B)_2	1-804/804	===============	0/0	100.00	99.00	resfinder	JQ861959	lnu(B)	Clindamycin;Lincomycin	lnu(B)
SRR35815520	/home/user/ww_amr_batch/contigs/SRR35815520.contigs.fa	k141_553869	91	951	-	blaTEM-122_1	1-861/861	===============	0/0	100.00	99.65	resfinder	AY307100	blaTEM-122	Amoxicillin;Amoxicillin+Clavulanic_acid;Ampicillin;Ampicillin+Clavulanic_acid;Piperacillin;Piperacillin+Tazobactam;Ticarcillin;Ticarcillin+Clavulanic_acid	blaTEM-122
SRR35815520	/home/user/ww_amr_batch/contigs/SRR35815520.contigs.fa	k141_554033	701	1528	-	blaOXA-2_1	1-828/828	===============	0/0	100.00	100.00	resfinder	DQ112222	blaOXA-2	Amoxicillin;Amoxicillin+Clavulanic_acid;Ampicillin;Ampicillin+Clavulanic_acid;Ceftazidime;Piperacillin	blaOXA-2
SRR35815520	/home/user/ww_amr_batch/contigs/SRR35815520.contigs.fa	k141_558840	1	752	-	aadA5_1	1-752/789	===============	0/0	95.31	100.00	resfinder	AF137361	aadA5	Spectinomycin;Streptomycin	aadA5
SRR35815520	/home/user/ww_amr_batch/contigs/SRR35815520.contigs.fa	k141_560668	737	1603	-	sul1_5	1-867/867	===============	0/0	100.00	99.89	resfinder	EU780013	sul1	Sulfamethoxazole	sul1
SRR35815520	/home/user/ww_amr_batch/contigs/SRR35815520.contigs.fa	k141_560668	2125	2925	-	blaOXA-10_1	1-801/801	===============	0/0	100.00	100.00	resfinder	J03427	blaOXA-10	Amoxicillin;Ampicillin;Aztreonam;Piperacillin;Piperacillin+Tazobactam	blaOXA-10
SRR35815520	/home/user/ww_amr_batch/contigs/SRR35815520.contigs.fa	k141_578753	241	1104	-	blaGES-5_1	1-864/864	===============	0/0	100.00	100.00	resfinder	DQ236171	blaGES-5	Amoxicillin;Amoxicillin+Clavulanic_acid;Ampicillin;Ampicillin+Clavulanic_acid;Cefoxitin;Ceftazidime;Piperacillin;Ticarcillin	blaGES-5
SRR35815520	/home/user/ww_amr_batch/contigs/SRR35815520.contigs.fa	k141_579028	3264	4079	-	sul2_2	1-816/816	===============	0/0	100.00	100.00	resfinder	AY034138	sul2	Sulfamethoxazole	sul2
SRR35815520	/home/user/ww_amr_batch/contigs/SRR35815520.contigs.fa	k141_60206	1289	2092	-	blaOXA-129_1	1-804/804	===============	0/0	100.00	91.79	resfinder	FJWZ01000025	blaOXA-129		blaOXA-129
SRR35815520	/home/user/ww_amr_batch/contigs/SRR35815520.contigs.fa	k141_643846	1487	3406	+	tet(O)_1	1-1920/1920	===============	0/0	100.00	99.53	resfinder	M18896	tet(O)	Doxycycline;Minocycline;Tetracycline	tet(O)
SRR35815520	/home/user/ww_amr_batch/contigs/SRR35815520.contigs.fa	k141_651351	3850	4652	+	aph(3'')-Ib_2	2-804/804	===============	0/0	99.88	100.00	resfinder	AF024602	aph(3'')-Ib	Streptomycin	aph(3'')-Ib
SRR35815520	/home/user/ww_amr_batch/contigs/SRR35815520.contigs.fa	k141_651351	4652	5488	+	aph(6)-Id_1	1-837/837	===============	0/0	100.00	100.00	resfinder	M28829	aph(6)-Id	Streptomycin	aph(6)-Id
SRR35815520	/home/user/ww_amr_batch/contigs/SRR35815520.contigs.fa	k141_677563	95	835	+	blaIMP-33_1	1-741/741	===============	0/0	100.00	100.00	resfinder	JN848782	blaIMP-33	Amoxicillin;Amoxicillin+Clavulanic_acid;Ampicillin;Ampicillin+Clavulanic_acid;Cefepime;Cefixime;Cefotaxime;Cefoxitin;Ceftazidime;Ertapenem;Imipenem;Meropenem;Piperacillin;Piperacillin+Tazobactam	blaIMP-33
SRR35815520	/home/user/ww_amr_batch/contigs/SRR35815520.contigs.fa	k141_68425	178	1077	-	blaVEB-1_1	1-900/900	===============	0/0	100.00	100.00	resfinder	HM370393	blaVEB-1	Amoxicillin;Amoxicillin+Clavulanic_acid;Ampicillin;Ampicillin+Clavulanic_acid;Aztreonam;Cefepime;Cefotaxime;Cefoxitin;Ceftazidime;Piperacillin;Piperacillin+Tazobactam;Ticarcillin;Ticarcillin+Clavulanic_acid	blaVEB-1
SRR35815520	/home/user/ww_amr_batch/contigs/SRR35815520.contigs.fa	k141_70727	2584	4503	-	tet(W)_5	1-1920/1920	===============	0/0	100.00	99.90	resfinder	AJ427422	tet(W)	Doxycycline;Minocycline;Tetracycline	tet(W)
SRR35815520	/home/user/ww_amr_batch/contigs/SRR35815520.contigs.fa	k141_7435	137	948	+	ant(3'')-Ia_1	161-972/972	..=============	0/0	83.54	99.75	resfinder	X02340	ant(3'')-Ia	Streptomycin	ant(3'')-Ia
SRR35815520	/home/user/ww_amr_batch/contigs/SRR35815520.contigs.fa	k141_7435	974	1456	+	dfrA14_5	1-483/483	===============	0/0	100.00	99.59	resfinder	DQ388123	dfrA14	Trimethoprim	dfrA14
SRR35815520	/home/user/ww_amr_batch/contigs/SRR35815520.contigs.fa	k141_885	4129	5604	+	msr(E)_1	1-1476/1476	===============	0/0	100.00	100.00	resfinder	FR751518	msr(E)	Azithromycin;Erythromycin;Pristinamycin_IA;Quinupristin;Virginiamycin_S	msr(E)
SRR35815520	/home/user/ww_amr_batch/contigs/SRR35815520.contigs.fa	k141_885	5660	6544	+	mph(E)_1	1-885/885	===============	0/0	100.00	100.00	resfinder	DQ839391	mph(E)	Erythromycin	mph(E)
SRR35815521	/home/user/ww_amr_batch/contigs/SRR35815521.contigs.fa	k141_100721	7076	9001	+	tet(Q)_1	1-1926/1926	===============	0/0	100.00	99.58	resfinder	L33696	tet(Q)	Doxycycline;Minocycline;Tetracycline	tet(Q)
SRR35815521	/home/user/ww_amr_batch/contigs/SRR35815521.contigs.fa	k141_105326	439	1095	-	qnrS2_1	1-657/657	===============	0/0	100.00	100.00	resfinder	DQ485530	qnrS2	Ciprofloxacin	qnrS2
SRR35815521	/home/user/ww_amr_batch/contigs/SRR35815521.contigs.fa	k141_116859	244	480	-	dfrB1_1	1-237/237	===============	0/0	100.00	100.00	resfinder	U36276	dfrB1	Trimethoprim	dfrB1
SRR35815521	/home/user/ww_amr_batch/contigs/SRR35815521.contigs.fa	k141_119786	749	1730	-	cfxA6_1	15-996/996	===============	0/0	98.59	99.80	resfinder	GQ342996	cfxA6		cfxA6
SRR35815521	/home/user/ww_amr_batch/contigs/SRR35815521.contigs.fa	k141_121260	1530	2495	-	cfxA3_1	1-966/966	===============	0/0	100.00	100.00	resfinder	AF472622	cfxA3	Ampicillin	cfxA3
SRR35815521	/home/user/ww_amr_batch/contigs/SRR35815521.contigs.fa	k141_123440	208	1008	-	erm(F)_3	1-801/801	===============	0/0	100.00	99.75	resfinder	M17808	erm(F)	Clindamycin;Erythromycin;Lincomycin;Pristinamycin_IA;Quinupristin;Virginiamycin_S	erm(F)
SRR35815521	/home/user/ww_amr_batch/contigs/SRR35815521.contigs.fa	k141_123461	176	1000	+	blaOXA-347_1	1-825/825	===============	0/0	100.00	100.00	resfinder	ACWG01000053	blaOXA-347		blaOXA-347
SRR35815521	/home/user/ww_amr_batch/contigs/SRR35815521.contigs.fa	k141_136165	7683	8219	-	catS_1	1-537/537	===============	0/0	100.00	98.70	resfinder	X74948	catS	Chloramphenicol	catS
SRR35815521	/home/user/ww_amr_batch/contigs/SRR35815521.contigs.fa	k141_141448	1	783	-	blaOXA-211_1	1-783/825	===============	0/0	94.91	94.76	resfinder	JN861779	blaOXA-211	Amoxicillin;Amoxicillin+Clavulanic_acid;Ampicillin;Ampicillin+Clavulanic_acid	blaOXA-211
SRR35815521	/home/user/ww_amr_batch/contigs/SRR35815521.contigs.fa	k141_145431	455	1339	-	mph(G)_1	1-885/885	===============	0/0	100.00	90.62	resfinder	AB571865	mph(G)	Erythromycin	mph(G)
SRR35815521	/home/user/ww_amr_batch/contigs/SRR35815521.contigs.fa	k141_1470	140	747	+	blaOXA-205_1	1-609/801	========/===...	1/1	75.91	99.51	resfinder	JF800667	blaOXA-205	Amoxicillin;Ampicillin;Piperacillin	blaOXA-205
SRR35815521	/home/user/ww_amr_batch/contigs/SRR35815521.contigs.fa	k141_1476	354	984	-	blaOXA-119_1	171-801/801	...============	0/0	78.78	98.73	resfinder	DQ767903	blaOXA-119		blaOXA-119
SRR35815521	/home/user/ww_amr_batch/contigs/SRR35815521.contigs.fa	k141_150980	1	1383	+	lsa(E)_1	103-1485/1485	.==============	0/0	93.13	98.19	resfinder	JX560992	lsa(E)	Clindamycin;Dalfopristin;Lincomycin;Pristinamycin_IIA;Tiamulin;Virginiamycin_M	lsa(E)
SRR35815521	/home/user/ww_amr_batch/contigs/SRR35815521.contigs.fa	k141_150980	1437	2240	+	lnu(B)_2	1-804/804	===============	0/0	100.00	98.26	resfinder	JQ861959	lnu(B)	Clindamycin;Lincomycin	lnu(B)
SRR35815521	/home/user/ww_amr_batch/contigs/SRR35815521.contigs.fa	k141_154176	1254	2471	-	tet(E)_3	1-1218/1218	===============	0/0	100.00	99.42	resfinder	CP000645	tet(E)	Doxycycline;Tetracycline	tet(E)
SRR35815521	/home/user/ww_amr_batch/contigs/SRR35815521.contigs.fa	k141_194580	1	1916	-	tet(O)_1	1-1916/1920	===============	0/0	99.79	99.43	resfinder	M18896	tet(O)	Doxycycline;Minocycline;Tetracycline	tet(O)
SRR35815521	/home/user/ww_amr_batch/contigs/SRR35815521.contigs.fa	k141_220046	2	529	+	blaOXA-211_1	123-650/825	..==========...	0/0	64.00	96.21	resfinder	JN861779	blaOXA-211	Amoxicillin;Amoxicillin+Clavulanic_acid;Ampicillin;Ampicillin+Clavulanic_acid	blaOXA-211
SRR35815521	/home/user/ww_amr_batch/contigs/SRR35815521.contigs.fa	k141_23155	254	931	-	erm(50)_1	115-792/792	..=============	0/0	85.61	93.36	resfinder	LC473083	erm(50)	Clindamycin;Erythromycin;Lincomycin;Pristinamycin_IA;Quinupristin;Virginiamycin_S	erm(50)
SRR35815521	/home/user/ww_amr_batch/contigs/SRR35815521.contigs.fa	k141_233785	1	378	+	fosA_2	43-420/420	.==============	0/0	90.00	99.73	resfinder	AGDM01000012	fosA	Fosfomycin	fosA
SRR35815521	/home/user/ww_amr_batch/contigs/SRR35815521.contigs.fa	k141_234307	279	1094	-	aph(3')-Ia_1	1-816/816	===============	0/0	100.00	99.75	resfinder	V00359	aph(3')-Ia	Kanamycin	aph(3')-Ia
SRR35815521	/home/user/ww_amr_batch/contigs/SRR35815521.contigs.fa	k141_235638	581	1435	-	erm(X)_1	1-855/855	========/======	2/2	99.88	99.18	resfinder	M36726	erm(X)	Clindamycin;Erythromycin;Lincomycin;Pristinamycin_IA;Quinupristin;Virginiamycin_S	erm(X)
SRR35815521	/home/user/ww_amr_batch/contigs/SRR35815521.contigs.fa	k141_237803	126	857	+	erm(A)_2	1-732/732	===============	0/0	100.00	92.21	resfinder	AF002716	erm(A)	Clindamycin;Erythromycin;Lincomycin;Pristinamycin_IA;Quinupristin;Virginiamycin_S	erm(A)
SRR35815521	/home/user/ww_amr_batch/contigs/SRR35815521.contigs.fa	k141_242531	546	1654	-	blaCMY-8b_1	39-1144/1149	========/======	1/3	96.26	82.60	resfinder	DQ094251	blaCMY-8b	Amoxicillin;Amoxicillin+Clavulanic_acid;Ampicillin;Ampicillin+Clavulanic_acid;Cefotaxime;Cefoxitin;Ceftazidime;Piperacillin;Piperacillin+Tazobactam;Ticarcillin;Ticarcillin+Clavulanic_acid	blaCMY-8b
SRR35815521	/home/user/ww_amr_batch/contigs/SRR35815521.contigs.fa	k141_246248	571	1053	-	dfrA14_5	1-483/483	===============	0/0	100.00	99.38	resfinder	DQ388123	dfrA14	Trimethoprim	dfrA14
SRR35815521	/home/user/ww_amr_batch/contigs/SRR35815521.contigs.fa	k141_254135	386	1153	-	blaOXA-464_1	1-762/762	========/======	1/6	100.00	81.51	resfinder	KU721146	blaOXA-464		blaOXA-464
SRR35815521	/home/user/ww_amr_batch/contigs/SRR35815521.contigs.fa	k141_284080	98	513	-	cat(pC194)_1	1-416/651	==========.....	0/0	63.90	99.76	resfinder	NC_002013	cat(pC194)	Chloramphenicol	cat(pC194)
SRR35815521	/home/user/ww_amr_batch/contigs/SRR35815521.contigs.fa	k141_301919	3646	4129	-	aac(3)-Ia_1	51-534/534	.==============	0/0	90.64	97.73	resfinder	X15852	aac(3)-Ia	Astromicin;Fortimicin;Gentamicin	aac(3)-Ia
SRR35815521	/home/user/ww_amr_batch/contigs/SRR35815521.contigs.fa	k141_309048	2421	3608	-	tet(39)_2	1-1188/1188	===============	0/0	100.00	99.92	resfinder	CP044518	tet(39)	Doxycycline;Tetracycline;Tigecycline	tet(39)
SRR35815521	/home/user/ww_amr_batch/contigs/SRR35815521.contigs.fa	k141_315104	10579	11500	-	mph(A)_2	1-921/921	========/======	1/1	100.00	99.67	resfinder	U36578	mph(A)	Azithromycin;Erythromycin;Spiramycin;Telithromycin	mph(A)
SRR35815521	/home/user/ww_amr_batch/contigs/SRR35815521.contigs.fa	k141_316321	35	901	+	ant(6)-Ia_3	1-867/867	===============	0/0	100.00	100.00	resfinder	KF864551	ant(6)-Ia	Streptomycin	ant(6)-Ia
SRR35815521	/home/user/ww_amr_batch/contigs/SRR35815521.contigs.fa	k141_332174	1	514	+	catQ_1	147-660/660	...============	0/0	77.88	96.89	resfinder	M55620	catQ	Chloramphenicol	catQ
SRR35815521	/home/user/ww_amr_batch/contigs/SRR35815521.contigs.fa	k141_343143	281	1141	-	blaTEM-122_1	1-861/861	===============	0/0	100.00	99.88	resfinder	AY307100	blaTEM-122	Amoxicillin;Amoxicillin+Clavulanic_acid;Ampicillin;Ampicillin+Clavulanic_acid;Piperacillin;Piperacillin+Tazobactam;Ticarcillin;Ticarcillin+Clavulanic_acid	blaTEM-122
SRR35815521	/home/user/ww_amr_batch/contigs/SRR35815521.contigs.fa	k141_345596	2516	3319	-	blaOXA-129_1	1-804/804	===============	0/0	100.00	100.00	resfinder	FJWZ01000025	blaOXA-129		blaOXA-129
SRR35815521	/home/user/ww_amr_batch/contigs/SRR35815521.contigs.fa	k141_357540	3315	4481	+	tet(X)_2	1-1167/1167	===============	0/0	100.00	99.91	resfinder	M37699	tet(X)	Doxycycline;Minocycline;Tetracycline;Tigecycline	tet(X)
SRR35815521	/home/user/ww_amr_batch/contigs/SRR35815521.contigs.fa	k141_367581	141	1040	+	blaVEB-3_1	1-900/900	===============	0/0	100.00	100.00	resfinder	AY536519	blaVEB-3		blaVEB-3
SRR35815521	/home/user/ww_amr_batch/contigs/SRR35815521.contigs.fa	k141_367790	1	519	+	blaOXA-373_1	286-804/825	.....==========	0/0	62.91	96.92	resfinder	HG931732	blaOXA-373		blaOXA-373
SRR35815521	/home/user/ww_amr_batch/contigs/SRR35815521.contigs.fa	k141_374162	257	1170	+	blaAER-1_1	2-915/915	===============	0/0	99.89	97.37	resfinder	U14748	blaAER-1		blaAER-1
SRR35815521	/home/user/ww_amr_batch/contigs/SRR35815521.contigs.fa	k141_376690	306	1172	-	sul1_5	1-867/867	===============	0/0	100.00	99.89	resfinder	EU780013	sul1	Sulfamethoxazole	sul1
SRR35815521	/home/user/ww_amr_batch/contigs/SRR35815521.contigs.fa	k141_378004	836	1636	-	blaOXA-20_2	1-801/801	===============	0/0	100.00	100.00	resfinder	AF024602	blaOXA-20	Amoxicillin;Amoxicillin+Clavulanic_acid;Ampicillin;Ampicillin+Clavulanic_acid	blaOXA-20
SRR35815521	/home/user/ww_amr_batch/contigs/SRR35815521.contigs.fa	k141_378004	2426	3226	-	blaOXA-10_1	1-801/801	===============	0/0	100.00	100.00	resfinder	J03427	blaOXA-10	Amoxicillin;Ampicillin;Aztreonam;Piperacillin;Piperacillin+Tazobactam	blaOXA-10
SRR35815521	/home/user/ww_amr_batch/contigs/SRR35815521.contigs.fa	k141_379450	539	1402	-	blaGES-5_1	1-864/864	===============	0/0	100.00	100.00	resfinder	DQ236171	blaGES-5	Amoxicillin;Amoxicillin+Clavulanic_acid;Ampicillin;Ampicillin+Clavulanic_acid;Cefoxitin;Ceftazidime;Piperacillin;Ticarcillin	blaGES-5
SRR35815521	/home/user/ww_amr_batch/contigs/SRR35815521.contigs.fa	k141_388174	1	698	+	erm(47)_1	44-741/741	===============	0/0	94.20	99.14	resfinder	KU612222	erm(47)	Clindamycin;Erythromycin;Lincomycin;Pristinamycin_IA;Quinupristin;Virginiamycin_S	erm(47)
SRR35815521	/home/user/ww_amr_batch/contigs/SRR35815521.contigs.fa	k141_390265	210	944	+	erm(G)_1	1-735/735	===============	0/0	100.00	99.32	resfinder	M15332	erm(G)	Clindamycin;Erythromycin;Lincomycin;Pristinamycin_IA;Quinupristin;Virginiamycin_S	erm(G)
SRR35815521	/home/user/ww_amr_batch/contigs/SRR35815521.contigs.fa	k141_393686	433	1227	-	blaOXA-427_1	1-795/795	===============	0/0	100.00	98.99	resfinder	KX827604	blaOXA-427	Amoxicillin;Ampicillin;Aztreonam;Cefepime;Ceftazidime;Ertapenem;Imipenem;Meropenem;Piperacillin;Piperacillin+Tazobactam;Temocillin	blaOXA-427
SRR35815521	/home/user/ww_amr_batch/contigs/SRR35815521.contigs.fa	k141_400644	426	1233	+	cfxA6_1	175-981/996	..======/======	3/5	80.82	85.80	resfinder	GQ342996	cfxA6		cfxA6
SRR35815521	/home/user/ww_amr_batch/contigs/SRR35815521.contigs.fa	k141_427827	591	1850	+	ere(B)_2	1-1260/1260	===============	0/0	100.00	87.22	resfinder	X03988	ere(B)	Azithromycin;Erythromycin	ere(B)
SRR35815521	/home/user/ww_amr_batch/contigs/SRR35815521.contigs.fa	k141_437796	58	612	+	aac(6')-IIa_1	1-555/555	===============	0/0	100.00	99.64	resfinder	M29695	aac(6')-IIa	Dibekacin;Gentamicin;Netilmicin;Sisomicin;Tobramycin	aac(6')-IIa
SRR35815521	/home/user/ww_amr_batch/contigs/SRR35815521.contigs.fa	k141_444661	64	915	-	blaBEL-1_1	1-852/852	===============	0/0	100.00	100.00	resfinder	DQ089809	blaBEL-1	Amoxicillin;Amoxicillin+Clavulanic_acid;Ampicillin;Ampicillin+Clavulanic_acid;Cefotaxime;Cefoxitin;Ceftazidime;Piperacillin;Piperacillin+Tazobactam;Ticarcillin;Ticarcillin+Clavulanic_acid	blaBEL-1
SRR35815521	/home/user/ww_amr_batch/contigs/SRR35815521.contigs.fa	k141_447963	2130	3014	-	mph(E)_1	1-885/885	===============	0/0	100.00	100.00	resfinder	DQ839391	mph(E)	Erythromycin	mph(E)
SRR35815521	/home/user/ww_amr_batch/contigs/SRR35815521.contigs.fa	k141_447963	3070	4545	-	msr(E)_1	1-1476/1476	===============	0/0	100.00	100.00	resfinder	FR751518	msr(E)	Azithromycin;Erythromycin;Pristinamycin_IA;Quinupristin;Virginiamycin_S	msr(E)
SRR35815521	/home/user/ww_amr_batch/contigs/SRR35815521.contigs.fa	k141_470415	215	1435	+	tet(40)_1	1-1221/1221	===============	0/0	100.00	99.84	resfinder	FJ158002	tet(40)	Doxycycline;Tetracycline	tet(40)
SRR35815521	/home/user/ww_amr_batch/contigs/SRR35815521.contigs.fa	k141_472865	134	979	-	aadA6_1	1-846/846	===============	0/0	100.00	99.88	resfinder	AF140629	aadA6	Spectinomycin;Streptomycin	aadA6
SRR35815521	/home/user/ww_amr_batch/contigs/SRR35815521.contigs.fa	k141_477053	154	978	+	blaOXA-211_1	1-825/825	===============	0/0	100.00	95.88	resfinder	JN861779	blaOXA-211	Amoxicillin;Amoxicillin+Clavulanic_acid;Ampicillin;Ampicillin+Clavulanic_acid	blaOXA-211
SRR35815521	/home/user/ww_amr_batch/contigs/SRR35815521.contigs.fa	k141_47852	1	827	+	FloR_4	33-859/1215	===========....	0/0	68.07	94.68	resfinder	CP136914	FloR	Chloramphenicol;Florfenicol	FloR
SRR35815521	/home/user/ww_amr_batch/contigs/SRR35815521.contigs.fa	k141_485410	1644	2834	+	tet(C)_3	1-1191/1191	===============	0/0	100.00	99.83	resfinder	AF055345	tet(C)	Doxycycline;Tetracycline	tet(C)
SRR35815521	/home/user/ww_amr_batch/contigs/SRR35815521.contigs.fa	k141_496309	231	1055	-	blaOXA-9_1	1-825/825	===============	0/0	100.00	99.88	resfinder	KQ089875	blaOXA-9	Amoxicillin;Ampicillin	blaOXA-9
SRR35815521	/home/user/ww_amr_batch/contigs/SRR35815521.contigs.fa	k141_496924	6255	7017	-	erm(B)_18	1-762/762	========/======	1/1	100.00	99.61	resfinder	X66468	erm(B)	Clindamycin;Erythromycin;Lincomycin;Pristinamycin_IA;Quinupristin;Virginiamycin_S	erm(B)
SRR35815521	/home/user/ww_amr_batch/contigs/SRR35815521.contigs.fa	k141_504038	1485	2321	-	aph(6)-Id_1	1-837/837	===============	0/0	100.00	100.00	resfinder	M28829	aph(6)-Id	Streptomycin	aph(6)-Id
SRR35815521	/home/user/ww_amr_batch/contigs/SRR35815521.contigs.fa	k141_504038	2321	3123	-	aph(3'')-Ib_2	2-804/804	===============	0/0	99.88	100.00	resfinder	AF024602	aph(3'')-Ib	Streptomycin	aph(3'')-Ib
SRR35815521	/home/user/ww_amr_batch/contigs/SRR35815521.contigs.fa	k141_504041	138	1014	-	mef(B)_1	354-1230/1230	....===========	0/0	71.30	95.89	resfinder	FJ196385	mef(B)	Azithromycin;Erythromycin	mef(B)
SRR35815521	/home/user/ww_amr_batch/contigs/SRR35815521.contigs.fa	k141_517797	122	847	+	blaOXA-209_1	1-732/825	========/=====.	3/10	87.76	81.88	resfinder	JF268688	blaOXA-209		blaOXA-209
SRR35815521	/home/user/ww_amr_batch/contigs/SRR35815521.contigs.fa	k141_544199	234	890	-	qnrVC4_1	1-657/657	===============	0/0	100.00	100.00	resfinder	GQ891757	qnrVC4	Ciprofloxacin	qnrVC4
SRR35815521	/home/user/ww_amr_batch/contigs/SRR35815521.contigs.fa	k141_563681	1439	1971	+	nimA_1	1-531/531	========/======	2/2	100.00	98.50	resfinder	X71444	nimA	Metronidazole	nimA
SRR35815521	/home/user/ww_amr_batch/contigs/SRR35815521.contigs.fa	k141_564702	134	766	-	catB2_1	1-633/633	===============	0/0	100.00	98.74	resfinder	AF047479	catB2	Chloramphenicol	catB2
SRR35815521	/home/user/ww_amr_batch/contigs/SRR35815521.contigs.fa	k141_566855	957	1480	-	blaOXA-464_1	232-755/762	....===========	0/0	68.77	82.06	resfinder	KU721146	blaOXA-464		blaOXA-464
SRR35815521	/home/user/ww_amr_batch/contigs/SRR35815521.contigs.fa	k141_570934	362	1585	+	mef(C)_1	1-1224/1224	===============	0/0	100.00	99.84	resfinder	AB571865	mef(C)	Erythromycin	mef(C)
SRR35815521	/home/user/ww_amr_batch/contigs/SRR35815521.contigs.fa	k141_570934	1590	2474	+	mph(G)_1	1-885/885	===============	0/0	100.00	99.89	resfinder	AB571865	mph(G)	Erythromycin	mph(G)
SRR35815521	/home/user/ww_amr_batch/contigs/SRR35815521.contigs.fa	k141_571675	1378	2220	-	blaOXA-58_1	1-843/843	===============	0/0	100.00	100.00	resfinder	AY665723	blaOXA-58	Amoxicillin;Amoxicillin+Clavulanic_acid;Ampicillin;Ampicillin+Clavulanic_acid;Imipenem;Meropenem	blaOXA-58
SRR35815521	/home/user/ww_amr_batch/contigs/SRR35815521.contigs.fa	k141_581688	177	629	+	ARR-8_1	1-453/453	===============	0/0	100.00	99.56	resfinder	KC199968	ARR-8	Rifampicin	ARR-8
SRR35815521	/home/user/ww_amr_batch/contigs/SRR35815521.contigs.fa	k141_581688	1505	2818	+	CmlA7_1	1-1314/1314	===============	0/0	100.00	100.00	resfinder	JQ639792	CmlA7	Chloramphenicol	CmlA7
SRR35815521	/home/user/ww_amr_batch/contigs/SRR35815521.contigs.fa	k141_583459	305	1084	+	aph(3')-VI_1	1-780/780	===============	0/0	100.00	98.97	resfinder	KC170992	aph(3')-VI	Amikacin	aph(3')-VI
SRR35815521	/home/user/ww_amr_batch/contigs/SRR35815521.contigs.fa	k141_589652	634	1488	+	blaOXA-296_1	1-855/855	===============	0/0	100.00	95.32	resfinder	APOH01000009	blaOXA-296		blaOXA-296
SRR35815521	/home/user/ww_amr_batch/contigs/SRR35815521.contigs.fa	k141_597462	379	1083	+	blaOXA-333_1	1-705/825	=============..	0/0	85.45	99.72	resfinder	KF203107	blaOXA-333		blaOXA-333
SRR35815521	/home/user/ww_amr_batch/contigs/SRR35815521.contigs.fa	k141_59861	189	821	-	catB3_2	1-633/633	===============	0/0	100.00	100.00	resfinder	U13880	catB3	Chloramphenicol	catB3
SRR35815521	/home/user/ww_amr_batch/contigs/SRR35815521.contigs.fa	k141_603314	1	990	+	tetA(P)_3	228-1217/1263	..======/======	4/4	78.23	80.85	resfinder	AB001076	tetA(P)	Doxycycline;Tetracycline	tetA(P)
SRR35815521	/home/user/ww_amr_batch/contigs/SRR35815521.contigs.fa	k141_610032	3441	4313	+	mef(C)_1	1-873/1224	===========....	0/0	71.32	96.79	resfinder	AB571865	mef(C)	Erythromycin	mef(C)
SRR35815521	/home/user/ww_amr_batch/contigs/SRR35815521.contigs.fa	k141_610428	261	1049	-	aadA5_1	1-789/789	===============	0/0	100.00	99.75	resfinder	AF137361	aadA5	Spectinomycin;Streptomycin	aadA5
SRR35815521	/home/user/ww_amr_batch/contigs/SRR35815521.contigs.fa	k141_617391	1	490	+	ARR-3_4	54-543/543	.==============	0/0	90.24	99.39	resfinder	FM207631	ARR-3	Rifampicin	ARR-3
SRR35815521	/home/user/ww_amr_batch/contigs/SRR35815521.contigs.fa	k141_620257	1115	1909	-	aph(3')-III_1	1-795/795	===============	0/0	100.00	100.00	resfinder	M26832	aph(3')-III	Amikacin;Butirosin;Isepamicin;Kanamycin;Lividomycin;Neomycin;Paromomycin;Ribostamycin	aph(3')-III
SRR35815521	/home/user/ww_amr_batch/contigs/SRR35815521.contigs.fa	k141_624614	99	587	-	dfrA3_1	1-489/489	========/======	2/2	99.80	87.96	resfinder	J03306	dfrA3	Trimethoprim	dfrA3
SRR35815521	/home/user/ww_amr_batch/contigs/SRR35815521.contigs.fa	k141_635727	2	511	+	blaOXA-211_1	69-578/825	.==========....	0/0	61.82	97.84	resfinder	JN861779	blaOXA-211	Amoxicillin;Amoxicillin+Clavulanic_acid;Ampicillin;Ampicillin+Clavulanic_acid	blaOXA-211
SRR35815521	/home/user/ww_amr_batch/contigs/SRR35815521.contigs.fa	k141_652690	1	524	+	aadA7_1	212-735/798	...===========.	0/0	65.66	99.62	resfinder	AF224733	aadA7	Spectinomycin;Streptomycin	aadA7
SRR35815521	/home/user/ww_amr_batch/contigs/SRR35815521.contigs.fa	k141_660741	664	2048	-	msr(D)_3	69-1454/1464	========/======	1/1	94.60	94.30	resfinder	AF227520	msr(D)	Azithromycin;Erythromycin;Pristinamycin_IA;Quinupristin;Telithromycin;Virginiamycin_S	msr(D)
SRR35815521	/home/user/ww_amr_batch/contigs/SRR35815521.contigs.fa	k141_672647	145	529	-	ant(2'')-Ia_1	150-534/534	....===========	0/0	72.10	99.74	resfinder	X04555	ant(2'')-Ia	Gentamicin;Tobramycin	ant(2'')-Ia
SRR35815521	/home/user/ww_amr_batch/contigs/SRR35815521.contigs.fa	k141_675102	1	461	+	blaOXA-464_1	295-755/762	.....==========	0/0	60.50	81.56	resfinder	KU721146	blaOXA-464		blaOXA-464
SRR35815521	/home/user/ww_amr_batch/contigs/SRR35815521.contigs.fa	k141_680184	1618	2864	-	tet(A)_6	1-1247/1275	===============	0/0	97.80	100.00	resfinder	AF534183	tet(A)	Doxycycline;Tetracycline	tet(A)
SRR35815521	/home/user/ww_amr_batch/contigs/SRR35815521.contigs.fa	k141_689453	1490	3415	+	tet(Q)_1	1-1926/1926	===============	0/0	100.00	90.55	resfinder	L33696	tet(Q)	Doxycycline;Minocycline;Tetracycline	tet(Q)
SRR35815521	/home/user/ww_amr_batch/contigs/SRR35815521.contigs.fa	k141_694139	72	902	+	blaOXA-4_1	1-831/831	===============	0/0	100.00	100.00	resfinder	AY162283	blaOXA-4		blaOXA-4
SRR35815521	/home/user/ww_amr_batch/contigs/SRR35815521.contigs.fa	k141_706552	1	800	+	tet(G)_2	377-1176/1176	....===========	0/0	68.03	95.88	resfinder	AF133140	tet(G)	Doxycycline;Tetracycline	tet(G)
SRR35815521	/home/user/ww_amr_batch/contigs/SRR35815521.contigs.fa	k141_718400	19	822	+	lnu(G)_1	1-804/804	===============	0/0	100.00	98.63	resfinder	KX470419	lnu(G)	Lincomycin	lnu(G)
SRR35815521	/home/user/ww_amr_batch/contigs/SRR35815521.contigs.fa	k141_739967	1	860	-	mef(A)_3	35-894/1218	============...	0/0	70.61	93.72	resfinder	AF227520	mef(A)	Azithromycin;Erythromycin	mef(A)
SRR35815521	/home/user/ww_amr_batch/contigs/SRR35815521.contigs.fa	k141_741809	1	657	+	aph(3')-VIb_1	124-780/780	..=============	0/0	84.23	99.54	resfinder	AJ627643	aph(3')-VIb	Amikacin;Butirosin;Gentamicin;Kanamycin;Neomycin;Paromomycin;Ribostamycin	aph(3')-VIb
SRR35815521	/home/user/ww_amr_batch/contigs/SRR35815521.contigs.fa	k141_755415	1	648	-	aadA2_1	18-665/819	=============..	0/0	79.12	100.00	resfinder	NC_010870	aadA2	Spectinomycin;Streptomycin	aadA2
SRR35815521	/home/user/ww_amr_batch/contigs/SRR35815521.contigs.fa	k141_755415	1046	1500	-	dfrA12_4	44-498/498	.==============	0/0	91.37	99.78	resfinder	EU650399	dfrA12	Trimethoprim	dfrA12
SRR35815521	/home/user/ww_amr_batch/contigs/SRR35815521.contigs.fa	k141_759692	1260	1754	+	lnu(C)_1	1-495/495	===============	0/0	100.00	99.19	resfinder	AY928180	lnu(C)	Lincomycin	lnu(C)
SRR35815521	/home/user/ww_amr_batch/contigs/SRR35815521.contigs.fa	k141_76869	1044	1871	+	blaOXA-2_1	1-828/828	===============	0/0	100.00	100.00	resfinder	DQ112222	blaOXA-2	Amoxicillin;Amoxicillin+Clavulanic_acid;Ampicillin;Ampicillin+Clavulanic_acid;Ceftazidime;Piperacillin	blaOXA-2
SRR35815521	/home/user/ww_amr_batch/contigs/SRR35815521.contigs.fa	k141_775337	1	737	-	aac(3)-IIa_1	1-737/861	=============..	0/0	85.60	99.05	resfinder	X51534	aac(3)-IIa	Gentamicin;Tobramycin	aac(3)-IIa
SRR35815521	/home/user/ww_amr_batch/contigs/SRR35815521.contigs.fa	k141_780429	126	918	+	ere(A)_2	1-793/1227	==========.....	0/0	64.63	99.62	resfinder	AF099140	ere(A)	Erythromycin	ere(A)
SRR35815521	/home/user/ww_amr_batch/contigs/SRR35815521.contigs.fa	k141_821328	521	1336	+	sul2_2	1-816/816	===============	0/0	100.00	100.00	resfinder	AY034138	sul2	Sulfamethoxazole	sul2
SRR35815521	/home/user/ww_amr_batch/contigs/SRR35815521.contigs.fa	k141_834695	2897	3520	+	catP_1	1-624/624	===============	0/0	100.00	100.00	resfinder	U15027	catP	Chloramphenicol	catP
SRR35815521	/home/user/ww_amr_batch/contigs/SRR35815521.contigs.fa	k141_83556	1020	2300	+	tet(44)_2	1-1281/1923	==========.....	0/0	66.61	98.05	resfinder	FN594949	tet(44)	Doxycycline;Minocycline;Tetracycline	tet(44)
SRR35815521	/home/user/ww_amr_batch/contigs/SRR35815521.contigs.fa	k141_836892	41	846	+	aadA10_1	1-806/834	===============	0/0	96.64	99.38	resfinder	U37105	aadA10	Spectinomycin;Streptomycin	aadA10
SRR35815521	/home/user/ww_amr_batch/contigs/SRR35815521.contigs.fa	k141_846673	1058	1852	+	blaOXA-427_1	1-795/795	===============	0/0	100.00	89.31	resfinder	KX827604	blaOXA-427	Amoxicillin;Ampicillin;Aztreonam;Cefepime;Ceftazidime;Ertapenem;Imipenem;Meropenem;Piperacillin;Piperacillin+Tazobactam;Temocillin	blaOXA-427
SRR35815521	/home/user/ww_amr_batch/contigs/SRR35815521.contigs.fa	k141_849237	388	1188	-	blaOXA-101_1	1-801/801	===============	0/0	100.00	100.00	resfinder	AM412777	blaOXA-101	Amoxicillin;Ampicillin	blaOXA-101
SRR35815521	/home/user/ww_amr_batch/contigs/SRR35815521.contigs.fa	k141_853456	258	1475	+	mef(A)_4	1-1218/1218	===============	0/0	100.00	98.44	resfinder	HG423652	mef(A)	Azithromycin;Erythromycin	mef(A)
SRR35815521	/home/user/ww_amr_batch/contigs/SRR35815521.contigs.fa	k141_853506	347	1570	+	mef(C)_1	1-1224/1224	===============	0/0	100.00	89.13	resfinder	AB571865	mef(C)	Erythromycin	mef(C)
SRR35815521	/home/user/ww_amr_batch/contigs/SRR35815521.contigs.fa	k141_853506	1574	2251	+	mph(G)_1	1-678/885	============...	0/0	76.61	89.68	resfinder	AB571865	mph(G)	Erythromycin	mph(G)
SRR35815521	/home/user/ww_amr_batch/contigs/SRR35815521.contigs.fa	k141_864523	149	1375	-	ere(D)_1	1-1227/1227	===============	0/0	100.00	98.53	resfinder	KP265721	ere(D)	Erythromycin	ere(D)
SRR35815521	/home/user/ww_amr_batch/contigs/SRR35815521.contigs.fa	k141_865891	467	1249	+	mph(N)_1	1-783/909	=============..	0/0	86.14	95.78	resfinder	KF648874	mph(N)	Erythromycin	mph(N)
SRR35815521	/home/user/ww_amr_batch/contigs/SRR35815521.contigs.fa	k141_866758	140	1486	-	tet(Q)_3	616-1963/1965	....====/======	1/1	68.55	97.63	resfinder	U73497	tet(Q)	Doxycycline;Minocycline;Tetracycline	tet(Q)
SRR35815521	/home/user/ww_amr_batch/contigs/SRR35815521.contigs.fa	k141_882215	1	760	-	blaAER-1_1	18-777/915	=============..	0/0	83.06	81.97	resfinder	U14748	blaAER-1		blaAER-1
SRR35815521	/home/user/ww_amr_batch/contigs/SRR35815521.contigs.fa	k141_891733	6	803	+	aadA13_1	1-798/798	===============	0/0	100.00	100.00	resfinder	AY713504	aadA13	Spectinomycin;Streptomycin	aadA13
SRR35815521	/home/user/ww_amr_batch/contigs/SRR35815521.contigs.fa	k141_926320	1	736	-	blaPAU-1_1	1-736/882	=============..	0/0	83.45	98.50	resfinder	MH053445	blaPAU-1	Amoxicillin;Ampicillin;Piperacillin	blaPAU-1
SRR35815521	/home/user/ww_amr_batch/contigs/SRR35815521.contigs.fa	k141_941074	2487	3110	-	cat_2	1-624/624	===============	0/0	100.00	96.95	resfinder	M35190	cat	Chloramphenicol	cat
SRR35815521	/home/user/ww_amr_batch/contigs/SRR35815521.contigs.fa	k141_97536	503	2422	-	tet(W)_5	1-1920/1920	===============	0/0	100.00	100.00	resfinder	AJ427422	tet(W)	Doxycycline;Minocycline;Tetracycline	tet(W)
SRR35815521	/home/user/ww_amr_batch/contigs/SRR35815521.contigs.fa	k141_98541	768	1991	+	mef(C)_1	1-1224/1224	===============	0/0	100.00	92.73	resfinder	AB571865	mef(C)	Erythromycin	mef(C)
SRR35815521	/home/user/ww_amr_batch/contigs/SRR35815521.contigs.fa	k141_98541	1995	2879	+	mph(G)_1	1-885/885	===============	0/0	100.00	89.49	resfinder	AB571865	mph(G)	Erythromycin	mph(G)
SRR35815522	/home/user/ww_amr_batch/contigs/SRR35815522.contigs.fa	k141_1008982	789	1283	-	lnu(D)_1	1-495/495	===============	0/0	100.00	84.04	resfinder	EF452177	lnu(D)	Lincomycin	lnu(D)
SRR35815522	/home/user/ww_amr_batch/contigs/SRR35815522.contigs.fa	k141_1008982	2737	3783	-	msr(D)_3	418-1464/1464	....===========	0/0	71.52	92.55	resfinder	AF227520	msr(D)	Azithromycin;Erythromycin;Pristinamycin_IA;Quinupristin;Telithromycin;Virginiamycin_S	msr(D)
SRR35815522	/home/user/ww_amr_batch/contigs/SRR35815522.contigs.fa	k141_1009972	352	1159	-	cfxA6_1	175-981/996	..======/======	3/5	80.82	85.56	resfinder	GQ342996	cfxA6		cfxA6
SRR35815522	/home/user/ww_amr_batch/contigs/SRR35815522.contigs.fa	k141_1014440	1362	3287	+	tet(Q)_1	1-1926/1926	===============	0/0	100.00	90.55	resfinder	L33696	tet(Q)	Doxycycline;Minocycline;Tetracycline	tet(Q)
SRR35815522	/home/user/ww_amr_batch/contigs/SRR35815522.contigs.fa	k141_1016084	1	971	-	blaCMY-48_1	1-971/1146	=============..	0/0	84.73	99.18	resfinder	HM569226	blaCMY-48	Amoxicillin;Amoxicillin+Clavulanic_acid;Ampicillin;Ampicillin+Clavulanic_acid;Cefotaxime;Cefoxitin;Ceftazidime;Piperacillin;Piperacillin+Tazobactam;Ticarcillin;Ticarcillin+Clavulanic_acid	blaCMY-48
SRR35815522	/home/user/ww_amr_batch/contigs/SRR35815522.contigs.fa	k141_1018620	252	1055	-	lnu(G)_1	1-804/804	===============	0/0	100.00	98.51	resfinder	KX470419	lnu(G)	Lincomycin	lnu(G)
SRR35815522	/home/user/ww_amr_batch/contigs/SRR35815522.contigs.fa	k141_1024141	11191	12066	-	blaCTX-M-36_1	1-876/876	===============	0/0	100.00	99.54	resfinder	AB177384	blaCTX-M-36	Amoxicillin;Ampicillin;Aztreonam;Cefepime;Cefotaxime;Ceftazidime;Ceftriaxone;Piperacillin;Ticarcillin	blaCTX-M-36
SRR35815522	/home/user/ww_amr_batch/contigs/SRR35815522.contigs.fa	k141_1048214	44	786	+	mef(A)_2	1-743/1218	==========.....	0/0	61.00	98.52	resfinder	U83667	mef(A)	Azithromycin;Erythromycin	mef(A)
SRR35815522	/home/user/ww_amr_batch/contigs/SRR35815522.contigs.fa	k141_1059491	248	1051	-	blaOXA-5_1	1-804/804	===============	0/0	100.00	96.39	resfinder	AF347074	blaOXA-5		blaOXA-5
SRR35815522	/home/user/ww_amr_batch/contigs/SRR35815522.contigs.fa	k141_1065153	202	878	-	blaACI-1_1	179-855/855	...============	0/0	79.18	100.00	resfinder	AJ007350	blaACI-1	Amoxicillin;Ampicillin;Cefotaxime;Ceftazidime;Ticarcillin	blaACI-1
SRR35815522	/home/user/ww_amr_batch/contigs/SRR35815522.contigs.fa	k141_1068557	328	1173	-	aadA11_1	1-846/846	===============	0/0	100.00	99.64	resfinder	AY144590	aadA11	Spectinomycin;Streptomycin	aadA11
SRR35815522	/home/user/ww_amr_batch/contigs/SRR35815522.contigs.fa	k141_1071557	146	937	+	aadA11_2	1-792/792	===============	0/0	100.00	99.62	resfinder	AJ567827	aadA11	Spectinomycin;Streptomycin	aadA11
SRR35815522	/home/user/ww_amr_batch/contigs/SRR35815522.contigs.fa	k141_1094154	243	1457	+	FloR_4	1-1215/1215	===============	0/0	100.00	100.00	resfinder	CP136914	FloR	Chloramphenicol;Florfenicol	FloR
SRR35815522	/home/user/ww_amr_batch/contigs/SRR35815522.contigs.fa	k141_1107343	969	2120	-	blaADC-25_1	1-1152/1152	===============	0/0	100.00	89.93	resfinder	EF016355	blaADC-25		blaADC-25
SRR35815522	/home/user/ww_amr_batch/contigs/SRR35815522.contigs.fa	k141_1107385	107	830	-	aadA10_1	1-724/834	==============.	0/0	86.81	99.59	resfinder	U37105	aadA10	Spectinomycin;Streptomycin	aadA10
SRR35815522	/home/user/ww_amr_batch/contigs/SRR35815522.contigs.fa	k141_1113721	186	814	-	catB8_1	5-633/633	===============	0/0	99.37	99.52	resfinder	AF227506	catB8	Chloramphenicol	catB8
SRR35815522	/home/user/ww_amr_batch/contigs/SRR35815522.contigs.fa	k141_1115215	3930	4553	+	cat_2	1-624/624	===============	0/0	100.00	96.95	resfinder	M35190	cat	Chloramphenicol	cat
SRR35815522	/home/user/ww_amr_batch/contigs/SRR35815522.contigs.fa	k141_1115263	1	794	-	erm(X)_1	1-794/855	========/======	2/2	92.75	99.12	resfinder	M36726	erm(X)	Clindamycin;Erythromycin;Lincomycin;Pristinamycin_IA;Quinupristin;Virginiamycin_S	erm(X)
SRR35815522	/home/user/ww_amr_batch/contigs/SRR35815522.contigs.fa	k141_116075	340	1102	+	erm(B)_18	1-762/762	========/======	1/1	100.00	99.61	resfinder	X66468	erm(B)	Clindamycin;Erythromycin;Lincomycin;Pristinamycin_IA;Quinupristin;Virginiamycin_S	erm(B)
SRR35815522	/home/user/ww_amr_batch/contigs/SRR35815522.contigs.fa	k141_118350	1659	2399	-	blaOXA-211_1	85-825/825	.==============	0/0	89.82	97.44	resfinder	JN861779	blaOXA-211	Amoxicillin;Amoxicillin+Clavulanic_acid;Ampicillin;Ampicillin+Clavulanic_acid	blaOXA-211
SRR35815522	/home/user/ww_amr_batch/contigs/SRR35815522.contigs.fa	k141_120951	699	1889	+	tet(C)_3	1-1191/1191	===============	0/0	100.00	99.83	resfinder	AF055345	tet(C)	Doxycycline;Tetracycline	tet(C)
SRR35815522	/home/user/ww_amr_batch/contigs/SRR35815522.contigs.fa	k141_128582	277	1092	-	aph(3')-Ia_1	1-816/816	===============	0/0	100.00	100.00	resfinder	V00359	aph(3')-Ia	Kanamycin	aph(3')-Ia
SRR35815522	/home/user/ww_amr_batch/contigs/SRR35815522.contigs.fa	k141_133651	268	849	-	aac(6')-IIc_1	1-582/582	===============	0/0	100.00	100.00	resfinder	NC_012555	aac(6')-IIc	Gentamicin;Tobramycin	aac(6')-IIc
SRR35815522	/home/user/ww_amr_batch/contigs/SRR35815522.contigs.fa	k141_133651	989	1852	-	blaGES-5_1	1-864/864	===============	0/0	100.00	100.00	resfinder	DQ236171	blaGES-5	Amoxicillin;Amoxicillin+Clavulanic_acid;Ampicillin;Ampicillin+Clavulanic_acid;Cefoxitin;Ceftazidime;Piperacillin;Ticarcillin	blaGES-5
SRR35815522	/home/user/ww_amr_batch/contigs/SRR35815522.contigs.fa	k141_133657	217	849	+	catB2_1	1-633/633	===============	0/0	100.00	100.00	resfinder	AF047479	catB2	Chloramphenicol	catB2
SRR35815522	/home/user/ww_amr_batch/contigs/SRR35815522.contigs.fa	k141_133878	711	1505	+	blaOXA-427_1	1-795/795	===============	0/0	100.00	89.31	resfinder	KX827604	blaOXA-427	Amoxicillin;Ampicillin;Aztreonam;Cefepime;Ceftazidime;Ertapenem;Imipenem;Meropenem;Piperacillin;Piperacillin+Tazobactam;Temocillin	blaOXA-427
SRR35815522	/home/user/ww_amr_batch/contigs/SRR35815522.contigs.fa	k141_137065	68	883	-	sul2_2	1-816/816	===============	0/0	100.00	100.00	resfinder	AY034138	sul2	Sulfamethoxazole	sul2
SRR35815522	/home/user/ww_amr_batch/contigs/SRR35815522.contigs.fa	k141_149830	1	1117	+	ere(D)_1	46-1162/1227	===============	0/0	91.04	96.78	resfinder	KP265721	ere(D)	Erythromycin	ere(D)
SRR35815522	/home/user/ww_amr_batch/contigs/SRR35815522.contigs.fa	k141_164981	213	1073	+	blaSHV-12_1	1-861/861	===============	0/0	100.00	99.88	resfinder	KF976405	blaSHV-12	Amoxicillin;Ampicillin;Aztreonam;Cefepime;Cefotaxime;Ceftazidime;Ceftriaxone;Piperacillin;Ticarcillin	blaSHV-12
SRR35815522	/home/user/ww_amr_batch/contigs/SRR35815522.contigs.fa	k141_16801	1	558	-	blaOXA-464_1	10-567/762	============...	0/0	73.23	80.82	resfinder	KU721146	blaOXA-464		blaOXA-464
SRR35815522	/home/user/ww_amr_batch/contigs/SRR35815522.contigs.fa	k141_173049	1449	2249	+	blaOXA-20_2	1-801/801	===============	0/0	100.00	100.00	resfinder	AF024602	blaOXA-20	Amoxicillin;Amoxicillin+Clavulanic_acid;Ampicillin;Ampicillin+Clavulanic_acid	blaOXA-20
SRR35815522	/home/user/ww_amr_batch/contigs/SRR35815522.contigs.fa	k141_174969	181	1005	+	blaOXA-9_1	1-825/825	===============	0/0	100.00	99.88	resfinder	KQ089875	blaOXA-9	Amoxicillin;Ampicillin	blaOXA-9
SRR35815522	/home/user/ww_amr_batch/contigs/SRR35815522.contigs.fa	k141_174969	1153	1671	+	aac(6')-31_1	1-519/519	===============	0/0	100.00	94.80	resfinder	AM283489	aac(6')-31	Amikacin;Gentamicin;Isepamicin;Kanamycin;Neomycin;Netilmicin;Sisomicin;Tobramycin	aac(6')-31
SRR35815522	/home/user/ww_amr_batch/contigs/SRR35815522.contigs.fa	k141_176430	1	594	+	blaOXA-212_1	232-825/825	....===========	0/0	72.00	97.64	resfinder	JN861780	blaOXA-212		blaOXA-212
SRR35815522	/home/user/ww_amr_batch/contigs/SRR35815522.contigs.fa	k141_180354	391	2013	+	mcr-3.17_1	1-1623/1623	===============	0/0	100.00	99.51	resfinder	MH332767	mcr-3.17	Colistin	mcr-3.17
SRR35815522	/home/user/ww_amr_batch/contigs/SRR35815522.contigs.fa	k141_180354	2097	3705	+	mcr-3.24_1	18-1626/1626	========/======	13/22	98.28	83.70	resfinder	NG060580	mcr-3.24	Colistin	mcr-3.24
SRR35815522	/home/user/ww_amr_batch/contigs/SRR35815522.contigs.fa	k141_195112	1453	2593	+	blaACT-4_2	1-1141/1146	========/======	2/6	99.30	81.03	resfinder	AJ311172	blaACT-4	Amoxicillin;Amoxicillin+Clavulanic_acid;Ampicillin;Ampicillin+Clavulanic_acid;Cefotaxime;Cefoxitin;Ceftazidime;Piperacillin;Piperacillin+Tazobactam;Ticarcillin;Ticarcillin+Clavulanic_acid	blaACT-4
SRR35815522	/home/user/ww_amr_batch/contigs/SRR35815522.contigs.fa	k141_203098	1	1026	+	ere(A)_2	202-1227/1227	..=============	0/0	83.62	98.05	resfinder	AF099140	ere(A)	Erythromycin	ere(A)
SRR35815522	/home/user/ww_amr_batch/contigs/SRR35815522.contigs.fa	k141_227840	119	2041	-	tet(44)_2	1-1923/1923	===============	0/0	100.00	98.39	resfinder	FN594949	tet(44)	Doxycycline;Minocycline;Tetracycline	tet(44)
SRR35815522	/home/user/ww_amr_batch/contigs/SRR35815522.contigs.fa	k141_240401	288	782	-	nimD_1	1-495/495	===============	0/0	100.00	99.19	resfinder	X76949	nimD	Metronidazole	nimD
SRR35815522	/home/user/ww_amr_batch/contigs/SRR35815522.contigs.fa	k141_244814	386	2305	-	tet(O)_1	1-1920/1920	===============	0/0	100.00	99.58	resfinder	M18896	tet(O)	Doxycycline;Minocycline;Tetracycline	tet(O)
SRR35815522	/home/user/ww_amr_batch/contigs/SRR35815522.contigs.fa	k141_249745	1393	4522	-	OqxB_1	1-3130/3153	===============	0/0	99.27	86.90	resfinder	EU370913	OqxB	Chloramphenicol;Ciprofloxacin;Nalidixic_acid;Trimethoprim	OqxB
SRR35815522	/home/user/ww_amr_batch/contigs/SRR35815522.contigs.fa	k141_249745	4546	5721	-	OqxA_1	1-1176/1176	===============	0/0	100.00	82.48	resfinder	EU370913	OqxA	Chloramphenicol;Ciprofloxacin;Nalidixic_acid;Trimethoprim	OqxA
SRR35815522	/home/user/ww_amr_batch/contigs/SRR35815522.contigs.fa	k141_252695	362	1585	+	mef(C)_1	1-1224/1224	===============	0/0	100.00	99.92	resfinder	AB571865	mef(C)	Erythromycin	mef(C)
SRR35815522	/home/user/ww_amr_batch/contigs/SRR35815522.contigs.fa	k141_252695	1590	2474	+	mph(G)_1	1-885/885	===============	0/0	100.00	100.00	resfinder	AB571865	mph(G)	Erythromycin	mph(G)
SRR35815522	/home/user/ww_amr_batch/contigs/SRR35815522.contigs.fa	k141_256191	1192	1986	-	aph(3')-III_1	1-795/795	===============	0/0	100.00	100.00	resfinder	M26832	aph(3')-III	Amikacin;Butirosin;Isepamicin;Kanamycin;Lividomycin;Neomycin;Paromomycin;Ribostamycin	aph(3')-III
SRR35815522	/home/user/ww_amr_batch/contigs/SRR35815522.contigs.fa	k141_265740	588	1385	+	aadA13_1	1-798/798	===============	0/0	100.00	100.00	resfinder	AY713504	aadA13	Spectinomycin;Streptomycin	aadA13
SRR35815522	/home/user/ww_amr_batch/contigs/SRR35815522.contigs.fa	k141_287412	3	770	+	blaAER-1_1	148-915/915	..=============	0/0	83.93	94.14	resfinder	U14748	blaAER-1		blaAER-1
SRR35815522	/home/user/ww_amr_batch/contigs/SRR35815522.contigs.fa	k141_287421	3	629	+	blaAER-1_1	148-774/915	..===========..	0/0	68.52	98.88	resfinder	U14748	blaAER-1		blaAER-1
SRR35815522	/home/user/ww_amr_batch/contigs/SRR35815522.contigs.fa	k141_294770	1495	1959	+	nimA_1	1-465/531	==============.	0/0	87.57	98.92	resfinder	X71444	nimA	Metronidazole	nimA
SRR35815522	/home/user/ww_amr_batch/contigs/SRR35815522.contigs.fa	k141_298892	599	1744	+	blaACT-4_2	1-1146/1146	===============	0/0	100.00	80.02	resfinder	AJ311172	blaACT-4	Amoxicillin;Amoxicillin+Clavulanic_acid;Ampicillin;Ampicillin+Clavulanic_acid;Cefotaxime;Cefoxitin;Ceftazidime;Piperacillin;Piperacillin+Tazobactam;Ticarcillin;Ticarcillin+Clavulanic_acid	blaACT-4
SRR35815522	/home/user/ww_amr_batch/contigs/SRR35815522.contigs.fa	k141_311972	172	999	+	blaOXA-2_1	1-828/828	===============	0/0	100.00	100.00	resfinder	DQ112222	blaOXA-2	Amoxicillin;Amoxicillin+Clavulanic_acid;Ampicillin;Ampicillin+Clavulanic_acid;Ceftazidime;Piperacillin	blaOXA-2
SRR35815522	/home/user/ww_amr_batch/contigs/SRR35815522.contigs.fa	k141_318736	80	612	+	blaOXA-464_1	191-720/762	...=====/======	3/5	69.42	95.51	resfinder	KU721146	blaOXA-464		blaOXA-464
SRR35815522	/home/user/ww_amr_batch/contigs/SRR35815522.contigs.fa	k141_343617	243	479	-	dfrB1_1	1-237/237	===============	0/0	100.00	100.00	resfinder	U36276	dfrB1	Trimethoprim	dfrB1
SRR35815522	/home/user/ww_amr_batch/contigs/SRR35815522.contigs.fa	k141_344008	2744	3628	-	mph(E)_1	1-885/885	===============	0/0	100.00	100.00	resfinder	DQ839391	mph(E)	Erythromycin	mph(E)
SRR35815522	/home/user/ww_amr_batch/contigs/SRR35815522.contigs.fa	k141_344008	3684	5159	-	msr(E)_1	1-1476/1476	===============	0/0	100.00	100.00	resfinder	FR751518	msr(E)	Azithromycin;Erythromycin;Pristinamycin_IA;Quinupristin;Virginiamycin_S	msr(E)
SRR35815522	/home/user/ww_amr_batch/contigs/SRR35815522.contigs.fa	k141_350261	2	701	-	blaFOX-9_1	157-857/1149	.=======/===...	1/1	60.92	94.29	resfinder	JF896803	blaFOX-9	Amoxicillin;Amoxicillin+Clavulanic_acid;Ampicillin;Ampicillin+Clavulanic_acid;Cefotaxime;Cefoxitin;Ceftazidime;Piperacillin;Piperacillin+Tazobactam;Ticarcillin;Ticarcillin+Clavulanic_acid	blaFOX-9
SRR35815522	/home/user/ww_amr_batch/contigs/SRR35815522.contigs.fa	k141_350504	1356	2321	-	cfxA3_1	1-966/966	===============	0/0	100.00	99.90	resfinder	AF472622	cfxA3	Ampicillin	cfxA3
SRR35815522	/home/user/ww_amr_batch/contigs/SRR35815522.contigs.fa	k141_351243	1385	2572	+	tet(39)_2	1-1188/1188	===============	0/0	100.00	99.92	resfinder	CP044518	tet(39)	Doxycycline;Tetracycline;Tigecycline	tet(39)
SRR35815522	/home/user/ww_amr_batch/contigs/SRR35815522.contigs.fa	k141_352337	2909	3703	-	blaOXA-427_1	1-795/795	===============	0/0	100.00	98.99	resfinder	KX827604	blaOXA-427	Amoxicillin;Ampicillin;Aztreonam;Cefepime;Ceftazidime;Ertapenem;Imipenem;Meropenem;Piperacillin;Piperacillin+Tazobactam;Temocillin	blaOXA-427
SRR35815522	/home/user/ww_amr_batch/contigs/SRR35815522.contigs.fa	k141_364632	584	1066	-	dfrA14_5	1-483/483	===============	0/0	100.00	99.59	resfinder	DQ388123	dfrA14	Trimethoprim	dfrA14
SRR35815522	/home/user/ww_amr_batch/contigs/SRR35815522.contigs.fa	k141_364632	1092	1896	-	ant(3'')-Ia_1	168-972/972	..=============	0/0	82.82	99.50	resfinder	X02340	ant(3'')-Ia	Streptomycin	ant(3'')-Ia
SRR35815522	/home/user/ww_amr_batch/contigs/SRR35815522.contigs.fa	k141_364632	2465	3295	-	blaOXA-4_1	1-831/831	===============	0/0	100.00	100.00	resfinder	AY162283	blaOXA-4		blaOXA-4
SRR35815522	/home/user/ww_amr_batch/contigs/SRR35815522.contigs.fa	k141_372422	1682	2326	+	qnrB19_1	1-645/645	===============	0/0	100.00	100.00	resfinder	EU432277	qnrB19	Ciprofloxacin	qnrB19
SRR35815522	/home/user/ww_amr_batch/contigs/SRR35815522.contigs.fa	k141_376837	1043	2179	-	blaMOX-6_1	16-1152/1152	========/======	2/2	98.61	97.80	resfinder	GQ152601	blaMOX-6		blaMOX-6
SRR35815522	/home/user/ww_amr_batch/contigs/SRR35815522.contigs.fa	k141_381636	3	601	-	blaOXA-296_1	1-599/855	===========....	0/0	70.06	95.49	resfinder	APOH01000009	blaOXA-296		blaOXA-296
SRR35815522	/home/user/ww_amr_batch/contigs/SRR35815522.contigs.fa	k141_387958	130	975	+	aadA16_1	1-846/846	===============	0/0	100.00	99.17	resfinder	EU675686	aadA16	Spectinomycin;Streptomycin	aadA16
SRR35815522	/home/user/ww_amr_batch/contigs/SRR35815522.contigs.fa	k141_393842	692	1426	-	erm(G)_1	1-735/735	===============	0/0	100.00	99.46	resfinder	M15332	erm(G)	Clindamycin;Erythromycin;Lincomycin;Pristinamycin_IA;Quinupristin;Virginiamycin_S	erm(G)
SRR35815522	/home/user/ww_amr_batch/contigs/SRR35815522.contigs.fa	k141_396639	1689	3608	-	tet(32)_2	1-1920/1920	===============	0/0	100.00	99.90	resfinder	EF626943	tet(32)	Doxycycline;Minocycline;Tetracycline	tet(32)
SRR35815522	/home/user/ww_amr_batch/contigs/SRR35815522.contigs.fa	k141_400736	468	1262	-	blaOXA-427_1	1-795/795	===============	0/0	100.00	86.04	resfinder	KX827604	blaOXA-427	Amoxicillin;Ampicillin;Aztreonam;Cefepime;Ceftazidime;Ertapenem;Imipenem;Meropenem;Piperacillin;Piperacillin+Tazobactam;Temocillin	blaOXA-427
SRR35815522	/home/user/ww_amr_batch/contigs/SRR35815522.contigs.fa	k141_413771	1368	2243	-	blaKLUC-2_1	1-876/876	===============	0/0	100.00	99.89	resfinder	EF057432	blaKLUC-2	Amoxicillin;Ampicillin;Aztreonam;Cefepime;Cefotaxime;Ceftazidime;Ceftriaxone;Piperacillin;Ticarcillin	blaKLUC-2
SRR35815522	/home/user/ww_amr_batch/contigs/SRR35815522.contigs.fa	k141_427442	344	969	-	aadA7_1	173-798/798	...============	0/0	78.45	98.88	resfinder	AF224733	aadA7	Spectinomycin;Streptomycin	aadA7
SRR35815522	/home/user/ww_amr_batch/contigs/SRR35815522.contigs.fa	k141_433011	1027	1902	-	blaPLA1a_1	1-876/876	===============	0/0	100.00	94.29	resfinder	AY302757	blaPLA1a	Amoxicillin;Ampicillin;Ticarcillin	blaPLA1a
SRR35815522	/home/user/ww_amr_batch/contigs/SRR35815522.contigs.fa	k141_445659	206	994	+	aadA5_1	1-789/789	===============	0/0	100.00	99.62	resfinder	AF137361	aadA5	Spectinomycin;Streptomycin	aadA5
SRR35815522	/home/user/ww_amr_batch/contigs/SRR35815522.contigs.fa	k141_459530	155	649	-	lnu(C)_1	1-495/495	===============	0/0	100.00	99.19	resfinder	AY928180	lnu(C)	Lincomycin	lnu(C)
SRR35815522	/home/user/ww_amr_batch/contigs/SRR35815522.contigs.fa	k141_461160	1	790	-	ant(6)-Ia_2	1-790/864	==============.	0/0	91.44	100.00	resfinder	KF421157	ant(6)-Ia	Streptomycin	ant(6)-Ia
SRR35815522	/home/user/ww_amr_batch/contigs/SRR35815522.contigs.fa	k141_465922	8797	10716	-	tet(W)_5	1-1920/1920	===============	0/0	100.00	99.74	resfinder	AJ427422	tet(W)	Doxycycline;Minocycline;Tetracycline	tet(W)
SRR35815522	/home/user/ww_amr_batch/contigs/SRR35815522.contigs.fa	k141_468727	9745	11664	+	tet(M)_7	1-1920/1920	===============	0/0	100.00	100.00	resfinder	FN433596	tet(M)	Doxycycline;Minocycline;Tetracycline	tet(M)
SRR35815522	/home/user/ww_amr_batch/contigs/SRR35815522.contigs.fa	k141_469470	1081	1884	-	lnu(B)_2	1-804/804	===============	0/0	100.00	98.26	resfinder	JQ861959	lnu(B)	Clindamycin;Lincomycin	lnu(B)
SRR35815522	/home/user/ww_amr_batch/contigs/SRR35815522.contigs.fa	k141_469470	1938	3422	-	lsa(E)_1	1-1485/1485	===============	0/0	100.00	97.98	resfinder	JX560992	lsa(E)	Clindamycin;Dalfopristin;Lincomycin;Pristinamycin_IIA;Tiamulin;Virginiamycin_M	lsa(E)
SRR35815522	/home/user/ww_amr_batch/contigs/SRR35815522.contigs.fa	k141_472805	542	994	+	ARR-8_1	1-453/453	===============	0/0	100.00	99.56	resfinder	KC199968	ARR-8	Rifampicin	ARR-8
SRR35815522	/home/user/ww_amr_batch/contigs/SRR35815522.contigs.fa	k141_478462	2046	3154	-	blaCMY-8b_1	39-1144/1149	========/======	1/3	96.26	82.60	resfinder	DQ094251	blaCMY-8b	Amoxicillin;Amoxicillin+Clavulanic_acid;Ampicillin;Ampicillin+Clavulanic_acid;Cefotaxime;Cefoxitin;Ceftazidime;Piperacillin;Piperacillin+Tazobactam;Ticarcillin;Ticarcillin+Clavulanic_acid	blaCMY-8b
SRR35815522	/home/user/ww_amr_batch/contigs/SRR35815522.contigs.fa	k141_480491	284	817	+	ant(2'')-Ia_1	1-534/534	===============	0/0	100.00	100.00	resfinder	X04555	ant(2'')-Ia	Gentamicin;Tobramycin	ant(2'')-Ia
SRR35815522	/home/user/ww_amr_batch/contigs/SRR35815522.contigs.fa	k141_501067	2896	3698	+	blaOXA-333_1	1-803/825	===============	0/0	97.33	96.89	resfinder	KF203107	blaOXA-333		blaOXA-333
SRR35815522	/home/user/ww_amr_batch/contigs/SRR35815522.contigs.fa	k141_510957	2042	2461	+	fosA_2	1-420/420	===============	0/0	100.00	92.14	resfinder	AGDM01000012	fosA	Fosfomycin	fosA
SRR35815522	/home/user/ww_amr_batch/contigs/SRR35815522.contigs.fa	k141_51268	186	842	-	qnrVC4_1	1-657/657	===============	0/0	100.00	100.00	resfinder	GQ891757	qnrVC4	Ciprofloxacin	qnrVC4
SRR35815522	/home/user/ww_amr_batch/contigs/SRR35815522.contigs.fa	k141_532470	2335	3330	-	cfxA6_1	1-996/996	===============	0/0	100.00	99.50	resfinder	GQ342996	cfxA6		cfxA6
SRR35815522	/home/user/ww_amr_batch/contigs/SRR35815522.contigs.fa	k141_534059	3	902	-	blaVEB-3_1	1-900/900	===============	0/0	100.00	100.00	resfinder	AY536519	blaVEB-3		blaVEB-3
SRR35815522	/home/user/ww_amr_batch/contigs/SRR35815522.contigs.fa	k141_534059	2013	2879	+	sul1_5	1-867/867	===============	0/0	100.00	99.89	resfinder	EU780013	sul1	Sulfamethoxazole	sul1
SRR35815522	/home/user/ww_amr_batch/contigs/SRR35815522.contigs.fa	k141_558107	625	1491	+	ant(6)-Ia_3	1-867/867	===============	0/0	100.00	100.00	resfinder	KF864551	ant(6)-Ia	Streptomycin	ant(6)-Ia
SRR35815522	/home/user/ww_amr_batch/contigs/SRR35815522.contigs.fa	k141_565240	1068	1895	+	blaOXA-72_1	1-828/828	===============	0/0	100.00	100.00	resfinder	AY739646	blaOXA-72		blaOXA-72
SRR35815522	/home/user/ww_amr_batch/contigs/SRR35815522.contigs.fa	k141_578471	1	642	+	blaOXA-101_1	160-801/801	..=============	0/0	80.15	99.84	resfinder	AM412777	blaOXA-101	Amoxicillin;Ampicillin	blaOXA-101
SRR35815522	/home/user/ww_amr_batch/contigs/SRR35815522.contigs.fa	k141_581838	142	639	+	dfrA12_8	1-498/498	===============	0/0	100.00	100.00	resfinder	AM040708	dfrA12	Trimethoprim	dfrA12
SRR35815522	/home/user/ww_amr_batch/contigs/SRR35815522.contigs.fa	k141_588164	1618	2864	-	tet(A)_6	1-1247/1275	===============	0/0	97.80	99.92	resfinder	AF534183	tet(A)	Doxycycline;Tetracycline	tet(A)
SRR35815522	/home/user/ww_amr_batch/contigs/SRR35815522.contigs.fa	k141_591165	1718	2644	+	blaPER-4_1	1-927/927	===============	0/0	100.00	100.00	resfinder	EU748544	blaPER-4	Amoxicillin;Amoxicillin+Clavulanic_acid;Ampicillin;Ampicillin+Clavulanic_acid;Aztreonam;Cefepime;Cefotaxime;Cefoxitin;Ceftazidime;Piperacillin;Piperacillin+Tazobactam;Ticarcillin;Ticarcillin+Clavulanic_acid	blaPER-4
SRR35815522	/home/user/ww_amr_batch/contigs/SRR35815522.contigs.fa	k141_597049	117	606	-	ARR-3_4	54-543/543	.==============	0/0	90.24	99.39	resfinder	FM207631	ARR-3	Rifampicin	ARR-3
SRR35815522	/home/user/ww_amr_batch/contigs/SRR35815522.contigs.fa	k141_598166	1	520	-	blaOXA-21_1	1-520/828	==========.....	0/0	62.80	99.61	resfinder	AB626885	blaOXA-21		blaOXA-21
SRR35815522	/home/user/ww_amr_batch/contigs/SRR35815522.contigs.fa	k141_598166	590	1144	-	aac(6')-IIa_1	1-555/555	===============	0/0	100.00	99.64	resfinder	M29695	aac(6')-IIa	Dibekacin;Gentamicin;Netilmicin;Sisomicin;Tobramycin	aac(6')-IIa
SRR35815522	/home/user/ww_amr_batch/contigs/SRR35815522.contigs.fa	k141_635622	1	529	-	blaOXA-490_1	202-730/762	...============	0/0	69.42	82.23	resfinder	KU721147	blaOXA-490		blaOXA-490
SRR35815522	/home/user/ww_amr_batch/contigs/SRR35815522.contigs.fa	k141_643623	2	778	+	blaCMY-8b_1	364-1131/1149	....====/======	4/11	66.75	80.08	resfinder	DQ094251	blaCMY-8b	Amoxicillin;Amoxicillin+Clavulanic_acid;Ampicillin;Ampicillin+Clavulanic_acid;Cefotaxime;Cefoxitin;Ceftazidime;Piperacillin;Piperacillin+Tazobactam;Ticarcillin;Ticarcillin+Clavulanic_acid	blaCMY-8b
SRR35815522	/home/user/ww_amr_batch/contigs/SRR35815522.contigs.fa	k141_647476	7576	8112	+	catS_1	1-537/537	===============	0/0	100.00	98.70	resfinder	X74948	catS	Chloramphenicol	catS
SRR35815522	/home/user/ww_amr_batch/contigs/SRR35815522.contigs.fa	k141_672	2419	3862	+	msr(D)_3	1-1444/1464	===============	0/0	98.63	93.97	resfinder	AF227520	msr(D)	Azithromycin;Erythromycin;Pristinamycin_IA;Quinupristin;Telithromycin;Virginiamycin_S	msr(D)
SRR35815522	/home/user/ww_amr_batch/contigs/SRR35815522.contigs.fa	k141_672	4111	4845	+	erm(G)_1	1-735/735	===============	0/0	100.00	96.60	resfinder	M15332	erm(G)	Clindamycin;Erythromycin;Lincomycin;Pristinamycin_IA;Quinupristin;Virginiamycin_S	erm(G)
SRR35815522	/home/user/ww_amr_batch/contigs/SRR35815522.contigs.fa	k141_673335	2795	4234	+	aac(6')-aph(2'')_1	1-1440/1440	===============	0/0	100.00	100.00	resfinder	M13771	aac(6')-aph(2'')	Amikacin;Dibekacin;Fortimicin;Gentamicin;Isepamicin;Kanamycin;Netilmicin;Streptomycin;Tobramycin	aac(6')-aph(2'')
SRR35815522	/home/user/ww_amr_batch/contigs/SRR35815522.contigs.fa	k141_687439	237	1037	-	blaOXA-10_1	1-801/801	===============	0/0	100.00	99.62	resfinder	J03427	blaOXA-10	Amoxicillin;Ampicillin;Aztreonam;Piperacillin;Piperacillin+Tazobactam	blaOXA-10
SRR35815522	/home/user/ww_amr_batch/contigs/SRR35815522.contigs.fa	k141_687439	1302	2615	-	CmlA7_1	1-1314/1314	===============	0/0	100.00	100.00	resfinder	JQ639792	CmlA7	Chloramphenicol	CmlA7
SRR35815522	/home/user/ww_amr_batch/contigs/SRR35815522.contigs.fa	k141_690523	4029	4430	-	fosA2_1	1-402/426	===============	0/0	94.37	87.81	resfinder	EU487198	fosA2	Fosfomycin	fosA2
SRR35815522	/home/user/ww_amr_batch/contigs/SRR35815522.contigs.fa	k141_6923	1	544	-	blaOXA-296_1	1-544/855	==========.....	0/0	63.63	97.98	resfinder	APOH01000009	blaOXA-296		blaOXA-296
SRR35815522	/home/user/ww_amr_batch/contigs/SRR35815522.contigs.fa	k141_692849	236	1453	+	mef(A)_4	1-1218/1218	===============	0/0	100.00	98.19	resfinder	HG423652	mef(A)	Azithromycin;Erythromycin	mef(A)
SRR35815522	/home/user/ww_amr_batch/contigs/SRR35815522.contigs.fa	k141_695819	210	1070	+	aac(3)-IId_1	1-861/861	===============	0/0	100.00	99.88	resfinder	EU022314	aac(3)-IId	Apramycin;Dibekacin;Gentamicin;Netilmicin;Sisomicin;Tobramycin	aac(3)-IId
SRR35815522	/home/user/ww_amr_batch/contigs/SRR35815522.contigs.fa	k141_696365	1769	2425	+	qnrVC1_1	1-657/657	===============	0/0	100.00	100.00	resfinder	EU436855	qnrVC1	Ciprofloxacin	qnrVC1
SRR35815522	/home/user/ww_amr_batch/contigs/SRR35815522.contigs.fa	k141_714154	3600	4521	-	mph(A)_2	1-921/921	========/======	1/1	100.00	99.67	resfinder	U36578	mph(A)	Azithromycin;Erythromycin;Spiramycin;Telithromycin	mph(A)
SRR35815522	/home/user/ww_amr_batch/contigs/SRR35815522.contigs.fa	k141_717613	89	1182	+	mef(A)_3	1-1094/1218	==============.	0/0	89.82	95.06	resfinder	AF227520	mef(A)	Azithromycin;Erythromycin	mef(A)
SRR35815522	/home/user/ww_amr_batch/contigs/SRR35815522.contigs.fa	k141_727597	60	536	-	cphA4_1	285-762/765	.....===/======	1/1	62.35	95.19	resfinder	AY227050	cphA4		cphA4
SRR35815522	/home/user/ww_amr_batch/contigs/SRR35815522.contigs.fa	k141_748354	1	534	+	blaOXA-280_1	207-740/828	...===========.	0/0	64.49	98.50	resfinder	APPZ01000001	blaOXA-280		blaOXA-280
SRR35815522	/home/user/ww_amr_batch/contigs/SRR35815522.contigs.fa	k141_755285	69	1211	-	blaACT-4_2	4-1146/1146	===============	0/0	99.74	80.05	resfinder	AJ311172	blaACT-4	Amoxicillin;Amoxicillin+Clavulanic_acid;Ampicillin;Ampicillin+Clavulanic_acid;Cefotaxime;Cefoxitin;Ceftazidime;Piperacillin;Piperacillin+Tazobactam;Ticarcillin;Ticarcillin+Clavulanic_acid	blaACT-4
SRR35815522	/home/user/ww_amr_batch/contigs/SRR35815522.contigs.fa	k141_770742	628	2586	+	tetB(P)_1	1-1959/1959	===============	0/0	100.00	98.72	resfinder	NC_010937	tetB(P)	Doxycycline;Minocycline;Tetracycline	tetB(P)
SRR35815522	/home/user/ww_amr_batch/contigs/SRR35815522.contigs.fa	k141_775488	706	1254	+	aac(6')-Ii_1	1-549/549	===============	0/0	100.00	99.82	resfinder	L12710	aac(6')-Ii	Dibekacin;Gentamicin;Netilmicin;Sisomicin;Tobramycin	aac(6')-Ii
SRR35815522	/home/user/ww_amr_batch/contigs/SRR35815522.contigs.fa	k141_780412	17655	18498	+	blaTER-2_1	1-844/855	===============	0/0	98.71	99.29	resfinder	FJ263090	blaTER-2		blaTER-2
SRR35815522	/home/user/ww_amr_batch/contigs/SRR35815522.contigs.fa	k141_785668	2139	2622	+	aac(3)-Ia_1	51-534/534	.==============	0/0	90.64	97.73	resfinder	X15852	aac(3)-Ia	Astromicin;Fortimicin;Gentamicin	aac(3)-Ia
SRR35815522	/home/user/ww_amr_batch/contigs/SRR35815522.contigs.fa	k141_789356	588	1754	+	tet(X)_2	1-1167/1167	===============	0/0	100.00	99.91	resfinder	M37699	tet(X)	Doxycycline;Minocycline;Tetracycline;Tigecycline	tet(X)
SRR35815522	/home/user/ww_amr_batch/contigs/SRR35815522.contigs.fa	k141_789356	1967	2767	-	erm(F)_3	1-801/801	===============	0/0	100.00	100.00	resfinder	M17808	erm(F)	Clindamycin;Erythromycin;Lincomycin;Pristinamycin_IA;Quinupristin;Virginiamycin_S	erm(F)
SRR35815522	/home/user/ww_amr_batch/contigs/SRR35815522.contigs.fa	k141_789657	270	1049	+	aph(3')-VIb_1	1-780/780	===============	0/0	100.00	100.00	resfinder	AJ627643	aph(3')-VIb	Amikacin;Butirosin;Gentamicin;Kanamycin;Neomycin;Paromomycin;Ribostamycin	aph(3')-VIb
SRR35815522	/home/user/ww_amr_batch/contigs/SRR35815522.contigs.fa	k141_797115	372	1232	-	blaTEM-1B_1	1-861/861	===============	0/0	100.00	100.00	resfinder	AY458016	blaTEM-1B	Amoxicillin;Ampicillin;Cephalothin;Piperacillin;Ticarcillin	blaTEM-1B
SRR35815522	/home/user/ww_amr_batch/contigs/SRR35815522.contigs.fa	k141_802355	420	1202	-	blaLCR-1_1	1-783/783	===============	0/0	100.00	99.36	resfinder	X56809	blaLCR-1		blaLCR-1
SRR35815522	/home/user/ww_amr_batch/contigs/SRR35815522.contigs.fa	k141_808502	106	525	-	fosA_2	1-420/420	===============	0/0	100.00	92.38	resfinder	AGDM01000012	fosA	Fosfomycin	fosA
SRR35815522	/home/user/ww_amr_batch/contigs/SRR35815522.contigs.fa	k141_809150	1062	2237	+	OqxA_1	1-1176/1176	========/======	2/6	99.74	85.58	resfinder	EU370913	OqxA	Chloramphenicol;Ciprofloxacin;Nalidixic_acid;Trimethoprim	OqxA
SRR35815522	/home/user/ww_amr_batch/contigs/SRR35815522.contigs.fa	k141_809150	2262	5381	+	OqxB_1	1-3120/3153	===============	0/0	98.95	88.24	resfinder	EU370913	OqxB	Chloramphenicol;Ciprofloxacin;Nalidixic_acid;Trimethoprim	OqxB
SRR35815522	/home/user/ww_amr_batch/contigs/SRR35815522.contigs.fa	k141_822635	639	2558	+	tet(M)_8	1-1920/1920	===============	0/0	100.00	99.84	resfinder	X04388	tet(M)	Doxycycline;Minocycline;Tetracycline	tet(M)
SRR35815522	/home/user/ww_amr_batch/contigs/SRR35815522.contigs.fa	k141_828325	2	910	+	blaFOX-5_1	241-1149/1149	...============	0/0	79.11	86.91	resfinder	AY007369	blaFOX-5	Amoxicillin;Amoxicillin+Clavulanic_acid;Ampicillin;Ampicillin+Clavulanic_acid;Cefotaxime;Cefoxitin;Ceftazidime;Piperacillin;Piperacillin+Tazobactam;Ticarcillin;Ticarcillin+Clavulanic_acid	blaFOX-5
SRR35815522	/home/user/ww_amr_batch/contigs/SRR35815522.contigs.fa	k141_82879	1	1137	+	msr(D)_3	328-1464/1464	...============	0/0	77.66	91.56	resfinder	AF227520	msr(D)	Azithromycin;Erythromycin;Pristinamycin_IA;Quinupristin;Telithromycin;Virginiamycin_S	msr(D)
SRR35815522	/home/user/ww_amr_batch/contigs/SRR35815522.contigs.fa	k141_8376	2612	3106	-	lnu(D)_1	1-495/495	===============	0/0	100.00	83.64	resfinder	EF452177	lnu(D)	Lincomycin	lnu(D)
SRR35815522	/home/user/ww_amr_batch/contigs/SRR35815522.contigs.fa	k141_837733	61	839	-	aph(2'')-Ib_3	122-900/900	..=============	0/0	86.56	98.59	resfinder	KF652098	aph(2'')-Ib	Amikacin;Gentamicin;Kanamycin;Tobramycin	aph(2'')-Ib
SRR35815522	/home/user/ww_amr_batch/contigs/SRR35815522.contigs.fa	k141_84576	1	573	-	blaOXA-491_1	1-567/762	========/===...	1/6	74.41	80.45	resfinder	KU721148	blaOXA-491		blaOXA-491
SRR35815522	/home/user/ww_amr_batch/contigs/SRR35815522.contigs.fa	k141_846648	752	1660	-	mph(N)_1	1-909/909	===============	0/0	100.00	95.60	resfinder	KF648874	mph(N)	Erythromycin	mph(N)
SRR35815522	/home/user/ww_amr_batch/contigs/SRR35815522.contigs.fa	k141_848049	154	1005	-	blaBEL-1_1	1-852/852	===============	0/0	100.00	100.00	resfinder	DQ089809	blaBEL-1	Amoxicillin;Amoxicillin+Clavulanic_acid;Ampicillin;Ampicillin+Clavulanic_acid;Cefotaxime;Cefoxitin;Ceftazidime;Piperacillin;Piperacillin+Tazobactam;Ticarcillin;Ticarcillin+Clavulanic_acid	blaBEL-1
SRR35815522	/home/user/ww_amr_batch/contigs/SRR35815522.contigs.fa	k141_848049	1108	1891	-	aadA2_1	36-819/819	===============	0/0	95.73	100.00	resfinder	NC_010870	aadA2	Spectinomycin;Streptomycin	aadA2
SRR35815522	/home/user/ww_amr_batch/contigs/SRR35815522.contigs.fa	k141_860864	482	1270	+	aadA14_1	1-786/786	========/======	1/3	100.00	80.73	resfinder	AJ884726	aadA14	Spectinomycin;Streptomycin	aadA14
SRR35815522	/home/user/ww_amr_batch/contigs/SRR35815522.contigs.fa	k141_862397	262	1047	+	ampS_1	1-786/795	===============	0/0	98.87	94.66	resfinder	X80276	ampS		ampS
SRR35815522	/home/user/ww_amr_batch/contigs/SRR35815522.contigs.fa	k141_868306	289	2214	-	tet(Q)_1	1-1926/1926	===============	0/0	100.00	99.64	resfinder	L33696	tet(Q)	Doxycycline;Minocycline;Tetracycline	tet(Q)
SRR35815522	/home/user/ww_amr_batch/contigs/SRR35815522.contigs.fa	k141_875988	173	940	-	blaOXA-491_1	1-762/762	========/======	3/10	99.74	80.00	resfinder	KU721148	blaOXA-491		blaOXA-491
SRR35815522	/home/user/ww_amr_batch/contigs/SRR35815522.contigs.fa	k141_889060	372	1166	+	blaOXA-427_1	1-795/795	===============	0/0	100.00	86.54	resfinder	KX827604	blaOXA-427	Amoxicillin;Ampicillin;Aztreonam;Cefepime;Ceftazidime;Ertapenem;Imipenem;Meropenem;Piperacillin;Piperacillin+Tazobactam;Temocillin	blaOXA-427
SRR35815522	/home/user/ww_amr_batch/contigs/SRR35815522.contigs.fa	k141_891432	38	561	+	blaOXA-392_1	1-524/831	==========.....	0/0	63.06	100.00	resfinder	AB901044	blaOXA-392		blaOXA-392
SRR35815522	/home/user/ww_amr_batch/contigs/SRR35815522.contigs.fa	k141_893989	359	853	+	lnu(D)_1	1-495/495	===============	0/0	100.00	83.84	resfinder	EF452177	lnu(D)	Lincomycin	lnu(D)
SRR35815522	/home/user/ww_amr_batch/contigs/SRR35815522.contigs.fa	k141_895830	107	943	-	aph(6)-Id_1	1-837/837	===============	0/0	100.00	100.00	resfinder	M28829	aph(6)-Id	Streptomycin	aph(6)-Id
SRR35815522	/home/user/ww_amr_batch/contigs/SRR35815522.contigs.fa	k141_895830	943	1745	-	aph(3'')-Ib_2	2-804/804	===============	0/0	99.88	100.00	resfinder	AF024602	aph(3'')-Ib	Streptomycin	aph(3'')-Ib
SRR35815522	/home/user/ww_amr_batch/contigs/SRR35815522.contigs.fa	k141_896576	561	1820	+	ere(B)_2	1-1260/1260	===============	0/0	100.00	87.30	resfinder	X03988	ere(B)	Azithromycin;Erythromycin	ere(B)
SRR35815522	/home/user/ww_amr_batch/contigs/SRR35815522.contigs.fa	k141_903602	752	1411	+	catQ_1	1-660/660	===============	0/0	100.00	99.70	resfinder	M55620	catQ	Chloramphenicol	catQ
SRR35815522	/home/user/ww_amr_batch/contigs/SRR35815522.contigs.fa	k141_918035	427	1004	+	mph(G)_1	1-578/885	==========.....	0/0	65.31	89.45	resfinder	AB571865	mph(G)	Erythromycin	mph(G)
SRR35815522	/home/user/ww_amr_batch/contigs/SRR35815522.contigs.fa	k141_920024	1101	1949	+	str_1	1-849/849	===============	0/0	100.00	100.00	resfinder	X92946	str	Streptomycin	str
SRR35815522	/home/user/ww_amr_batch/contigs/SRR35815522.contigs.fa	k141_921018	211	1830	+	mcr-9.1_1	1-1620/1620	===============	0/0	100.00	99.94	resfinder	MK070339	mcr-9.1	Colistin	mcr-9.1
SRR35815522	/home/user/ww_amr_batch/contigs/SRR35815522.contigs.fa	k141_92160	14616	15833	-	tet(E)_3	1-1218/1218	===============	0/0	100.00	99.26	resfinder	CP000645	tet(E)	Doxycycline;Tetracycline	tet(E)
SRR35815522	/home/user/ww_amr_batch/contigs/SRR35815522.contigs.fa	k141_921846	1351	1942	-	qnrS10_1	66-657/657	.==============	0/0	90.11	100.00	resfinder	JN836269	qnrS10	Ciprofloxacin	qnrS10
SRR35815522	/home/user/ww_amr_batch/contigs/SRR35815522.contigs.fa	k141_925887	1380	2543	+	tmexC3_1	1-1164/1164	===============	0/0	100.00	99.66	resfinder	LC633285	tmexC3	Doxycycline;Minocycline;Tetracycline;Tigecycline	tmexC3
SRR35815522	/home/user/ww_amr_batch/contigs/SRR35815522.contigs.fa	k141_925887	2559	5693	+	tmexD3_1	1-3135/3135	===============	0/0	100.00	99.65	resfinder	LC633285	tmexD3	Doxycycline;Minocycline;Tetracycline;Tigecycline	tmexD3
SRR35815522	/home/user/ww_amr_batch/contigs/SRR35815522.contigs.fa	k141_925887	5698	7131	+	TOprJ3_1	1-1434/1434	===============	0/0	100.00	100.00	resfinder	LC633285	TOprJ3	Doxycycline;Minocycline;Tetracycline;Tigecycline	TOprJ3
SRR35815522	/home/user/ww_amr_batch/contigs/SRR35815522.contigs.fa	k141_927261	158	731	-	dfrA7_5	1-570/570	========/======	3/4	100.00	97.04	resfinder	AJ419170	dfrA7	Trimethoprim	dfrA7
SRR35815522	/home/user/ww_amr_batch/contigs/SRR35815522.contigs.fa	k141_931550	139	923	+	blaOXA-205_1	1-785/801	===============	0/0	98.00	99.11	resfinder	JF800667	blaOXA-205	Amoxicillin;Ampicillin;Piperacillin	blaOXA-205
SRR35815522	/home/user/ww_amr_batch/contigs/SRR35815522.contigs.fa	k141_932918	87	560	-	dfrA1_8	1-474/474	===============	0/0	100.00	100.00	resfinder	X00926	dfrA1	Trimethoprim	dfrA1
SRR35815522	/home/user/ww_amr_batch/contigs/SRR35815522.contigs.fa	k141_938400	196	1416	+	tet(40)_1	1-1221/1221	===============	0/0	100.00	99.92	resfinder	FJ158002	tet(40)	Doxycycline;Tetracycline	tet(40)
SRR35815522	/home/user/ww_amr_batch/contigs/SRR35815522.contigs.fa	k141_955257	301	957	+	qnrS2_1	1-657/657	===============	0/0	100.00	100.00	resfinder	DQ485530	qnrS2	Ciprofloxacin	qnrS2
SRR35815522	/home/user/ww_amr_batch/contigs/SRR35815522.contigs.fa	k141_959017	6417	7592	+	OqxA_1	1-1176/1176	========/======	2/6	99.74	83.46	resfinder	EU370913	OqxA	Chloramphenicol;Ciprofloxacin;Nalidixic_acid;Trimethoprim	OqxA
SRR35815522	/home/user/ww_amr_batch/contigs/SRR35815522.contigs.fa	k141_960635	113	349	+	dfrB4_1	1-237/237	===============	0/0	100.00	100.00	resfinder	AJ429132	dfrB4	Trimethoprim	dfrB4
SRR35815522	/home/user/ww_amr_batch/contigs/SRR35815522.contigs.fa	k141_963847	238	1062	+	blaOXA-373_1	1-825/825	===============	0/0	100.00	95.88	resfinder	HG931732	blaOXA-373		blaOXA-373
SRR35815522	/home/user/ww_amr_batch/contigs/SRR35815522.contigs.fa	k141_965831	1087	1731	+	qnrD1_1	1-645/645	===============	0/0	100.00	100.00	resfinder	FJ228229	qnrD1	Ciprofloxacin	qnrD1
SRR35815522	/home/user/ww_amr_batch/contigs/SRR35815522.contigs.fa	k141_97659	6342	6830	-	dfrA3_1	1-489/489	========/======	2/2	99.80	87.96	resfinder	J03306	dfrA3	Trimethoprim	dfrA3
SRR35815522	/home/user/ww_amr_batch/contigs/SRR35815522.contigs.fa	k141_978589	439	1071	+	catB3_2	1-633/633	===============	0/0	100.00	100.00	resfinder	U13880	catB3	Chloramphenicol	catB3
SRR35815522	/home/user/ww_amr_batch/contigs/SRR35815522.contigs.fa	k141_989419	738	1116	+	catP_1	1-379/624	==========.....	0/0	60.74	100.00	resfinder	U15027	catP	Chloramphenicol	catP
SRR35815523	/home/user/ww_amr_batch/contigs/SRR35815523.contigs.fa	k141_151212	1	625	-	mph(G)_1	244-868/885	....===========	0/0	70.62	92.32	resfinder	AB571865	mph(G)	Erythromycin	mph(G)
SRR35815523	/home/user/ww_amr_batch/contigs/SRR35815523.contigs.fa	k141_151928	729	2654	+	tet(Q)_1	1-1926/1926	===============	0/0	100.00	99.17	resfinder	L33696	tet(Q)	Doxycycline;Minocycline;Tetracycline	tet(Q)
SRR35815523	/home/user/ww_amr_batch/contigs/SRR35815523.contigs.fa	k141_155445	200	940	-	blaIMP-33_1	1-741/741	===============	0/0	100.00	99.86	resfinder	JN848782	blaIMP-33	Amoxicillin;Amoxicillin+Clavulanic_acid;Ampicillin;Ampicillin+Clavulanic_acid;Cefepime;Cefixime;Cefotaxime;Cefoxitin;Ceftazidime;Ertapenem;Imipenem;Meropenem;Piperacillin;Piperacillin+Tazobactam	blaIMP-33
SRR35815523	/home/user/ww_amr_batch/contigs/SRR35815523.contigs.fa	k141_241579	1	1349	-	tet(W)_3	1-1349/1920	===========....	0/0	70.26	99.56	resfinder	AJ427421	tet(W)	Doxycycline;Minocycline;Tetracycline	tet(W)
SRR35815523	/home/user/ww_amr_batch/contigs/SRR35815523.contigs.fa	k141_259647	1	399	+	catB3_2	235-633/633	.....==========	0/0	63.03	100.00	resfinder	U13880	catB3	Chloramphenicol	catB3
SRR35815523	/home/user/ww_amr_batch/contigs/SRR35815523.contigs.fa	k141_309028	1	630	-	blaOXA-20_2	27-657/801	========/====..	1/1	78.65	84.94	resfinder	AF024602	blaOXA-20	Amoxicillin;Amoxicillin+Clavulanic_acid;Ampicillin;Ampicillin+Clavulanic_acid	blaOXA-20
SRR35815523	/home/user/ww_amr_batch/contigs/SRR35815523.contigs.fa	k141_332169	111	1087	+	cfxA6_1	1-977/996	===============	0/0	98.09	96.93	resfinder	GQ342996	cfxA6		cfxA6
SRR35815523	/home/user/ww_amr_batch/contigs/SRR35815523.contigs.fa	k141_343503	96	896	-	erm(F)_3	1-801/801	===============	0/0	100.00	99.88	resfinder	M17808	erm(F)	Clindamycin;Erythromycin;Lincomycin;Pristinamycin_IA;Quinupristin;Virginiamycin_S	erm(F)
SRR35815523	/home/user/ww_amr_batch/contigs/SRR35815523.contigs.fa	k141_37001	330	1132	+	aph(3'')-Ib_2	2-804/804	===============	0/0	99.88	100.00	resfinder	AF024602	aph(3'')-Ib	Streptomycin	aph(3'')-Ib
SRR35815523	/home/user/ww_amr_batch/contigs/SRR35815523.contigs.fa	k141_37001	1132	1968	+	aph(6)-Id_1	1-837/837	===============	0/0	100.00	100.00	resfinder	M28829	aph(6)-Id	Streptomycin	aph(6)-Id
SRR35815523	/home/user/ww_amr_batch/contigs/SRR35815523.contigs.fa	k141_395270	2	453	+	cat_2	173-624/624	....===========	0/0	72.44	97.12	resfinder	M35190	cat	Chloramphenicol	cat
SRR35815523	/home/user/ww_amr_batch/contigs/SRR35815523.contigs.fa	k141_546900	161	991	-	blaOXA-4_1	1-831/831	===============	0/0	100.00	100.00	resfinder	AY162283	blaOXA-4		blaOXA-4
SRR35815523	/home/user/ww_amr_batch/contigs/SRR35815523.contigs.fa	k141_579920	176	977	+	ant(3'')-Ia_1	171-972/972	..=============	0/0	82.51	99.63	resfinder	X02340	ant(3'')-Ia	Streptomycin	ant(3'')-Ia
SRR35815523	/home/user/ww_amr_batch/contigs/SRR35815523.contigs.fa	k141_587284	1	871	+	mef(A)_2	348-1218/1218	....===========	0/0	71.51	96.44	resfinder	U83667	mef(A)	Azithromycin;Erythromycin	mef(A)
SRR35815523	/home/user/ww_amr_batch/contigs/SRR35815523.contigs.fa	k141_605311	428	1204	+	blaOXA-372_1	1-774/774	========/======	1/3	100.00	85.33	resfinder	KJ746496	blaOXA-372	Amoxicillin;Ampicillin;Ertapenem;Imipenem;Meropenem;Temocillin	blaOXA-372
SRR35815523	/home/user/ww_amr_batch/contigs/SRR35815523.contigs.fa	k141_64211	441	2360	-	tet(O)_2	1-1920/1920	===============	0/0	100.00	99.27	resfinder	M20925	tet(O)	Doxycycline;Minocycline;Tetracycline	tet(O)
SRR35815523	/home/user/ww_amr_batch/contigs/SRR35815523.contigs.fa	k141_721185	697	1459	+	erm(B)_18	1-762/762	========/======	1/1	100.00	99.61	resfinder	X66468	erm(B)	Clindamycin;Erythromycin;Lincomycin;Pristinamycin_IA;Quinupristin;Virginiamycin_S	erm(B)
SRR35815523	/home/user/ww_amr_batch/contigs/SRR35815523.contigs.fa	k141_742935	1	783	-	sul2_14	1-783/819	===============	0/0	95.60	100.00	resfinder	AJ514834	sul2	Sulfamethoxazole	sul2
SRR35815523	/home/user/ww_amr_batch/contigs/SRR35815523.contigs.fa	k141_777918	300	1331	-	mef(C)_1	193-1224/1224	..=============	0/0	84.31	94.48	resfinder	AB571865	mef(C)	Erythromycin	mef(C)
SRR35815523	/home/user/ww_amr_batch/contigs/SRR35815523.contigs.fa	k141_80954	60	887	+	blaOXA-2_1	1-828/828	===============	0/0	100.00	97.46	resfinder	DQ112222	blaOXA-2	Amoxicillin;Amoxicillin+Clavulanic_acid;Ampicillin;Ampicillin+Clavulanic_acid;Ceftazidime;Piperacillin	blaOXA-2
SRR35815523	/home/user/ww_amr_batch/contigs/SRR35815523.contigs.fa	k141_820794	1	777	+	blaOXA-119_1	25-801/801	===============	0/0	97.00	97.94	resfinder	DQ767903	blaOXA-119		blaOXA-119
SRR35815523	/home/user/ww_amr_batch/contigs/SRR35815523.contigs.fa	k141_835640	438	1060	-	aadA11_1	224-846/846	...============	0/0	73.64	99.52	resfinder	AY144590	aadA11	Spectinomycin;Streptomycin	aadA11
SRR35815523	/home/user/ww_amr_batch/contigs/SRR35815523.contigs.fa	k141_857903	41	841	-	blaOXA-10_1	1-801/801	===============	0/0	100.00	100.00	resfinder	J03427	blaOXA-10	Amoxicillin;Ampicillin;Aztreonam;Piperacillin;Piperacillin+Tazobactam	blaOXA-10
SRR35815523	/home/user/ww_amr_batch/contigs/SRR35815523.contigs.fa	k141_885869	326	705	+	lnu(C)_1	1-380/495	============...	0/0	76.77	98.68	resfinder	AY928180	lnu(C)	Lincomycin	lnu(C)
SRR35815523	/home/user/ww_amr_batch/contigs/SRR35815523.contigs.fa	k141_932897	255	1097	-	tet(C)_3	349-1191/1191	....===========	0/0	70.78	99.76	resfinder	AF055345	tet(C)	Doxycycline;Tetracycline	tet(C)
SRR35815523	/home/user/ww_amr_batch/contigs/SRR35815523.contigs.fa	k141_936803	880	1620	-	blaIMP-16_1	1-741/741	===============	0/0	100.00	100.00	resfinder	AJ584652	blaIMP-16	Amoxicillin;Amoxicillin+Clavulanic_acid;Ampicillin;Ampicillin+Clavulanic_acid;Cefepime;Cefixime;Cefotaxime;Cefoxitin;Ceftazidime;Ertapenem;Imipenem;Meropenem;Piperacillin;Piperacillin+Tazobactam	blaIMP-16
SRR35815523	/home/user/ww_amr_batch/contigs/SRR35815523.contigs.fa	k141_940233	1	902	-	tet(X)_2	23-924/1167	============...	0/0	77.29	99.67	resfinder	M37699	tet(X)	Doxycycline;Minocycline;Tetracycline;Tigecycline	tet(X)
SRR35815523	/home/user/ww_amr_batch/contigs/SRR35815523.contigs.fa	k141_965713	2647	3531	-	mph(E)_1	1-885/885	===============	0/0	100.00	100.00	resfinder	DQ839391	mph(E)	Erythromycin	mph(E)
SRR35815523	/home/user/ww_amr_batch/contigs/SRR35815523.contigs.fa	k141_965713	3587	5062	-	msr(E)_1	1-1476/1476	===============	0/0	100.00	100.00	resfinder	FR751518	msr(E)	Azithromycin;Erythromycin;Pristinamycin_IA;Quinupristin;Virginiamycin_S	msr(E)
SRR35815523	/home/user/ww_amr_batch/contigs/SRR35815523.contigs.fa	k141_966346	567	1433	+	sul1_5	1-867/867	===============	0/0	100.00	99.89	resfinder	EU780013	sul1	Sulfamethoxazole	sul1
SRR35815524	/home/user/ww_amr_batch/contigs/SRR35815524.contigs.fa	k141_101335	1	497	+	aadA2_1	323-819/819	.....==========	0/0	60.68	99.80	resfinder	NC_010870	aadA2	Spectinomycin;Streptomycin	aadA2
SRR35815524	/home/user/ww_amr_batch/contigs/SRR35815524.contigs.fa	k141_112714	828	1712	-	mph(G)_1	1-885/885	===============	0/0	100.00	89.49	resfinder	AB571865	mph(G)	Erythromycin	mph(G)
SRR35815524	/home/user/ww_amr_batch/contigs/SRR35815524.contigs.fa	k141_112714	1716	2939	-	mef(C)_1	1-1224/1224	===============	0/0	100.00	92.73	resfinder	AB571865	mef(C)	Erythromycin	mef(C)
SRR35815524	/home/user/ww_amr_batch/contigs/SRR35815524.contigs.fa	k141_121579	2515	3969	-	msr(D)_3	10-1464/1464	===============	0/0	99.39	93.95	resfinder	AF227520	msr(D)	Azithromycin;Erythromycin;Pristinamycin_IA;Quinupristin;Telithromycin;Virginiamycin_S	msr(D)
SRR35815524	/home/user/ww_amr_batch/contigs/SRR35815524.contigs.fa	k141_124920	220	1083	+	blaGES-1_1	1-864/864	===============	0/0	100.00	100.00	resfinder	HQ170511	blaGES-1	Amoxicillin;Amoxicillin+Clavulanic_acid;Ampicillin;Ampicillin+Clavulanic_acid;Cefoxitin;Ceftazidime;Piperacillin;Ticarcillin	blaGES-1
SRR35815524	/home/user/ww_amr_batch/contigs/SRR35815524.contigs.fa	k141_132430	353	1153	-	blaOXA-20_2	1-801/801	===============	0/0	100.00	100.00	resfinder	AF024602	blaOXA-20	Amoxicillin;Amoxicillin+Clavulanic_acid;Ampicillin;Ampicillin+Clavulanic_acid	blaOXA-20
SRR35815524	/home/user/ww_amr_batch/contigs/SRR35815524.contigs.fa	k141_145375	1	444	-	ant(2'')-Ia_1	1-444/534	=============..	0/0	83.15	99.78	resfinder	X04555	ant(2'')-Ia	Gentamicin;Tobramycin	ant(2'')-Ia
SRR35815524	/home/user/ww_amr_batch/contigs/SRR35815524.contigs.fa	k141_145375	589	1488	-	blaVEB-1_1	1-900/900	===============	0/0	100.00	100.00	resfinder	HM370393	blaVEB-1	Amoxicillin;Amoxicillin+Clavulanic_acid;Ampicillin;Ampicillin+Clavulanic_acid;Aztreonam;Cefepime;Cefotaxime;Cefoxitin;Ceftazidime;Piperacillin;Piperacillin+Tazobactam;Ticarcillin;Ticarcillin+Clavulanic_acid	blaVEB-1
SRR35815524	/home/user/ww_amr_batch/contigs/SRR35815524.contigs.fa	k141_147210	737	1603	-	sul1_5	1-867/867	===============	0/0	100.00	99.89	resfinder	EU780013	sul1	Sulfamethoxazole	sul1
SRR35815524	/home/user/ww_amr_batch/contigs/SRR35815524.contigs.fa	k141_152142	197	1024	+	blaOXA-2_1	1-828/828	===============	0/0	100.00	100.00	resfinder	DQ112222	blaOXA-2	Amoxicillin;Amoxicillin+Clavulanic_acid;Ampicillin;Ampicillin+Clavulanic_acid;Ceftazidime;Piperacillin	blaOXA-2
SRR35815524	/home/user/ww_amr_batch/contigs/SRR35815524.contigs.fa	k141_186268	220	1027	-	cfxA6_1	175-981/996	..======/======	3/5	80.82	85.56	resfinder	GQ342996	cfxA6		cfxA6
SRR35815524	/home/user/ww_amr_batch/contigs/SRR35815524.contigs.fa	k141_186785	2383	3304	-	mph(A)_2	1-921/921	========/======	1/1	100.00	99.67	resfinder	U36578	mph(A)	Azithromycin;Erythromycin;Spiramycin;Telithromycin	mph(A)
SRR35815524	/home/user/ww_amr_batch/contigs/SRR35815524.contigs.fa	k141_19550	1257	1913	+	qnrS2_1	1-657/657	===============	0/0	100.00	100.00	resfinder	DQ485530	qnrS2	Ciprofloxacin	qnrS2
SRR35815524	/home/user/ww_amr_batch/contigs/SRR35815524.contigs.fa	k141_199620	184	963	-	aph(3')-VIa_1	1-780/780	===============	0/0	100.00	98.46	resfinder	X07753	aph(3')-VIa	Amikacin;Butirosin;Gentamicin;Kanamycin;Neomycin;Paromomycin;Ribostamycin	aph(3')-VIa
SRR35815524	/home/user/ww_amr_batch/contigs/SRR35815524.contigs.fa	k141_209942	1265	1637	-	dfrA3_1	117-489/489	...============	0/0	76.28	90.89	resfinder	J03306	dfrA3	Trimethoprim	dfrA3
SRR35815524	/home/user/ww_amr_batch/contigs/SRR35815524.contigs.fa	k141_212237	64	888	+	blaOXA-347_1	1-825/825	===============	0/0	100.00	100.00	resfinder	ACWG01000053	blaOXA-347		blaOXA-347
SRR35815524	/home/user/ww_amr_batch/contigs/SRR35815524.contigs.fa	k141_212899	1490	3415	+	tet(Q)_1	1-1926/1926	===============	0/0	100.00	90.55	resfinder	L33696	tet(Q)	Doxycycline;Minocycline;Tetracycline	tet(Q)
SRR35815524	/home/user/ww_amr_batch/contigs/SRR35815524.contigs.fa	k141_212899	4123	5289	+	tet(X)_2	1-1167/1167	===============	0/0	100.00	99.91	resfinder	M37699	tet(X)	Doxycycline;Minocycline;Tetracycline;Tigecycline	tet(X)
SRR35815524	/home/user/ww_amr_batch/contigs/SRR35815524.contigs.fa	k141_212899	5502	6302	-	erm(F)_3	1-801/801	===============	0/0	100.00	100.00	resfinder	M17808	erm(F)	Clindamycin;Erythromycin;Lincomycin;Pristinamycin_IA;Quinupristin;Virginiamycin_S	erm(F)
SRR35815524	/home/user/ww_amr_batch/contigs/SRR35815524.contigs.fa	k141_2140	845	1335	-	ARR-3_4	53-543/543	.==============	0/0	90.42	99.39	resfinder	FM207631	ARR-3	Rifampicin	ARR-3
SRR35815524	/home/user/ww_amr_batch/contigs/SRR35815524.contigs.fa	k141_215235	699	1889	+	tet(C)_3	1-1191/1191	===============	0/0	100.00	99.92	resfinder	AF055345	tet(C)	Doxycycline;Tetracycline	tet(C)
SRR35815524	/home/user/ww_amr_batch/contigs/SRR35815524.contigs.fa	k141_23715	1	575	-	lnu(B)_2	1-575/804	===========....	0/0	71.52	99.83	resfinder	JQ861959	lnu(B)	Clindamycin;Lincomycin	lnu(B)
SRR35815524	/home/user/ww_amr_batch/contigs/SRR35815524.contigs.fa	k141_246687	32	770	+	aadA10_1	1-739/834	==============.	0/0	88.61	99.73	resfinder	U37105	aadA10	Spectinomycin;Streptomycin	aadA10
SRR35815524	/home/user/ww_amr_batch/contigs/SRR35815524.contigs.fa	k141_252701	206	1051	+	aadA6_1	1-846/846	===============	0/0	100.00	99.88	resfinder	AF140629	aadA6	Spectinomycin;Streptomycin	aadA6
SRR35815524	/home/user/ww_amr_batch/contigs/SRR35815524.contigs.fa	k141_25525	1	562	-	blaOXA-333_1	1-562/825	===========....	0/0	68.12	99.64	resfinder	KF203107	blaOXA-333		blaOXA-333
SRR35815524	/home/user/ww_amr_batch/contigs/SRR35815524.contigs.fa	k141_258807	382	1212	+	blaOXA-4_1	1-831/831	===============	0/0	100.00	100.00	resfinder	AY162283	blaOXA-4		blaOXA-4
SRR35815524	/home/user/ww_amr_batch/contigs/SRR35815524.contigs.fa	k141_263597	1324	2118	-	blaOXA-427_1	1-795/795	===============	0/0	100.00	99.25	resfinder	KX827604	blaOXA-427	Amoxicillin;Ampicillin;Aztreonam;Cefepime;Ceftazidime;Ertapenem;Imipenem;Meropenem;Piperacillin;Piperacillin+Tazobactam;Temocillin	blaOXA-427
SRR35815524	/home/user/ww_amr_batch/contigs/SRR35815524.contigs.fa	k141_276491	203	439	-	dfrB1_1	1-237/237	===============	0/0	100.00	100.00	resfinder	U36276	dfrB1	Trimethoprim	dfrB1
SRR35815524	/home/user/ww_amr_batch/contigs/SRR35815524.contigs.fa	k141_27955	1646	2886	-	tet(A)_6	7-1247/1275	===============	0/0	97.33	99.92	resfinder	AF534183	tet(A)	Doxycycline;Tetracycline	tet(A)
SRR35815524	/home/user/ww_amr_batch/contigs/SRR35815524.contigs.fa	k141_281825	1	587	+	blaOXA-211_1	112-698/825	..===========..	0/0	71.15	96.42	resfinder	JN861779	blaOXA-211	Amoxicillin;Amoxicillin+Clavulanic_acid;Ampicillin;Ampicillin+Clavulanic_acid	blaOXA-211
SRR35815524	/home/user/ww_amr_batch/contigs/SRR35815524.contigs.fa	k141_287986	386	2305	-	tet(O)_1	1-1920/1920	===============	0/0	100.00	99.48	resfinder	M18896	tet(O)	Doxycycline;Minocycline;Tetracycline	tet(O)
SRR35815524	/home/user/ww_amr_batch/contigs/SRR35815524.contigs.fa	k141_303386	1	1409	-	lsa(E)_1	1-1409/1485	===============	0/0	94.88	98.72	resfinder	JX560992	lsa(E)	Clindamycin;Dalfopristin;Lincomycin;Pristinamycin_IIA;Tiamulin;Virginiamycin_M	lsa(E)
SRR35815524	/home/user/ww_amr_batch/contigs/SRR35815524.contigs.fa	k141_304858	189	782	+	blaOXA-373_1	1-594/825	===========....	0/0	72.00	96.97	resfinder	HG931732	blaOXA-373		blaOXA-373
SRR35815524	/home/user/ww_amr_batch/contigs/SRR35815524.contigs.fa	k141_306803	1041	1793	-	blaOXA-464_1	10-762/762	===============	0/0	98.82	81.67	resfinder	KU721146	blaOXA-464		blaOXA-464
SRR35815524	/home/user/ww_amr_batch/contigs/SRR35815524.contigs.fa	k141_325626	4454	5671	-	mef(A)_3	1-1218/1218	===============	0/0	100.00	95.16	resfinder	AF227520	mef(A)	Azithromycin;Erythromycin	mef(A)
SRR35815524	/home/user/ww_amr_batch/contigs/SRR35815524.contigs.fa	k141_327789	124	606	+	dfrA14_5	1-483/483	===============	0/0	100.00	99.59	resfinder	DQ388123	dfrA14	Trimethoprim	dfrA14
SRR35815524	/home/user/ww_amr_batch/contigs/SRR35815524.contigs.fa	k141_335405	16964	17958	-	cfxA6_1	1-996/996	========/======	1/1	99.90	99.70	resfinder	GQ342996	cfxA6		cfxA6
SRR35815524	/home/user/ww_amr_batch/contigs/SRR35815524.contigs.fa	k141_336531	1143	1943	-	blaOXA-10_1	1-801/801	===============	0/0	100.00	100.00	resfinder	J03427	blaOXA-10	Amoxicillin;Ampicillin;Aztreonam;Piperacillin;Piperacillin+Tazobactam	blaOXA-10
SRR35815524	/home/user/ww_amr_batch/contigs/SRR35815524.contigs.fa	k141_354441	635	1489	-	blaOXA-296_1	1-855/855	===============	0/0	100.00	96.37	resfinder	APOH01000009	blaOXA-296		blaOXA-296
SRR35815524	/home/user/ww_amr_batch/contigs/SRR35815524.contigs.fa	k141_37096	1	687	+	erm(B)_18	13-699/762	==============.	0/0	90.16	99.71	resfinder	X66468	erm(B)	Clindamycin;Erythromycin;Lincomycin;Pristinamycin_IA;Quinupristin;Virginiamycin_S	erm(B)
SRR35815524	/home/user/ww_amr_batch/contigs/SRR35815524.contigs.fa	k141_375466	116	552	+	dfrA12_8	1-437/498	==============.	0/0	87.75	100.00	resfinder	AM040708	dfrA12	Trimethoprim	dfrA12
SRR35815524	/home/user/ww_amr_batch/contigs/SRR35815524.contigs.fa	k141_391792	318	1121	-	blaOXA-129_1	1-804/804	===============	0/0	100.00	99.75	resfinder	FJWZ01000025	blaOXA-129		blaOXA-129
SRR35815524	/home/user/ww_amr_batch/contigs/SRR35815524.contigs.fa	k141_400806	1268	1762	+	lnu(C)_1	1-495/495	===============	0/0	100.00	99.19	resfinder	AY928180	lnu(C)	Lincomycin	lnu(C)
SRR35815524	/home/user/ww_amr_batch/contigs/SRR35815524.contigs.fa	k141_401372	77	1297	+	tet(40)_1	1-1221/1221	===============	0/0	100.00	99.67	resfinder	FJ158002	tet(40)	Doxycycline;Tetracycline	tet(40)
SRR35815524	/home/user/ww_amr_batch/contigs/SRR35815524.contigs.fa	k141_44382	70	1635	-	mcr-3.6_1	58-1623/1623	========/======	10/18	95.93	84.76	resfinder	MF598076	mcr-3.6	Colistin	mcr-3.6
SRR35815524	/home/user/ww_amr_batch/contigs/SRR35815524.contigs.fa	k141_455077	8235	9163	-	cfxA3_1	38-966/966	===============	0/0	96.17	99.89	resfinder	AF472622	cfxA3	Ampicillin	cfxA3
SRR35815524	/home/user/ww_amr_batch/contigs/SRR35815524.contigs.fa	k141_457913	1125	1608	+	aac(3)-Ia_1	51-534/534	.==============	0/0	90.64	97.73	resfinder	X15852	aac(3)-Ia	Astromicin;Fortimicin;Gentamicin	aac(3)-Ia
SRR35815524	/home/user/ww_amr_batch/contigs/SRR35815524.contigs.fa	k141_45945	1877	2526	+	blaTEM-104_1	1-650/861	============...	0/0	75.49	99.85	resfinder	AF516719	blaTEM-104		blaTEM-104
SRR35815524	/home/user/ww_amr_batch/contigs/SRR35815524.contigs.fa	k141_461429	1131	1997	-	ant(6)-Ia_3	1-867/867	===============	0/0	100.00	100.00	resfinder	KF864551	ant(6)-Ia	Streptomycin	ant(6)-Ia
SRR35815524	/home/user/ww_amr_batch/contigs/SRR35815524.contigs.fa	k141_473460	1	1221	+	mef(C)_1	4-1224/1224	===============	0/0	99.75	88.70	resfinder	AB571865	mef(C)	Erythromycin	mef(C)
SRR35815524	/home/user/ww_amr_batch/contigs/SRR35815524.contigs.fa	k141_473603	196	936	+	erm(47)_1	1-741/741	===============	0/0	100.00	99.59	resfinder	KU612222	erm(47)	Clindamycin;Erythromycin;Lincomycin;Pristinamycin_IA;Quinupristin;Virginiamycin_S	erm(47)
SRR35815524	/home/user/ww_amr_batch/contigs/SRR35815524.contigs.fa	k141_481817	301	1095	-	blaOXA-427_1	1-795/795	===============	0/0	100.00	88.68	resfinder	KX827604	blaOXA-427	Amoxicillin;Ampicillin;Aztreonam;Cefepime;Ceftazidime;Ertapenem;Imipenem;Meropenem;Piperacillin;Piperacillin+Tazobactam;Temocillin	blaOXA-427
SRR35815524	/home/user/ww_amr_batch/contigs/SRR35815524.contigs.fa	k141_502491	1274	2158	-	mph(E)_1	1-885/885	===============	0/0	100.00	100.00	resfinder	DQ839391	mph(E)	Erythromycin	mph(E)
SRR35815524	/home/user/ww_amr_batch/contigs/SRR35815524.contigs.fa	k141_502491	2214	3689	-	msr(E)_1	1-1476/1476	===============	0/0	100.00	100.00	resfinder	FR751518	msr(E)	Azithromycin;Erythromycin;Pristinamycin_IA;Quinupristin;Virginiamycin_S	msr(E)
SRR35815524	/home/user/ww_amr_batch/contigs/SRR35815524.contigs.fa	k141_506898	2127	3011	-	mph(G)_1	1-885/885	===============	0/0	100.00	99.77	resfinder	AB571865	mph(G)	Erythromycin	mph(G)
SRR35815524	/home/user/ww_amr_batch/contigs/SRR35815524.contigs.fa	k141_506898	3016	3936	-	mef(C)_1	304-1224/1224	...============	0/0	75.25	99.78	resfinder	AB571865	mef(C)	Erythromycin	mef(C)
SRR35815524	/home/user/ww_amr_batch/contigs/SRR35815524.contigs.fa	k141_519657	781	1768	+	mef(A)_2	1-988/1218	=============..	0/0	81.12	98.08	resfinder	U83667	mef(A)	Azithromycin;Erythromycin	mef(A)
SRR35815524	/home/user/ww_amr_batch/contigs/SRR35815524.contigs.fa	k141_523882	780	1616	-	aph(6)-Id_1	1-837/837	===============	0/0	100.00	100.00	resfinder	M28829	aph(6)-Id	Streptomycin	aph(6)-Id
SRR35815524	/home/user/ww_amr_batch/contigs/SRR35815524.contigs.fa	k141_523882	1616	2418	-	aph(3'')-Ib_2	2-804/804	===============	0/0	99.88	100.00	resfinder	AF024602	aph(3'')-Ib	Streptomycin	aph(3'')-Ib
SRR35815524	/home/user/ww_amr_batch/contigs/SRR35815524.contigs.fa	k141_535842	177	629	+	ARR-8_1	1-453/453	===============	0/0	100.00	99.56	resfinder	KC199968	ARR-8	Rifampicin	ARR-8
SRR35815524	/home/user/ww_amr_batch/contigs/SRR35815524.contigs.fa	k141_550334	1	537	+	blaOXA-280_1	288-824/828	.....==========	0/0	64.86	98.14	resfinder	APPZ01000001	blaOXA-280		blaOXA-280
SRR35815524	/home/user/ww_amr_batch/contigs/SRR35815524.contigs.fa	k141_558871	1	1155	-	tet(M)_8	499-1653/1920	...==========..	0/0	60.16	99.74	resfinder	X04388	tet(M)	Doxycycline;Minocycline;Tetracycline	tet(M)
SRR35815524	/home/user/ww_amr_batch/contigs/SRR35815524.contigs.fa	k141_558933	1	1653	-	tet(M)_1	1-1653/1920	=============..	0/0	86.09	99.58	resfinder	X92947	tet(M)	Doxycycline;Minocycline;Tetracycline	tet(M)
SRR35815524	/home/user/ww_amr_batch/contigs/SRR35815524.contigs.fa	k141_573747	220	954	+	erm(G)_1	1-735/735	===============	0/0	100.00	99.32	resfinder	M15332	erm(G)	Clindamycin;Erythromycin;Lincomycin;Pristinamycin_IA;Quinupristin;Virginiamycin_S	erm(G)
SRR35815524	/home/user/ww_amr_batch/contigs/SRR35815524.contigs.fa	k141_590930	4532	5334	+	ant(3'')-Ia_1	170-972/972	..=============	0/0	82.61	99.75	resfinder	X02340	ant(3'')-Ia	Streptomycin	ant(3'')-Ia
SRR35815524	/home/user/ww_amr_batch/contigs/SRR35815524.contigs.fa	k141_594311	1557	2213	+	qnrVC4_1	1-657/657	===============	0/0	100.00	100.00	resfinder	GQ891757	qnrVC4	Ciprofloxacin	qnrVC4
SRR35815524	/home/user/ww_amr_batch/contigs/SRR35815524.contigs.fa	k141_609399	2	607	+	blaOXA-333_1	16-621/825	============...	0/0	73.45	96.70	resfinder	KF203107	blaOXA-333		blaOXA-333
SRR35815524	/home/user/ww_amr_batch/contigs/SRR35815524.contigs.fa	k141_61141	1	739	-	blaOXA-296_1	1-740/855	========/=====.	1/1	86.43	94.86	resfinder	APOH01000009	blaOXA-296		blaOXA-296
SRR35815524	/home/user/ww_amr_batch/contigs/SRR35815524.contigs.fa	k141_619621	147	620	-	dfrA1_10	1-474/474	===============	0/0	100.00	99.79	resfinder	AF203818	dfrA1	Trimethoprim	dfrA1
SRR35815524	/home/user/ww_amr_batch/contigs/SRR35815524.contigs.fa	k141_633668	746	2665	-	tet(W)_5	1-1920/1920	===============	0/0	100.00	100.00	resfinder	AJ427422	tet(W)	Doxycycline;Minocycline;Tetracycline	tet(W)
SRR35815524	/home/user/ww_amr_batch/contigs/SRR35815524.contigs.fa	k141_637819	3165	5083	-	tet(32)_2	1-1920/1920	========/======	1/1	99.95	99.58	resfinder	EF626943	tet(32)	Doxycycline;Minocycline;Tetracycline	tet(32)
SRR35815524	/home/user/ww_amr_batch/contigs/SRR35815524.contigs.fa	k141_644918	150	790	+	str_1	209-849/849	...============	0/0	75.50	100.00	resfinder	X92946	str	Streptomycin	str
SRR35815524	/home/user/ww_amr_batch/contigs/SRR35815524.contigs.fa	k141_668530	1	501	-	catB8_1	128-628/633	...============	0/0	79.15	100.00	resfinder	AF227506	catB8	Chloramphenicol	catB8
SRR35815524	/home/user/ww_amr_batch/contigs/SRR35815524.contigs.fa	k141_687530	795	1982	+	tet(39)_2	1-1188/1188	===============	0/0	100.00	99.92	resfinder	CP044518	tet(39)	Doxycycline;Tetracycline;Tigecycline	tet(39)
SRR35815524	/home/user/ww_amr_batch/contigs/SRR35815524.contigs.fa	k141_688637	1	1186	-	tet(E)_3	1-1186/1218	===============	0/0	97.37	98.90	resfinder	CP000645	tet(E)	Doxycycline;Tetracycline	tet(E)
SRR35815524	/home/user/ww_amr_batch/contigs/SRR35815524.contigs.fa	k141_71519	1	577	-	mph(G)_1	1-577/885	==========.....	0/0	65.20	88.04	resfinder	AB571865	mph(G)	Erythromycin	mph(G)
SRR35815524	/home/user/ww_amr_batch/contigs/SRR35815524.contigs.fa	k141_718841	724	1512	+	aadA5_1	1-789/789	===============	0/0	100.00	100.00	resfinder	AF137361	aadA5	Spectinomycin;Streptomycin	aadA5
SRR35815524	/home/user/ww_amr_batch/contigs/SRR35815524.contigs.fa	k141_723967	1	785	-	blaOXA-119_1	1-785/801	===============	0/0	98.00	99.62	resfinder	DQ767903	blaOXA-119		blaOXA-119
SRR35815524	/home/user/ww_amr_batch/contigs/SRR35815524.contigs.fa	k141_724280	68	883	-	sul2_2	1-816/816	===============	0/0	100.00	100.00	resfinder	AY034138	sul2	Sulfamethoxazole	sul2
SRR35815524	/home/user/ww_amr_batch/contigs/SRR35815524.contigs.fa	k141_752562	176	1027	-	blaBEL-1_1	1-852/852	===============	0/0	100.00	100.00	resfinder	DQ089809	blaBEL-1	Amoxicillin;Amoxicillin+Clavulanic_acid;Ampicillin;Ampicillin+Clavulanic_acid;Cefotaxime;Cefoxitin;Ceftazidime;Piperacillin;Piperacillin+Tazobactam;Ticarcillin;Ticarcillin+Clavulanic_acid	blaBEL-1
SRR35815524	/home/user/ww_amr_batch/contigs/SRR35815524.contigs.fa	k141_760513	1731	2839	+	blaCMY-8b_1	39-1144/1149	========/======	1/3	96.26	82.24	resfinder	DQ094251	blaCMY-8b	Amoxicillin;Amoxicillin+Clavulanic_acid;Ampicillin;Ampicillin+Clavulanic_acid;Cefotaxime;Cefoxitin;Ceftazidime;Piperacillin;Piperacillin+Tazobactam;Ticarcillin;Ticarcillin+Clavulanic_acid	blaCMY-8b
SRR35815524	/home/user/ww_amr_batch/contigs/SRR35815524.contigs.fa	k141_763614	1	688	+	blaACI-1_1	168-855/855	..=============	0/0	80.47	99.71	resfinder	AJ007350	blaACI-1	Amoxicillin;Ampicillin;Cefotaxime;Ceftazidime;Ticarcillin	blaACI-1
SRR35815524	/home/user/ww_amr_batch/contigs/SRR35815524.contigs.fa	k141_764369	1	522	-	blaOXA-280_1	114-635/828	..==========...	0/0	63.04	97.13	resfinder	APPZ01000001	blaOXA-280		blaOXA-280
SRR35815524	/home/user/ww_amr_batch/contigs/SRR35815524.contigs.fa	k141_769741	428	2353	-	tet(Q)_1	1-1926/1926	===============	0/0	100.00	99.58	resfinder	L33696	tet(Q)	Doxycycline;Minocycline;Tetracycline	tet(Q)
SRR35815524	/home/user/ww_amr_batch/contigs/SRR35815524.contigs.fa	k141_776833	1	930	-	blaFOX-2_1	1-930/1149	=============..	0/0	80.94	96.45	resfinder	Y10282	blaFOX-2	Amoxicillin;Amoxicillin+Clavulanic_acid;Ampicillin;Ampicillin+Clavulanic_acid;Cefotaxime;Cefoxitin;Ceftazidime;Piperacillin;Piperacillin+Tazobactam;Ticarcillin;Ticarcillin+Clavulanic_acid	blaFOX-2
SRR35815524	/home/user/ww_amr_batch/contigs/SRR35815524.contigs.fa	k141_7774	1	415	-	aac(6')-Ir_1	1-415/441	===============	0/0	94.10	83.13	resfinder	AF031326	aac(6')-Ir	Amikacin;Tobramycin	aac(6')-Ir
SRR35815524	/home/user/ww_amr_batch/contigs/SRR35815524.contigs.fa	k141_777671	152	949	+	aadA13_1	1-798/798	===============	0/0	100.00	100.00	resfinder	AY713504	aadA13	Spectinomycin;Streptomycin	aadA13
SRR35815524	/home/user/ww_amr_batch/contigs/SRR35815524.contigs.fa	k141_79194	4615	5238	-	cat_2	1-624/624	===============	0/0	100.00	96.95	resfinder	M35190	cat	Chloramphenicol	cat
SRR35815524	/home/user/ww_amr_batch/contigs/SRR35815524.contigs.fa	k141_793454	2649	3509	-	aac(3)-IIa_1	1-861/861	===============	0/0	100.00	100.00	resfinder	X51534	aac(3)-IIa	Gentamicin;Tobramycin	aac(3)-IIa
SRR35815524	/home/user/ww_amr_batch/contigs/SRR35815524.contigs.fa	k141_79568	385	1698	-	CmlA7_1	1-1314/1314	===============	0/0	100.00	100.00	resfinder	JQ639792	CmlA7	Chloramphenicol	CmlA7
SRR35815524	/home/user/ww_amr_batch/contigs/SRR35815524.contigs.fa	k141_795905	460	1368	+	ant(6)-Ia_1	1-909/909	===============	0/0	100.00	100.00	resfinder	AF330699	ant(6)-Ia	Streptomycin	ant(6)-Ia
SRR35815524	/home/user/ww_amr_batch/contigs/SRR35815524.contigs.fa	k141_795905	2000	2794	+	aph(3')-III_1	1-795/795	===============	0/0	100.00	100.00	resfinder	M26832	aph(3')-III	Amikacin;Butirosin;Isepamicin;Kanamycin;Lividomycin;Neomycin;Paromomycin;Ribostamycin	aph(3')-III
SRR35815524	/home/user/ww_amr_batch/contigs/SRR35815524.contigs.fa	k141_805938	1043	2983	+	tet(S)_3	1-1941/1941	===============	0/0	100.00	99.84	resfinder	X92946	tet(S)	Doxycycline;Minocycline;Tetracycline	tet(S)
SRR35815524	/home/user/ww_amr_batch/contigs/SRR35815524.contigs.fa	k141_806793	492	1028	+	catS_1	1-537/537	===============	0/0	100.00	98.70	resfinder	X74948	catS	Chloramphenicol	catS
SRR35815524	/home/user/ww_amr_batch/contigs/SRR35815524.contigs.fa	k141_87098	1495	2721	+	ere(D)_1	1-1227/1227	===============	0/0	100.00	98.53	resfinder	KP265721	ere(D)	Erythromycin	ere(D)
SRR35815525	/home/user/ww_amr_batch/contigs/SRR35815525.contigs.fa	k141_105643	591	1189	+	ant(3'')-Ia_1	168-766/972	..==========...	0/0	61.63	99.83	resfinder	X02340	ant(3'')-Ia	Streptomycin	ant(3'')-Ia
SRR35815525	/home/user/ww_amr_batch/contigs/SRR35815525.contigs.fa	k141_173545	6	1937	-	tmexD2_1	1-1932/3135	==========.....	0/0	61.63	84.11	resfinder	MN175502	tmexD2	Doxycycline;Minocycline;Tetracycline;Tigecycline	tmexD2
SRR35815525	/home/user/ww_amr_batch/contigs/SRR35815525.contigs.fa	k141_174588	4	719	-	blaOXA-205_1	86-801/801	.==============	0/0	89.39	99.72	resfinder	JF800667	blaOXA-205	Amoxicillin;Ampicillin;Piperacillin	blaOXA-205
SRR35815525	/home/user/ww_amr_batch/contigs/SRR35815525.contigs.fa	k141_186629	445	1920	+	msr(E)_1	1-1476/1476	===============	0/0	100.00	100.00	resfinder	FR751518	msr(E)	Azithromycin;Erythromycin;Pristinamycin_IA;Quinupristin;Virginiamycin_S	msr(E)
SRR35815525	/home/user/ww_amr_batch/contigs/SRR35815525.contigs.fa	k141_186629	1976	2860	+	mph(E)_1	1-885/885	===============	0/0	100.00	100.00	resfinder	DQ839391	mph(E)	Erythromycin	mph(E)
SRR35815525	/home/user/ww_amr_batch/contigs/SRR35815525.contigs.fa	k141_204968	389	1151	-	erm(B)_18	1-762/762	========/======	1/1	100.00	99.61	resfinder	X66468	erm(B)	Clindamycin;Erythromycin;Lincomycin;Pristinamycin_IA;Quinupristin;Virginiamycin_S	erm(B)
SRR35815525	/home/user/ww_amr_batch/contigs/SRR35815525.contigs.fa	k141_277316	10	720	+	blaIMP-16_1	31-741/741	===============	0/0	95.95	99.16	resfinder	AJ584652	blaIMP-16	Amoxicillin;Amoxicillin+Clavulanic_acid;Ampicillin;Ampicillin+Clavulanic_acid;Cefepime;Cefixime;Cefotaxime;Cefoxitin;Ceftazidime;Ertapenem;Imipenem;Meropenem;Piperacillin;Piperacillin+Tazobactam	blaIMP-16
SRR35815525	/home/user/ww_amr_batch/contigs/SRR35815525.contigs.fa	k141_346500	1912	2712	+	erm(F)_3	1-801/801	===============	0/0	100.00	99.62	resfinder	M17808	erm(F)	Clindamycin;Erythromycin;Lincomycin;Pristinamycin_IA;Quinupristin;Virginiamycin_S	erm(F)
SRR35815525	/home/user/ww_amr_batch/contigs/SRR35815525.contigs.fa	k141_34689	164	1030	-	sul1_5	1-867/867	===============	0/0	100.00	99.89	resfinder	EU780013	sul1	Sulfamethoxazole	sul1
SRR35815525	/home/user/ww_amr_batch/contigs/SRR35815525.contigs.fa	k141_407725	379	1181	+	aph(3'')-Ib_2	2-804/804	===============	0/0	99.88	100.00	resfinder	AF024602	aph(3'')-Ib	Streptomycin	aph(3'')-Ib
SRR35815525	/home/user/ww_amr_batch/contigs/SRR35815525.contigs.fa	k141_508796	1324	2136	+	aadA2_1	7-819/819	===============	0/0	99.27	99.88	resfinder	NC_010870	aadA2	Spectinomycin;Streptomycin	aadA2
SRR35815525	/home/user/ww_amr_batch/contigs/SRR35815525.contigs.fa	k141_593802	209	1039	-	blaOXA-4_1	1-831/831	===============	0/0	100.00	100.00	resfinder	AY162283	blaOXA-4		blaOXA-4
SRR35815525	/home/user/ww_amr_batch/contigs/SRR35815525.contigs.fa	k141_622001	2310	3125	+	sul2_2	1-816/816	===============	0/0	100.00	100.00	resfinder	AY034138	sul2	Sulfamethoxazole	sul2
SRR35815526	/home/user/ww_amr_batch/contigs/SRR35815526.contigs.fa	k141_185700	1	534	+	aadA17_1	209-742/792	...============	0/0	67.42	98.50	resfinder	FJ460181	aadA17	Spectinomycin;Streptomycin	aadA17
SRR35815526	/home/user/ww_amr_batch/contigs/SRR35815526.contigs.fa	k141_187053	99	632	-	aadA6_1	313-846/846	.....==========	0/0	63.12	100.00	resfinder	AF140629	aadA6	Spectinomycin;Streptomycin	aadA6
SRR35815526	/home/user/ww_amr_batch/contigs/SRR35815526.contigs.fa	k141_195838	1	718	+	blaOXA-20_2	84-801/801	.==============	0/0	89.64	100.00	resfinder	AF024602	blaOXA-20	Amoxicillin;Amoxicillin+Clavulanic_acid;Ampicillin;Ampicillin+Clavulanic_acid	blaOXA-20
SRR35815526	/home/user/ww_amr_batch/contigs/SRR35815526.contigs.fa	k141_286963	467	1267	+	blaOXA-205_1	1-801/801	===============	0/0	100.00	100.00	resfinder	JF800667	blaOXA-205	Amoxicillin;Ampicillin;Piperacillin	blaOXA-205
SRR35815526	/home/user/ww_amr_batch/contigs/SRR35815526.contigs.fa	k141_309723	1	667	-	blaOXA-129_1	15-681/804	=============..	0/0	82.96	98.65	resfinder	FJWZ01000025	blaOXA-129		blaOXA-129
SRR35815526	/home/user/ww_amr_batch/contigs/SRR35815526.contigs.fa	k141_413847	436	1266	+	blaOXA-4_1	1-831/831	===============	0/0	100.00	100.00	resfinder	AY162283	blaOXA-4		blaOXA-4
SRR35815526	/home/user/ww_amr_batch/contigs/SRR35815526.contigs.fa	k141_450697	1	1185	-	tet(39)_2	1-1185/1188	===============	0/0	99.75	99.75	resfinder	CP044518	tet(39)	Doxycycline;Tetracycline;Tigecycline	tet(39)
SRR35815526	/home/user/ww_amr_batch/contigs/SRR35815526.contigs.fa	k141_49038	337	1099	+	erm(B)_18	1-762/762	========/======	1/1	100.00	99.08	resfinder	X66468	erm(B)	Clindamycin;Erythromycin;Lincomycin;Pristinamycin_IA;Quinupristin;Virginiamycin_S	erm(B)
SRR35815526	/home/user/ww_amr_batch/contigs/SRR35815526.contigs.fa	k141_519031	1	549	-	aadA5_1	234-782/789	....===========	0/0	69.58	99.82	resfinder	AF137361	aadA5	Spectinomycin;Streptomycin	aadA5
SRR35815526	/home/user/ww_amr_batch/contigs/SRR35815526.contigs.fa	k141_601468	267	1232	+	cfxA3_1	1-966/966	===============	0/0	100.00	99.90	resfinder	AF472622	cfxA3	Ampicillin	cfxA3
SRR35815526	/home/user/ww_amr_batch/contigs/SRR35815526.contigs.fa	k141_664223	1529	2413	-	mph(E)_1	1-885/885	===============	0/0	100.00	100.00	resfinder	DQ839391	mph(E)	Erythromycin	mph(E)
SRR35815526	/home/user/ww_amr_batch/contigs/SRR35815526.contigs.fa	k141_664223	2469	3944	-	msr(E)_1	1-1476/1476	===============	0/0	100.00	100.00	resfinder	FR751518	msr(E)	Azithromycin;Erythromycin;Pristinamycin_IA;Quinupristin;Virginiamycin_S	msr(E)
SRR35815526	/home/user/ww_amr_batch/contigs/SRR35815526.contigs.fa	k141_666002	1	523	-	aph(6)-Id_1	1-523/837	==========.....	0/0	62.49	100.00	resfinder	M28829	aph(6)-Id	Streptomycin	aph(6)-Id
SRR35815526	/home/user/ww_amr_batch/contigs/SRR35815526.contigs.fa	k141_666002	523	1325	-	aph(3'')-Ib_2	2-804/804	===============	0/0	99.88	100.00	resfinder	AF024602	aph(3'')-Ib	Streptomycin	aph(3'')-Ib
SRR35815526	/home/user/ww_amr_batch/contigs/SRR35815526.contigs.fa	k141_671614	737	1603	-	sul1_5	1-867/867	===============	0/0	100.00	99.89	resfinder	EU780013	sul1	Sulfamethoxazole	sul1
SRR35815526	/home/user/ww_amr_batch/contigs/SRR35815526.contigs.fa	k141_671614	2083	2886	-	ant(3'')-Ia_1	167-970/972	..=============	0/0	82.72	99.25	resfinder	X02340	ant(3'')-Ia	Streptomycin	ant(3'')-Ia
SRR35815526	/home/user/ww_amr_batch/contigs/SRR35815526.contigs.fa	k141_671614	2981	3781	-	blaOXA-10_1	1-801/801	===============	0/0	100.00	100.00	resfinder	J03427	blaOXA-10	Amoxicillin;Ampicillin;Aztreonam;Piperacillin;Piperacillin+Tazobactam	blaOXA-10
SRR35815526	/home/user/ww_amr_batch/contigs/SRR35815526.contigs.fa	k141_686452	1	564	+	mph(A)_1	343-906/906	.....==========	0/0	62.25	100.00	resfinder	D16251	mph(A)	Azithromycin;Erythromycin;Spiramycin;Telithromycin	mph(A)
SRR35815526	/home/user/ww_amr_batch/contigs/SRR35815526.contigs.fa	k141_91147	1	646	-	erm(F)_3	1-646/801	=============..	0/0	80.65	99.54	resfinder	M17808	erm(F)	Clindamycin;Erythromycin;Lincomycin;Pristinamycin_IA;Quinupristin;Virginiamycin_S	erm(F)
SRR35815527	/home/user/ww_amr_batch/contigs/SRR35815527.contigs.fa	k141_1017683	195	983	-	aadA5_1	1-789/789	===============	0/0	100.00	99.87	resfinder	AF137361	aadA5	Spectinomycin;Streptomycin	aadA5
SRR35815527	/home/user/ww_amr_batch/contigs/SRR35815527.contigs.fa	k141_1020606	1	541	+	aac(3)-IIa_1	272-812/861	....===========	0/0	62.83	99.44	resfinder	X51534	aac(3)-IIa	Gentamicin;Tobramycin	aac(3)-IIa
SRR35815527	/home/user/ww_amr_batch/contigs/SRR35815527.contigs.fa	k141_1038760	1	862	+	mph(G)_1	24-885/885	===============	0/0	97.40	89.91	resfinder	AB571865	mph(G)	Erythromycin	mph(G)
SRR35815527	/home/user/ww_amr_batch/contigs/SRR35815527.contigs.fa	k141_1051140	124	924	+	blaOXA-205_1	1-801/801	===============	0/0	100.00	99.50	resfinder	JF800667	blaOXA-205	Amoxicillin;Ampicillin;Piperacillin	blaOXA-205
SRR35815527	/home/user/ww_amr_batch/contigs/SRR35815527.contigs.fa	k141_1061628	1257	1913	+	qnrS2_1	1-657/657	===============	0/0	100.00	100.00	resfinder	DQ485530	qnrS2	Ciprofloxacin	qnrS2
SRR35815527	/home/user/ww_amr_batch/contigs/SRR35815527.contigs.fa	k141_1070451	263	757	-	lnu(C)_1	1-495/495	===============	0/0	100.00	99.19	resfinder	AY928180	lnu(C)	Lincomycin	lnu(C)
SRR35815527	/home/user/ww_amr_batch/contigs/SRR35815527.contigs.fa	k141_10728	148	960	+	aadA2_1	7-819/819	===============	0/0	99.27	99.88	resfinder	NC_010870	aadA2	Spectinomycin;Streptomycin	aadA2
SRR35815527	/home/user/ww_amr_batch/contigs/SRR35815527.contigs.fa	k141_10728	1438	2304	+	sul1_5	1-867/867	===============	0/0	100.00	99.89	resfinder	EU780013	sul1	Sulfamethoxazole	sul1
SRR35815527	/home/user/ww_amr_batch/contigs/SRR35815527.contigs.fa	k141_1075632	1358	2239	+	blaPAU-1_1	1-882/882	===============	0/0	100.00	96.60	resfinder	MH053445	blaPAU-1	Amoxicillin;Ampicillin;Piperacillin	blaPAU-1
SRR35815527	/home/user/ww_amr_batch/contigs/SRR35815527.contigs.fa	k141_1081614	2907	3737	+	blaOXA-4_1	1-831/831	===============	0/0	100.00	100.00	resfinder	AY162283	blaOXA-4		blaOXA-4
SRR35815527	/home/user/ww_amr_batch/contigs/SRR35815527.contigs.fa	k141_1097242	330	1133	-	blaOXA-129_1	1-804/804	===============	0/0	100.00	100.00	resfinder	FJWZ01000025	blaOXA-129		blaOXA-129
SRR35815527	/home/user/ww_amr_batch/contigs/SRR35815527.contigs.fa	k141_1110651	1	1284	-	msr(D)_3	21-1304/1464	==============.	0/0	87.70	92.21	resfinder	AF227520	msr(D)	Azithromycin;Erythromycin;Pristinamycin_IA;Quinupristin;Telithromycin;Virginiamycin_S	msr(D)
SRR35815527	/home/user/ww_amr_batch/contigs/SRR35815527.contigs.fa	k141_1120229	391	1245	-	erm(X)_1	1-855/855	========/======	2/2	99.88	99.18	resfinder	M36726	erm(X)	Clindamycin;Erythromycin;Lincomycin;Pristinamycin_IA;Quinupristin;Virginiamycin_S	erm(X)
SRR35815527	/home/user/ww_amr_batch/contigs/SRR35815527.contigs.fa	k141_1133818	142	1368	-	ere(D)_1	1-1227/1227	===============	0/0	100.00	98.53	resfinder	KP265721	ere(D)	Erythromycin	ere(D)
SRR35815527	/home/user/ww_amr_batch/contigs/SRR35815527.contigs.fa	k141_1145067	424	2343	+	tet(O)_1	1-1920/1920	===============	0/0	100.00	99.64	resfinder	M18896	tet(O)	Doxycycline;Minocycline;Tetracycline	tet(O)
SRR35815527	/home/user/ww_amr_batch/contigs/SRR35815527.contigs.fa	k141_1145351	148	1359	+	cmlB1_1	1-1212/1266	===============	0/0	95.73	87.05	resfinder	AM296481	cmlB1	Chloramphenicol	cmlB1
SRR35815527	/home/user/ww_amr_batch/contigs/SRR35815527.contigs.fa	k141_1153066	1725	2348	+	cat_2	1-624/624	===============	0/0	100.00	96.95	resfinder	M35190	cat	Chloramphenicol	cat
SRR35815527	/home/user/ww_amr_batch/contigs/SRR35815527.contigs.fa	k141_115685	33	704	+	aadD_1	1-672/771	==============.	0/0	87.16	98.51	resfinder	AF181950	aadD	Amikacin;Tobramycin	aadD
SRR35815527	/home/user/ww_amr_batch/contigs/SRR35815527.contigs.fa	k141_119375	494	1294	+	erm(F)_3	1-801/801	===============	0/0	100.00	100.00	resfinder	M17808	erm(F)	Clindamycin;Erythromycin;Lincomycin;Pristinamycin_IA;Quinupristin;Virginiamycin_S	erm(F)
SRR35815527	/home/user/ww_amr_batch/contigs/SRR35815527.contigs.fa	k141_119375	1507	2673	-	tet(X)_2	1-1167/1167	===============	0/0	100.00	99.91	resfinder	M37699	tet(X)	Doxycycline;Minocycline;Tetracycline;Tigecycline	tet(X)
SRR35815527	/home/user/ww_amr_batch/contigs/SRR35815527.contigs.fa	k141_124417	779	2698	+	tet(W)_5	1-1920/1920	===============	0/0	100.00	99.95	resfinder	AJ427422	tet(W)	Doxycycline;Minocycline;Tetracycline	tet(W)
SRR35815527	/home/user/ww_amr_batch/contigs/SRR35815527.contigs.fa	k141_124998	6317	7540	+	mef(C)_1	1-1224/1224	===============	0/0	100.00	92.73	resfinder	AB571865	mef(C)	Erythromycin	mef(C)
SRR35815527	/home/user/ww_amr_batch/contigs/SRR35815527.contigs.fa	k141_124998	7544	8428	+	mph(G)_1	1-885/885	===============	0/0	100.00	89.49	resfinder	AB571865	mph(G)	Erythromycin	mph(G)
SRR35815527	/home/user/ww_amr_batch/contigs/SRR35815527.contigs.fa	k141_133751	525	1058	+	blaOXA-490_1	1-528/762	========/==....	1/6	69.29	80.34	resfinder	KU721147	blaOXA-490		blaOXA-490
SRR35815527	/home/user/ww_amr_batch/contigs/SRR35815527.contigs.fa	k141_152867	1	861	-	blaTEM-1B_1	1-861/861	===============	0/0	100.00	99.88	resfinder	AY458016	blaTEM-1B	Amoxicillin;Ampicillin;Cephalothin;Piperacillin;Ticarcillin	blaTEM-1B
SRR35815527	/home/user/ww_amr_batch/contigs/SRR35815527.contigs.fa	k141_160126	995	1789	+	blaOXA-427_1	1-795/795	===============	0/0	100.00	98.99	resfinder	KX827604	blaOXA-427	Amoxicillin;Ampicillin;Aztreonam;Cefepime;Ceftazidime;Ertapenem;Imipenem;Meropenem;Piperacillin;Piperacillin+Tazobactam;Temocillin	blaOXA-427
SRR35815527	/home/user/ww_amr_batch/contigs/SRR35815527.contigs.fa	k141_169168	86	952	+	ant(6)-Ia_3	1-867/867	===============	0/0	100.00	100.00	resfinder	KF864551	ant(6)-Ia	Streptomycin	ant(6)-Ia
SRR35815527	/home/user/ww_amr_batch/contigs/SRR35815527.contigs.fa	k141_21160	1	511	+	blaOXA-333_1	93-603/825	.==========....	0/0	61.94	98.43	resfinder	KF203107	blaOXA-333		blaOXA-333
SRR35815527	/home/user/ww_amr_batch/contigs/SRR35815527.contigs.fa	k141_214487	1	640	+	blaOXA-373_1	186-825/825	...============	0/0	77.58	97.66	resfinder	HG931732	blaOXA-373		blaOXA-373
SRR35815527	/home/user/ww_amr_batch/contigs/SRR35815527.contigs.fa	k141_229640	1038	2284	-	tet(A)_6	1-1247/1275	===============	0/0	97.80	100.00	resfinder	AF534183	tet(A)	Doxycycline;Tetracycline	tet(A)
SRR35815527	/home/user/ww_amr_batch/contigs/SRR35815527.contigs.fa	k141_236066	4	530	-	blaOXA-490_1	193-719/762	...============	0/0	69.16	83.30	resfinder	KU721147	blaOXA-490		blaOXA-490
SRR35815527	/home/user/ww_amr_batch/contigs/SRR35815527.contigs.fa	k141_238962	159	632	+	dfrA1_8	1-474/474	===============	0/0	100.00	99.58	resfinder	X00926	dfrA1	Trimethoprim	dfrA1
SRR35815527	/home/user/ww_amr_batch/contigs/SRR35815527.contigs.fa	k141_244430	1	952	+	cfxA3_1	15-966/966	===============	0/0	98.55	99.89	resfinder	AF472622	cfxA3	Ampicillin	cfxA3
SRR35815527	/home/user/ww_amr_batch/contigs/SRR35815527.contigs.fa	k141_24594	2612	3445	+	blaOXA-299_1	1-834/834	===============	0/0	100.00	94.60	resfinder	APQD01000016	blaOXA-299		blaOXA-299
SRR35815527	/home/user/ww_amr_batch/contigs/SRR35815527.contigs.fa	k141_246086	293	477	-	dfrB1_1	53-237/237	...============	0/0	78.06	98.92	resfinder	U36276	dfrB1	Trimethoprim	dfrB1
SRR35815527	/home/user/ww_amr_batch/contigs/SRR35815527.contigs.fa	k141_248817	285	1138	+	blaOXA-296_1	1-854/855	===============	0/0	99.88	96.49	resfinder	APOH01000009	blaOXA-296		blaOXA-296
SRR35815527	/home/user/ww_amr_batch/contigs/SRR35815527.contigs.fa	k141_250400	1	687	+	erm(B)_18	13-699/762	==============.	0/0	90.16	99.71	resfinder	X66468	erm(B)	Clindamycin;Erythromycin;Lincomycin;Pristinamycin_IA;Quinupristin;Virginiamycin_S	erm(B)
SRR35815527	/home/user/ww_amr_batch/contigs/SRR35815527.contigs.fa	k141_250537	544	1380	-	aph(6)-Id_1	1-837/837	===============	0/0	100.00	100.00	resfinder	M28829	aph(6)-Id	Streptomycin	aph(6)-Id
SRR35815527	/home/user/ww_amr_batch/contigs/SRR35815527.contigs.fa	k141_250537	1380	2182	-	aph(3'')-Ib_2	2-804/804	===============	0/0	99.88	100.00	resfinder	AF024602	aph(3'')-Ib	Streptomycin	aph(3'')-Ib
SRR35815527	/home/user/ww_amr_batch/contigs/SRR35815527.contigs.fa	k141_253892	4086	5276	-	tet(C)_3	1-1191/1191	===============	0/0	100.00	99.83	resfinder	AF055345	tet(C)	Doxycycline;Tetracycline	tet(C)
SRR35815527	/home/user/ww_amr_batch/contigs/SRR35815527.contigs.fa	k141_255279	1531	2430	+	blaVEB-1_1	1-900/900	===============	0/0	100.00	100.00	resfinder	HM370393	blaVEB-1	Amoxicillin;Amoxicillin+Clavulanic_acid;Ampicillin;Ampicillin+Clavulanic_acid;Aztreonam;Cefepime;Cefotaxime;Cefoxitin;Ceftazidime;Piperacillin;Piperacillin+Tazobactam;Ticarcillin;Ticarcillin+Clavulanic_acid	blaVEB-1
SRR35815527	/home/user/ww_amr_batch/contigs/SRR35815527.contigs.fa	k141_265441	1	1582	+	tet(Q)_1	345-1926/1926	..=============	0/0	82.14	98.17	resfinder	L33696	tet(Q)	Doxycycline;Minocycline;Tetracycline	tet(Q)
SRR35815527	/home/user/ww_amr_batch/contigs/SRR35815527.contigs.fa	k141_270165	761	1606	+	aadA6_1	1-846/846	===============	0/0	100.00	99.88	resfinder	AF140629	aadA6	Spectinomycin;Streptomycin	aadA6
SRR35815527	/home/user/ww_amr_batch/contigs/SRR35815527.contigs.fa	k141_285052	1	789	+	mef(A)_3	430-1218/1218	.....==========	0/0	64.78	95.06	resfinder	AF227520	mef(A)	Azithromycin;Erythromycin	mef(A)
SRR35815527	/home/user/ww_amr_batch/contigs/SRR35815527.contigs.fa	k141_299070	1	717	+	blaOXA-427_1	79-795/795	.==============	0/0	90.19	87.03	resfinder	KX827604	blaOXA-427	Amoxicillin;Ampicillin;Aztreonam;Cefepime;Ceftazidime;Ertapenem;Imipenem;Meropenem;Piperacillin;Piperacillin+Tazobactam;Temocillin	blaOXA-427
SRR35815527	/home/user/ww_amr_batch/contigs/SRR35815527.contigs.fa	k141_31786	734	2653	+	tet(M)_12	1-1920/1920	===============	0/0	100.00	99.01	resfinder	FR671418	tet(M)	Doxycycline;Minocycline;Tetracycline	tet(M)
SRR35815527	/home/user/ww_amr_batch/contigs/SRR35815527.contigs.fa	k141_322571	1	914	-	mef(B)_1	1-914/1230	============...	0/0	74.31	98.03	resfinder	FJ196385	mef(B)	Azithromycin;Erythromycin	mef(B)
SRR35815527	/home/user/ww_amr_batch/contigs/SRR35815527.contigs.fa	k141_326277	72	851	-	aph(3')-VI_1	1-780/780	===============	0/0	100.00	99.23	resfinder	KC170992	aph(3')-VI	Amikacin	aph(3')-VI
SRR35815527	/home/user/ww_amr_batch/contigs/SRR35815527.contigs.fa	k141_338826	477	1444	+	OqxA_1	1-968/1176	=============..	0/0	82.31	94.01	resfinder	EU370913	OqxA	Chloramphenicol;Ciprofloxacin;Nalidixic_acid;Trimethoprim	OqxA
SRR35815527	/home/user/ww_amr_batch/contigs/SRR35815527.contigs.fa	k141_351712	76	900	+	blaOXA-347_1	1-825/825	===============	0/0	100.00	99.88	resfinder	ACWG01000053	blaOXA-347		blaOXA-347
SRR35815527	/home/user/ww_amr_batch/contigs/SRR35815527.contigs.fa	k141_353363	1719	2513	-	aph(3')-III_1	1-795/795	===============	0/0	100.00	100.00	resfinder	M26832	aph(3')-III	Amikacin;Butirosin;Isepamicin;Kanamycin;Lividomycin;Neomycin;Paromomycin;Ribostamycin	aph(3')-III
SRR35815527	/home/user/ww_amr_batch/contigs/SRR35815527.contigs.fa	k141_366727	285	933	+	blaOXA-296_1	1-649/855	============...	0/0	75.91	95.84	resfinder	APOH01000009	blaOXA-296		blaOXA-296
SRR35815527	/home/user/ww_amr_batch/contigs/SRR35815527.contigs.fa	k141_379126	3	1277	+	msr(D)_3	189-1463/1464	.==============	0/0	87.09	92.23	resfinder	AF227520	msr(D)	Azithromycin;Erythromycin;Pristinamycin_IA;Quinupristin;Telithromycin;Virginiamycin_S	msr(D)
SRR35815527	/home/user/ww_amr_batch/contigs/SRR35815527.contigs.fa	k141_384379	203	1087	-	mph(G)_1	1-885/885	===============	0/0	100.00	99.89	resfinder	AB571865	mph(G)	Erythromycin	mph(G)
SRR35815527	/home/user/ww_amr_batch/contigs/SRR35815527.contigs.fa	k141_384379	1092	2315	-	mef(C)_1	1-1224/1224	===============	0/0	100.00	99.84	resfinder	AB571865	mef(C)	Erythromycin	mef(C)
SRR35815527	/home/user/ww_amr_batch/contigs/SRR35815527.contigs.fa	k141_387497	939	2159	+	tet(40)_1	1-1221/1221	===============	0/0	100.00	99.84	resfinder	FJ158002	tet(40)	Doxycycline;Tetracycline	tet(40)
SRR35815527	/home/user/ww_amr_batch/contigs/SRR35815527.contigs.fa	k141_406138	900	2252	-	tet(36)_1	559-1911/1923	....===========	0/0	70.36	90.98	resfinder	AJ514254	tet(36)	Doxycycline;Minocycline;Tetracycline	tet(36)
SRR35815527	/home/user/ww_amr_batch/contigs/SRR35815527.contigs.fa	k141_418287	215	1090	+	blaAER-1_1	2-877/915	===============	0/0	95.74	93.38	resfinder	U14748	blaAER-1		blaAER-1
SRR35815527	/home/user/ww_amr_batch/contigs/SRR35815527.contigs.fa	k141_459736	189	542	-	lnu(D)_1	142-495/495	....===========	0/0	71.52	83.05	resfinder	EF452177	lnu(D)	Lincomycin	lnu(D)
SRR35815527	/home/user/ww_amr_batch/contigs/SRR35815527.contigs.fa	k141_475159	521	1584	-	mcr-3.33_1	560-1623/1623	.....==========	0/0	65.56	93.33	resfinder	MT791039	mcr-3.33	Colistin	mcr-3.33
SRR35815527	/home/user/ww_amr_batch/contigs/SRR35815527.contigs.fa	k141_48261	1	465	-	aac(6')-Im_1	1-465/537	=============..	0/0	86.59	96.34	resfinder	AF337947	aac(6')-Im	Amikacin;Netilmicin;Tobramycin	aac(6')-Im
SRR35815527	/home/user/ww_amr_batch/contigs/SRR35815527.contigs.fa	k141_493376	1	733	+	blaOXA-333_1	93-825/825	.==============	0/0	88.85	98.50	resfinder	KF203107	blaOXA-333		blaOXA-333
SRR35815527	/home/user/ww_amr_batch/contigs/SRR35815527.contigs.fa	k141_52184	235	1143	+	ant(6)-Ia_1	1-909/909	===============	0/0	100.00	100.00	resfinder	AF330699	ant(6)-Ia	Streptomycin	ant(6)-Ia
SRR35815527	/home/user/ww_amr_batch/contigs/SRR35815527.contigs.fa	k141_528912	383	1210	-	blaOXA-2_1	1-828/828	===============	0/0	100.00	100.00	resfinder	DQ112222	blaOXA-2	Amoxicillin;Amoxicillin+Clavulanic_acid;Ampicillin;Ampicillin+Clavulanic_acid;Ceftazidime;Piperacillin	blaOXA-2
SRR35815527	/home/user/ww_amr_batch/contigs/SRR35815527.contigs.fa	k141_533864	1	506	-	aadA7_1	1-506/798	==========.....	0/0	63.41	99.41	resfinder	AF224733	aadA7	Spectinomycin;Streptomycin	aadA7
SRR35815527	/home/user/ww_amr_batch/contigs/SRR35815527.contigs.fa	k141_549527	122	935	+	aph(3')-Ia_1	1-814/816	===============	0/0	99.75	99.88	resfinder	V00359	aph(3')-Ia	Kanamycin	aph(3')-Ia
SRR35815527	/home/user/ww_amr_batch/contigs/SRR35815527.contigs.fa	k141_557053	1454	3376	+	tet(44)_1	1-1923/1923	===============	0/0	100.00	98.44	resfinder	NZ_ABDU01000081	tet(44)	Doxycycline;Minocycline;Tetracycline	tet(44)
SRR35815527	/home/user/ww_amr_batch/contigs/SRR35815527.contigs.fa	k141_575174	364	832	-	catP_1	156-624/624	...============	0/0	75.16	100.00	resfinder	U15027	catP	Chloramphenicol	catP
SRR35815527	/home/user/ww_amr_batch/contigs/SRR35815527.contigs.fa	k141_576616	1	636	-	blaACI-1_1	1-636/855	============...	0/0	74.39	100.00	resfinder	AJ007350	blaACI-1	Amoxicillin;Ampicillin;Cefotaxime;Ceftazidime;Ticarcillin	blaACI-1
SRR35815527	/home/user/ww_amr_batch/contigs/SRR35815527.contigs.fa	k141_583322	107	800	-	blaOXA-490_1	63-756/762	.=======/======	3/4	90.81	81.61	resfinder	KU721147	blaOXA-490		blaOXA-490
SRR35815527	/home/user/ww_amr_batch/contigs/SRR35815527.contigs.fa	k141_588508	591	1343	-	blaOXA-464_1	10-762/762	===============	0/0	98.82	81.81	resfinder	KU721146	blaOXA-464		blaOXA-464
SRR35815527	/home/user/ww_amr_batch/contigs/SRR35815527.contigs.fa	k141_590658	480	1343	+	blaGES-5_1	1-864/864	===============	0/0	100.00	100.00	resfinder	DQ236171	blaGES-5	Amoxicillin;Amoxicillin+Clavulanic_acid;Ampicillin;Ampicillin+Clavulanic_acid;Cefoxitin;Ceftazidime;Piperacillin;Ticarcillin	blaGES-5
SRR35815527	/home/user/ww_amr_batch/contigs/SRR35815527.contigs.fa	k141_591185	8	1468	-	lsa(E)_1	1-1461/1485	===============	0/0	98.38	99.38	resfinder	JX560992	lsa(E)	Clindamycin;Dalfopristin;Lincomycin;Pristinamycin_IIA;Tiamulin;Virginiamycin_M	lsa(E)
SRR35815527	/home/user/ww_amr_batch/contigs/SRR35815527.contigs.fa	k141_592923	406	1140	+	erm(G)_1	1-735/735	===============	0/0	100.00	99.18	resfinder	M15332	erm(G)	Clindamycin;Erythromycin;Lincomycin;Pristinamycin_IA;Quinupristin;Virginiamycin_S	erm(G)
SRR35815527	/home/user/ww_amr_batch/contigs/SRR35815527.contigs.fa	k141_601784	1887	2711	-	blaOXA-211_1	1-825/825	===============	0/0	100.00	98.06	resfinder	JN861779	blaOXA-211	Amoxicillin;Amoxicillin+Clavulanic_acid;Ampicillin;Ampicillin+Clavulanic_acid	blaOXA-211
SRR35815527	/home/user/ww_amr_batch/contigs/SRR35815527.contigs.fa	k141_608263	458	1300	-	blaOXA-58_1	1-843/843	===============	0/0	100.00	100.00	resfinder	AY665723	blaOXA-58	Amoxicillin;Amoxicillin+Clavulanic_acid;Ampicillin;Ampicillin+Clavulanic_acid;Imipenem;Meropenem	blaOXA-58
SRR35815527	/home/user/ww_amr_batch/contigs/SRR35815527.contigs.fa	k141_643451	427	1278	+	blaBEL-1_1	1-852/852	===============	0/0	100.00	100.00	resfinder	DQ089809	blaBEL-1	Amoxicillin;Amoxicillin+Clavulanic_acid;Ampicillin;Ampicillin+Clavulanic_acid;Cefotaxime;Cefoxitin;Ceftazidime;Piperacillin;Piperacillin+Tazobactam;Ticarcillin;Ticarcillin+Clavulanic_acid	blaBEL-1
SRR35815527	/home/user/ww_amr_batch/contigs/SRR35815527.contigs.fa	k141_654952	1523	2013	-	ARR-3_4	53-543/543	.==============	0/0	90.42	99.39	resfinder	FM207631	ARR-3	Rifampicin	ARR-3
SRR35815527	/home/user/ww_amr_batch/contigs/SRR35815527.contigs.fa	k141_684119	146	951	+	aadA10_1	1-806/834	===============	0/0	96.64	99.63	resfinder	U37105	aadA10	Spectinomycin;Streptomycin	aadA10
SRR35815527	/home/user/ww_amr_batch/contigs/SRR35815527.contigs.fa	k141_684712	1	989	-	ere(A)_2	1-989/1227	=============..	0/0	80.60	99.19	resfinder	AF099140	ere(A)	Erythromycin	ere(A)
SRR35815527	/home/user/ww_amr_batch/contigs/SRR35815527.contigs.fa	k141_700330	1	586	+	erm(47)_1	111-696/741	..=============	0/0	79.08	98.12	resfinder	KU612222	erm(47)	Clindamycin;Erythromycin;Lincomycin;Pristinamycin_IA;Quinupristin;Virginiamycin_S	erm(47)
SRR35815527	/home/user/ww_amr_batch/contigs/SRR35815527.contigs.fa	k141_704395	515	1322	+	cfxA6_1	175-981/996	..======/======	3/5	80.82	85.93	resfinder	GQ342996	cfxA6		cfxA6
SRR35815527	/home/user/ww_amr_batch/contigs/SRR35815527.contigs.fa	k141_713998	2701	3585	-	mph(E)_1	1-885/885	===============	0/0	100.00	100.00	resfinder	DQ839391	mph(E)	Erythromycin	mph(E)
SRR35815527	/home/user/ww_amr_batch/contigs/SRR35815527.contigs.fa	k141_713998	3641	5116	-	msr(E)_1	1-1476/1476	===============	0/0	100.00	100.00	resfinder	FR751518	msr(E)	Azithromycin;Erythromycin;Pristinamycin_IA;Quinupristin;Virginiamycin_S	msr(E)
SRR35815527	/home/user/ww_amr_batch/contigs/SRR35815527.contigs.fa	k141_71746	576	2495	-	tet(32)_1	1-1920/1920	===============	0/0	100.00	99.27	resfinder	EU722333	tet(32)	Doxycycline;Minocycline;Tetracycline	tet(32)
SRR35815527	/home/user/ww_amr_batch/contigs/SRR35815527.contigs.fa	k141_730073	1449	2249	+	blaOXA-20_2	1-801/801	===============	0/0	100.00	100.00	resfinder	AF024602	blaOXA-20	Amoxicillin;Amoxicillin+Clavulanic_acid;Ampicillin;Ampicillin+Clavulanic_acid	blaOXA-20
SRR35815527	/home/user/ww_amr_batch/contigs/SRR35815527.contigs.fa	k141_736368	337	1554	-	mef(A)_4	1-1218/1218	===============	0/0	100.00	97.21	resfinder	HG423652	mef(A)	Azithromycin;Erythromycin	mef(A)
SRR35815527	/home/user/ww_amr_batch/contigs/SRR35815527.contigs.fa	k141_747366	194	712	-	aac(6')-31_1	1-519/519	===============	0/0	100.00	94.80	resfinder	AM283489	aac(6')-31	Amikacin;Gentamicin;Isepamicin;Kanamycin;Neomycin;Netilmicin;Sisomicin;Tobramycin	aac(6')-31
SRR35815527	/home/user/ww_amr_batch/contigs/SRR35815527.contigs.fa	k141_747366	860	1684	-	blaOXA-9_1	1-825/825	===============	0/0	100.00	99.88	resfinder	KQ089875	blaOXA-9	Amoxicillin;Ampicillin	blaOXA-9
SRR35815527	/home/user/ww_amr_batch/contigs/SRR35815527.contigs.fa	k141_749074	3248	4169	-	mph(A)_2	1-921/921	========/======	1/1	100.00	99.67	resfinder	U36578	mph(A)	Azithromycin;Erythromycin;Spiramycin;Telithromycin	mph(A)
SRR35815527	/home/user/ww_amr_batch/contigs/SRR35815527.contigs.fa	k141_750495	6	803	+	aadA13_1	1-798/798	===============	0/0	100.00	100.00	resfinder	AY713504	aadA13	Spectinomycin;Streptomycin	aadA13
SRR35815527	/home/user/ww_amr_batch/contigs/SRR35815527.contigs.fa	k141_757090	1793	2980	+	tet(39)_2	1-1188/1188	===============	0/0	100.00	99.92	resfinder	CP044518	tet(39)	Doxycycline;Tetracycline;Tigecycline	tet(39)
SRR35815527	/home/user/ww_amr_batch/contigs/SRR35815527.contigs.fa	k141_758060	1092	1575	-	aac(3)-Ia_1	51-534/534	.==============	0/0	90.64	97.73	resfinder	X15852	aac(3)-Ia	Astromicin;Fortimicin;Gentamicin	aac(3)-Ia
SRR35815527	/home/user/ww_amr_batch/contigs/SRR35815527.contigs.fa	k141_779401	252	734	+	dfrA14_5	1-483/483	===============	0/0	100.00	99.59	resfinder	DQ388123	dfrA14	Trimethoprim	dfrA14
SRR35815527	/home/user/ww_amr_batch/contigs/SRR35815527.contigs.fa	k141_780684	2552	3468	+	blaCMY-65_1	1-917/1146	=============..	0/0	80.02	98.69	resfinder	JF780936	blaCMY-65	Amoxicillin;Amoxicillin+Clavulanic_acid;Ampicillin;Ampicillin+Clavulanic_acid;Cefotaxime;Cefoxitin;Ceftazidime;Piperacillin;Piperacillin+Tazobactam;Ticarcillin;Ticarcillin+Clavulanic_acid	blaCMY-65
SRR35815527	/home/user/ww_amr_batch/contigs/SRR35815527.contigs.fa	k141_814228	1221	2329	-	blaCMY-8b_1	39-1144/1149	========/======	1/3	96.26	82.51	resfinder	DQ094251	blaCMY-8b	Amoxicillin;Amoxicillin+Clavulanic_acid;Ampicillin;Ampicillin+Clavulanic_acid;Cefotaxime;Cefoxitin;Ceftazidime;Piperacillin;Piperacillin+Tazobactam;Ticarcillin;Ticarcillin+Clavulanic_acid	blaCMY-8b
SRR35815527	/home/user/ww_amr_batch/contigs/SRR35815527.contigs.fa	k141_823237	1	646	+	erm(G)_1	90-735/735	.==============	0/0	87.89	95.97	resfinder	M15332	erm(G)	Clindamycin;Erythromycin;Lincomycin;Pristinamycin_IA;Quinupristin;Virginiamycin_S	erm(G)
SRR35815527	/home/user/ww_amr_batch/contigs/SRR35815527.contigs.fa	k141_830527	6226	6954	-	blaOXA-209_1	1-729/825	========/=====.	4/8	87.88	83.63	resfinder	JF268688	blaOXA-209		blaOXA-209
SRR35815527	/home/user/ww_amr_batch/contigs/SRR35815527.contigs.fa	k141_833778	983	1519	+	catS_1	1-537/537	===============	0/0	100.00	98.70	resfinder	X74948	catS	Chloramphenicol	catS
SRR35815527	/home/user/ww_amr_batch/contigs/SRR35815527.contigs.fa	k141_839917	18	521	+	blaNPS_1	1-504/783	==========.....	0/0	64.37	95.24	resfinder	AY027589	blaNPS	Amoxicillin;Ampicillin	blaNPS
SRR35815527	/home/user/ww_amr_batch/contigs/SRR35815527.contigs.fa	k141_876219	562	1218	-	qnrVC4_1	1-657/657	===============	0/0	100.00	100.00	resfinder	GQ891757	qnrVC4	Ciprofloxacin	qnrVC4
SRR35815527	/home/user/ww_amr_batch/contigs/SRR35815527.contigs.fa	k141_876769	20	835	+	sul2_2	1-816/816	===============	0/0	100.00	100.00	resfinder	AY034138	sul2	Sulfamethoxazole	sul2
SRR35815527	/home/user/ww_amr_batch/contigs/SRR35815527.contigs.fa	k141_896853	3	542	-	catQ_1	1-540/660	=============..	0/0	81.82	98.52	resfinder	M55620	catQ	Chloramphenicol	catQ
SRR35815527	/home/user/ww_amr_batch/contigs/SRR35815527.contigs.fa	k141_931089	1	1582	+	tet(Q)_1	345-1926/1926	..=============	0/0	82.14	90.01	resfinder	L33696	tet(Q)	Doxycycline;Minocycline;Tetracycline	tet(Q)
SRR35815527	/home/user/ww_amr_batch/contigs/SRR35815527.contigs.fa	k141_937004	462	1775	+	CmlA7_1	1-1314/1314	===============	0/0	100.00	100.00	resfinder	JQ639792	CmlA7	Chloramphenicol	CmlA7
SRR35815527	/home/user/ww_amr_batch/contigs/SRR35815527.contigs.fa	k141_946933	22	822	+	blaOXA-10_1	1-801/801	===============	0/0	100.00	100.00	resfinder	J03427	blaOXA-10	Amoxicillin;Ampicillin;Aztreonam;Piperacillin;Piperacillin+Tazobactam	blaOXA-10
SRR35815527	/home/user/ww_amr_batch/contigs/SRR35815527.contigs.fa	k141_953039	1	806	-	cfxA6_1	1-807/996	========/====..	1/1	80.92	99.50	resfinder	GQ342996	cfxA6		cfxA6
SRR35815527	/home/user/ww_amr_batch/contigs/SRR35815527.contigs.fa	k141_959214	264	896	+	catB3_2	1-633/633	===============	0/0	100.00	100.00	resfinder	U13880	catB3	Chloramphenicol	catB3
SRR35815527	/home/user/ww_amr_batch/contigs/SRR35815527.contigs.fa	k141_973310	57	717	-	blaOXA-101_1	141-801/801	..=============	0/0	82.52	100.00	resfinder	AM412777	blaOXA-101	Amoxicillin;Ampicillin	blaOXA-101
SRR35815527	/home/user/ww_amr_batch/contigs/SRR35815527.contigs.fa	k141_977977	1	641	-	aadA1_5	67-707/792	.=============.	0/0	80.93	100.00	resfinder	JX185132	aadA1	Spectinomycin;Streptomycin	aadA1
SRR35815527	/home/user/ww_amr_batch/contigs/SRR35815527.contigs.fa	k141_981636	2052	2504	+	ARR-8_1	1-453/453	===============	0/0	100.00	99.56	resfinder	KC199968	ARR-8	Rifampicin	ARR-8
SRR35815527	/home/user/ww_amr_batch/contigs/SRR35815527.contigs.fa	k141_986668	170	973	+	lnu(B)_2	1-804/804	===============	0/0	100.00	98.76	resfinder	JQ861959	lnu(B)	Clindamycin;Lincomycin	lnu(B)
SRR35815527	/home/user/ww_amr_batch/contigs/SRR35815527.contigs.fa	k141_987431	52	569	-	aadA11_2	1-518/792	==========.....	0/0	65.40	98.46	resfinder	AJ567827	aadA11	Spectinomycin;Streptomycin	aadA11
SRR35815527	/home/user/ww_amr_batch/contigs/SRR35815527.contigs.fa	k141_990384	1	516	+	ant(2'')-Ia_1	19-534/534	===============	0/0	96.63	98.64	resfinder	X04555	ant(2'')-Ia	Gentamicin;Tobramycin	ant(2'')-Ia
SRR35815529	/home/user/ww_amr_batch/contigs/SRR35815529.contigs.fa	k141_160274	219	1019	-	erm(F)_3	1-801/801	===============	0/0	100.00	98.88	resfinder	M17808	erm(F)	Clindamycin;Erythromycin;Lincomycin;Pristinamycin_IA;Quinupristin;Virginiamycin_S	erm(F)
SRR35815529	/home/user/ww_amr_batch/contigs/SRR35815529.contigs.fa	k141_290152	1	703	+	tet(X)_1	23-725/1167	==========.....	0/0	60.24	99.43	resfinder	GU014535	tet(X)	Doxycycline;Minocycline;Tetracycline;Tigecycline	tet(X)
SRR35815529	/home/user/ww_amr_batch/contigs/SRR35815529.contigs.fa	k141_309511	1109	1837	-	blaOXA-209_1	1-729/825	========/=====.	4/8	87.88	83.63	resfinder	JF268688	blaOXA-209		blaOXA-209
